type,queueSize,generated,collected,elapsedInMicros,retryOnFull
MutexBased,100,1000,1000,440,1
MutexBased,100,1000,279,194,0
MutexBased,200,1000,1000,253,1
MutexBased,200,1000,897,321,0
MutexBased,300,1000,1000,361,1
MutexBased,300,1000,1000,444,0
MutexBased,400,1000,1000,452,1
MutexBased,400,1000,1000,297,0
MutexBased,500,1000,1000,351,1
MutexBased,500,1000,1000,201,0
MutexBased,600,1000,1000,161,1
MutexBased,600,1000,985,148,0
MutexBased,700,1000,1000,727,1
MutexBased,700,1000,1000,308,0
MutexBased,800,1000,1000,362,1
MutexBased,800,1000,1000,125,0
MutexBased,900,1000,1000,325,1
MutexBased,900,1000,1000,407,0
MutexBased,1000,1000,1000,248,1
MutexBased,1000,1000,1000,242,0
MutexBased,1100,1000,1000,365,1
MutexBased,1100,1000,1000,340,0
MutexBased,1200,1000,1000,258,1
MutexBased,1200,1000,1000,350,0
MutexBased,1300,1000,1000,295,1
MutexBased,1300,1000,1000,402,0
MutexBased,1400,1000,1000,283,1
MutexBased,1400,1000,1000,177,0
MutexBased,1500,1000,1000,518,1
MutexBased,1500,1000,1000,364,0
MutexBased,1600,1000,1000,218,1
MutexBased,1600,1000,1000,390,0
MutexBased,1700,1000,1000,395,1
MutexBased,1700,1000,1000,190,0
MutexBased,1800,1000,1000,338,1
MutexBased,1800,1000,1000,274,0
MutexBased,1900,1000,1000,218,1
MutexBased,1900,1000,1000,412,0
MutexBased,2000,1000,1000,205,1
MutexBased,2000,1000,1000,396,0
MutexBased,100,2000,2000,637,1
MutexBased,100,2000,1026,395,0
MutexBased,200,2000,2000,575,1
MutexBased,200,2000,1697,566,0
MutexBased,300,2000,2000,417,1
MutexBased,300,2000,2000,665,0
MutexBased,400,2000,2000,433,1
MutexBased,400,2000,504,132,0
MutexBased,500,2000,2000,396,1
MutexBased,500,2000,1414,311,0
MutexBased,600,2000,2000,367,1
MutexBased,600,2000,599,140,0
MutexBased,700,2000,2000,451,1
MutexBased,700,2000,2000,482,0
MutexBased,800,2000,2000,524,1
MutexBased,800,2000,2000,380,0
MutexBased,900,2000,2000,425,1
MutexBased,900,2000,1838,365,0
MutexBased,1000,2000,2000,322,1
MutexBased,1000,2000,2000,610,0
MutexBased,1100,2000,2000,350,1
MutexBased,1100,2000,2000,668,0
MutexBased,1200,2000,2000,569,1
MutexBased,1200,2000,1778,379,0
MutexBased,1300,2000,2000,617,1
MutexBased,1300,2000,2000,439,0
MutexBased,1400,2000,2000,407,1
MutexBased,1400,2000,2000,472,0
MutexBased,1500,2000,2000,299,1
MutexBased,1500,2000,2000,433,0
MutexBased,1600,2000,2000,368,1
MutexBased,1600,2000,2000,269,0
MutexBased,1700,2000,2000,503,1
MutexBased,1700,2000,2000,363,0
MutexBased,1800,2000,2000,680,1
MutexBased,1800,2000,2000,655,0
MutexBased,1900,2000,2000,311,1
MutexBased,1900,2000,2000,679,0
MutexBased,2000,2000,2000,375,1
MutexBased,2000,2000,2000,652,0
MutexBased,100,3000,3000,656,1
MutexBased,100,3000,1932,498,0
MutexBased,200,3000,3000,557,1
MutexBased,200,3000,2799,686,0
MutexBased,300,3000,3000,533,1
MutexBased,300,3000,2866,668,0
MutexBased,400,3000,3000,737,1
MutexBased,400,3000,1635,366,0
MutexBased,500,3000,3000,822,1
MutexBased,500,3000,1877,473,0
MutexBased,600,3000,3000,756,1
MutexBased,600,3000,3000,1337,0
MutexBased,700,3000,3000,759,1
MutexBased,700,3000,2522,833,0
MutexBased,800,3000,3000,516,1
MutexBased,800,3000,3000,770,0
MutexBased,900,3000,3000,572,1
MutexBased,900,3000,3000,526,0
MutexBased,1000,3000,3000,832,1
MutexBased,1000,3000,2008,383,0
MutexBased,1100,3000,3000,654,1
MutexBased,1100,3000,1597,244,0
MutexBased,1200,3000,3000,765,1
MutexBased,1200,3000,3000,575,0
MutexBased,1300,3000,3000,489,1
MutexBased,1300,3000,3000,596,0
MutexBased,1400,3000,3000,446,1
MutexBased,1400,3000,3000,576,0
MutexBased,1500,3000,3000,690,1
MutexBased,1500,3000,3000,826,0
MutexBased,1600,3000,3000,544,1
MutexBased,1600,3000,3000,809,0
MutexBased,1700,3000,3000,366,1
MutexBased,1700,3000,2185,466,0
MutexBased,1800,3000,3000,581,1
MutexBased,1800,3000,2277,399,0
MutexBased,1900,3000,3000,638,1
MutexBased,1900,3000,3000,1194,0
MutexBased,2000,3000,3000,648,1
MutexBased,2000,3000,3000,627,0
MutexBased,100,4000,4000,897,1
MutexBased,100,4000,1300,348,0
MutexBased,200,4000,4000,853,1
MutexBased,200,4000,3946,684,0
MutexBased,300,4000,4000,1050,1
MutexBased,300,4000,1947,500,0
MutexBased,400,4000,4000,838,1
MutexBased,400,4000,2484,591,0
MutexBased,500,4000,4000,1163,1
MutexBased,500,4000,4000,1126,0
MutexBased,600,4000,4000,940,1
MutexBased,600,4000,3055,538,0
MutexBased,700,4000,4000,1181,1
MutexBased,700,4000,3355,730,0
MutexBased,800,4000,4000,646,1
MutexBased,800,4000,3461,592,0
MutexBased,900,4000,4000,796,1
MutexBased,900,4000,4000,1141,0
MutexBased,1000,4000,4000,845,1
MutexBased,1000,4000,4000,1137,0
MutexBased,1100,4000,4000,731,1
MutexBased,1100,4000,4000,723,0
MutexBased,1200,4000,4000,568,1
MutexBased,1200,4000,1199,193,0
MutexBased,1300,4000,4000,967,1
MutexBased,1300,4000,4000,672,0
MutexBased,1400,4000,4000,766,1
MutexBased,1400,4000,4000,629,0
MutexBased,1500,4000,4000,695,1
MutexBased,1500,4000,4000,2091,0
MutexBased,1600,4000,4000,1227,1
MutexBased,1600,4000,4000,1016,0
MutexBased,1700,4000,4000,803,1
MutexBased,1700,4000,4000,1105,0
MutexBased,1800,4000,4000,1228,1
MutexBased,1800,4000,4000,808,0
MutexBased,1900,4000,4000,877,1
MutexBased,1900,4000,4000,823,0
MutexBased,2000,4000,4000,944,1
MutexBased,2000,4000,3760,663,0
MutexBased,100,5000,5000,1133,1
MutexBased,100,5000,3666,888,0
MutexBased,200,5000,5000,1272,1
MutexBased,200,5000,1004,411,0
MutexBased,300,5000,5000,1266,1
MutexBased,300,5000,2771,681,0
MutexBased,400,5000,5000,1157,1
MutexBased,400,5000,5000,1435,0
MutexBased,500,5000,5000,1085,1
MutexBased,500,5000,4800,1072,0
MutexBased,600,5000,5000,1005,1
MutexBased,600,5000,1202,337,0
MutexBased,700,5000,5000,1747,1
MutexBased,700,5000,3349,683,0
MutexBased,800,5000,5000,796,1
MutexBased,800,5000,3764,826,0
MutexBased,900,5000,5000,1019,1
MutexBased,900,5000,3358,638,0
MutexBased,1000,5000,5000,910,1
MutexBased,1000,5000,5000,941,0
MutexBased,1100,5000,5000,822,1
MutexBased,1100,5000,5000,1355,0
MutexBased,1200,5000,5000,1118,1
MutexBased,1200,5000,4400,588,0
MutexBased,1300,5000,5000,1097,1
MutexBased,1300,5000,5000,854,0
MutexBased,1400,5000,5000,1406,1
MutexBased,1400,5000,5000,1138,0
MutexBased,1500,5000,5000,856,1
MutexBased,1500,5000,3287,610,0
MutexBased,1600,5000,5000,894,1
MutexBased,1600,5000,3721,737,0
MutexBased,1700,5000,5000,1134,1
MutexBased,1700,5000,5000,784,0
MutexBased,1800,5000,5000,739,1
MutexBased,1800,5000,3265,389,0
MutexBased,1900,5000,5000,905,1
MutexBased,1900,5000,2144,263,0
MutexBased,2000,5000,5000,1215,1
MutexBased,2000,5000,5000,812,0
MutexBased,100,6000,6000,1066,1
MutexBased,100,6000,4969,957,0
MutexBased,200,6000,6000,920,1
MutexBased,200,6000,199,167,0
MutexBased,300,6000,6000,1043,1
MutexBased,300,6000,5745,1197,0
MutexBased,400,6000,6000,1211,1
MutexBased,400,6000,5218,879,0
MutexBased,500,6000,6000,1389,1
MutexBased,500,6000,4773,1005,0
MutexBased,600,6000,6000,1417,1
MutexBased,600,6000,5615,824,0
MutexBased,700,6000,6000,1004,1
MutexBased,700,6000,6000,1196,0
MutexBased,800,6000,6000,991,1
MutexBased,800,6000,1769,331,0
MutexBased,900,6000,6000,1241,1
MutexBased,900,6000,4218,776,0
MutexBased,1000,6000,6000,998,1
MutexBased,1000,6000,6000,894,0
MutexBased,1100,6000,6000,1257,1
MutexBased,1100,6000,5584,716,0
MutexBased,1200,6000,6000,942,1
MutexBased,1200,6000,4300,693,0
MutexBased,1300,6000,6000,924,1
MutexBased,1300,6000,3198,483,0
MutexBased,1400,6000,6000,1257,1
MutexBased,1400,6000,4134,942,0
MutexBased,1500,6000,6000,1079,1
MutexBased,1500,6000,4955,699,0
MutexBased,1600,6000,6000,927,1
MutexBased,1600,6000,6000,1353,0
MutexBased,1700,6000,6000,1128,1
MutexBased,1700,6000,6000,782,0
MutexBased,1800,6000,6000,1463,1
MutexBased,1800,6000,6000,1432,0
MutexBased,1900,6000,6000,1023,1
MutexBased,1900,6000,6000,956,0
MutexBased,2000,6000,6000,1656,1
MutexBased,2000,6000,6000,1407,0
MutexBased,100,7000,7000,1763,1
MutexBased,100,7000,5110,1418,0
MutexBased,200,7000,7000,1240,1
MutexBased,200,7000,2738,625,0
MutexBased,300,7000,7000,1225,1
MutexBased,300,7000,6972,1481,0
MutexBased,400,7000,7000,1282,1
MutexBased,400,7000,6321,1388,0
MutexBased,500,7000,7000,1721,1
MutexBased,500,7000,6284,2740,0
MutexBased,600,7000,7000,1192,1
MutexBased,600,7000,7000,1207,0
MutexBased,700,7000,7000,2429,1
MutexBased,700,7000,4821,1178,0
MutexBased,800,7000,7000,1647,1
MutexBased,800,7000,6143,1093,0
MutexBased,900,7000,7000,1540,1
MutexBased,900,7000,7000,1572,0
MutexBased,1000,7000,7000,1346,1
MutexBased,1000,7000,7000,1154,0
MutexBased,1100,7000,7000,1042,1
MutexBased,1100,7000,5855,1285,0
MutexBased,1200,7000,7000,1140,1
MutexBased,1200,7000,1199,244,0
MutexBased,1300,7000,7000,1313,1
MutexBased,1300,7000,7000,1711,0
MutexBased,1400,7000,7000,1337,1
MutexBased,1400,7000,7000,1228,0
MutexBased,1500,7000,7000,1171,1
MutexBased,1500,7000,7000,1547,0
MutexBased,1600,7000,7000,1010,1
MutexBased,1600,7000,7000,1115,0
MutexBased,1700,7000,7000,1842,1
MutexBased,1700,7000,6600,879,0
MutexBased,1800,7000,7000,1714,1
MutexBased,1800,7000,4918,941,0
MutexBased,1900,7000,7000,952,1
MutexBased,1900,7000,7000,1021,0
MutexBased,2000,7000,7000,1231,1
MutexBased,2000,7000,7000,1698,0
MutexBased,100,8000,8000,1597,1
MutexBased,100,8000,6767,1469,0
MutexBased,200,8000,8000,1523,1
MutexBased,200,8000,7254,1341,0
MutexBased,300,8000,8000,1394,1
MutexBased,300,8000,7600,1496,0
MutexBased,400,8000,8000,1552,1
MutexBased,400,8000,7488,1316,0
MutexBased,500,8000,8000,1925,1
MutexBased,500,8000,6796,1048,0
MutexBased,600,8000,8000,1864,1
MutexBased,600,8000,7817,1205,0
MutexBased,700,8000,8000,1591,1
MutexBased,700,8000,8000,1558,0
MutexBased,800,8000,8000,1976,1
MutexBased,800,8000,7934,1354,0
MutexBased,900,8000,8000,1166,1
MutexBased,900,8000,6707,898,0
MutexBased,1000,8000,8000,1215,1
MutexBased,1000,8000,8000,1256,0
MutexBased,1100,8000,8000,1230,1
MutexBased,1100,8000,8000,2042,0
MutexBased,1200,8000,8000,1177,1
MutexBased,1200,8000,4140,659,0
MutexBased,1300,8000,8000,1771,1
MutexBased,1300,8000,1731,394,0
MutexBased,1400,8000,8000,1214,1
MutexBased,1400,8000,8000,1734,0
MutexBased,1500,8000,8000,1336,1
MutexBased,1500,8000,3243,579,0
MutexBased,1600,8000,8000,1341,1
MutexBased,1600,8000,5315,964,0
MutexBased,1700,8000,8000,1426,1
MutexBased,1700,8000,8000,1034,0
MutexBased,1800,8000,8000,1839,1
MutexBased,1800,8000,7425,1130,0
MutexBased,1900,8000,8000,1746,1
MutexBased,1900,8000,7339,931,0
MutexBased,2000,8000,8000,1311,1
MutexBased,2000,8000,8000,1221,0
MutexBased,100,9000,9000,1661,1
MutexBased,100,9000,6814,1655,0
MutexBased,200,9000,9000,1404,1
MutexBased,200,9000,2899,1072,0
MutexBased,300,9000,9000,2272,1
MutexBased,300,9000,5755,1162,0
MutexBased,400,9000,9000,1315,1
MutexBased,400,9000,9000,1784,0
MutexBased,500,9000,9000,2653,1
MutexBased,500,9000,6541,1179,0
MutexBased,600,9000,9000,1999,1
MutexBased,600,9000,9000,1444,0
MutexBased,700,9000,9000,1626,1
MutexBased,700,9000,8920,1451,0
MutexBased,800,9000,9000,1520,1
MutexBased,800,9000,9000,1861,0
MutexBased,900,9000,9000,1307,1
MutexBased,900,9000,8992,1408,0
MutexBased,1000,9000,9000,1886,1
MutexBased,1000,9000,8282,1684,0
MutexBased,1100,9000,9000,1662,1
MutexBased,1100,9000,9000,1603,0
MutexBased,1200,9000,9000,1512,1
MutexBased,1200,9000,9000,1606,0
MutexBased,1300,9000,9000,1298,1
MutexBased,1300,9000,8672,1206,0
MutexBased,1400,9000,9000,1472,1
MutexBased,1400,9000,4515,912,0
MutexBased,1500,9000,9000,1508,1
MutexBased,1500,9000,5876,1304,0
MutexBased,1600,9000,9000,2272,1
MutexBased,1600,9000,8762,1385,0
MutexBased,1700,9000,9000,1041,1
MutexBased,1700,9000,5919,1129,0
MutexBased,1800,9000,9000,1692,1
MutexBased,1800,9000,8897,1634,0
MutexBased,1900,9000,9000,1382,1
MutexBased,1900,9000,9000,1391,0
MutexBased,2000,9000,9000,1567,1
MutexBased,2000,9000,9000,2317,0
MutexBased,100,10000,10000,2457,1
MutexBased,100,10000,6309,1614,0
MutexBased,200,10000,10000,1843,1
MutexBased,200,10000,9416,1617,0
MutexBased,300,10000,10000,1828,1
MutexBased,300,10000,8439,1497,0
MutexBased,400,10000,10000,1972,1
MutexBased,400,10000,8455,1571,0
MutexBased,500,10000,10000,1533,1
MutexBased,500,10000,10000,1646,0
MutexBased,600,10000,10000,2602,1
MutexBased,600,10000,8457,1402,0
MutexBased,700,10000,10000,1635,1
MutexBased,700,10000,2620,611,0
MutexBased,800,10000,10000,1525,1
MutexBased,800,10000,10000,2085,0
MutexBased,900,10000,10000,1421,1
MutexBased,900,10000,8464,1283,0
MutexBased,1000,10000,10000,1569,1
MutexBased,1000,10000,10000,1648,0
MutexBased,1100,10000,10000,1586,1
MutexBased,1100,10000,3687,1365,0
MutexBased,1200,10000,10000,1843,1
MutexBased,1200,10000,6261,1278,0
MutexBased,1300,10000,10000,1407,1
MutexBased,1300,10000,10000,1432,0
MutexBased,1400,10000,10000,1665,1
MutexBased,1400,10000,10000,1905,0
MutexBased,1500,10000,10000,1649,1
MutexBased,1500,10000,9401,1384,0
MutexBased,1600,10000,10000,1653,1
MutexBased,1600,10000,8644,1290,0
MutexBased,1700,10000,10000,2163,1
MutexBased,1700,10000,8620,1234,0
MutexBased,1800,10000,10000,1735,1
MutexBased,1800,10000,10000,1673,0
MutexBased,1900,10000,10000,1734,1
MutexBased,1900,10000,10000,1508,0
MutexBased,2000,10000,10000,1471,1
MutexBased,2000,10000,10000,2124,0
MutexBased,100,11000,11000,2259,1
MutexBased,100,11000,6559,1263,0
MutexBased,200,11000,11000,2677,1
MutexBased,200,11000,9859,1778,0
MutexBased,300,11000,11000,1816,1
MutexBased,300,11000,9280,1958,0
MutexBased,400,11000,11000,2573,1
MutexBased,400,11000,9375,1868,0
MutexBased,500,11000,11000,1835,1
MutexBased,500,11000,10294,1675,0
MutexBased,600,11000,11000,1794,1
MutexBased,600,11000,10633,2291,0
MutexBased,700,11000,11000,2443,1
MutexBased,700,11000,8631,1777,0
MutexBased,800,11000,11000,1766,1
MutexBased,800,11000,10630,1671,0
MutexBased,900,11000,11000,1624,1
MutexBased,900,11000,5366,847,0
MutexBased,1000,11000,11000,1785,1
MutexBased,1000,11000,10892,1782,0
MutexBased,1100,11000,11000,2652,1
MutexBased,1100,11000,11000,2045,0
MutexBased,1200,11000,11000,1785,1
MutexBased,1200,11000,11000,1933,0
MutexBased,1300,11000,11000,1539,1
MutexBased,1300,11000,8088,1107,0
MutexBased,1400,11000,11000,1805,1
MutexBased,1400,11000,11000,1776,0
MutexBased,1500,11000,11000,1612,1
MutexBased,1500,11000,1940,450,0
MutexBased,1600,11000,11000,2216,1
MutexBased,1600,11000,6409,1120,0
MutexBased,1700,11000,11000,1563,1
MutexBased,1700,11000,9371,1115,0
MutexBased,1800,11000,11000,1728,1
MutexBased,1800,11000,11000,2289,0
MutexBased,1900,11000,11000,1601,1
MutexBased,1900,11000,7163,1207,0
MutexBased,2000,11000,11000,1636,1
MutexBased,2000,11000,11000,2007,0
MutexBased,100,12000,12000,2949,1
MutexBased,100,12000,7405,1561,0
MutexBased,200,12000,12000,2046,1
MutexBased,200,12000,11803,2469,0
MutexBased,300,12000,12000,2187,1
MutexBased,300,12000,11366,2050,0
MutexBased,400,12000,12000,2667,1
MutexBased,400,12000,11022,1950,0
MutexBased,500,12000,12000,2927,1
MutexBased,500,12000,10694,1808,0
MutexBased,600,12000,12000,2255,1
MutexBased,600,12000,10928,1790,0
MutexBased,700,12000,12000,2299,1
MutexBased,700,12000,11451,1853,0
MutexBased,800,12000,12000,2074,1
MutexBased,800,12000,10727,1675,0
MutexBased,900,12000,12000,1776,1
MutexBased,900,12000,6714,1610,0
MutexBased,1000,12000,12000,2474,1
MutexBased,1000,12000,12000,2249,0
MutexBased,1100,12000,12000,1908,1
MutexBased,1100,12000,12000,1887,0
MutexBased,1200,12000,12000,1738,1
MutexBased,1200,12000,11557,1731,0
MutexBased,1300,12000,12000,1569,1
MutexBased,1300,12000,10268,1396,0
MutexBased,1400,12000,12000,2203,1
MutexBased,1400,12000,12000,2253,0
MutexBased,1500,12000,12000,2009,1
MutexBased,1500,12000,10547,1656,0
MutexBased,1600,12000,12000,1738,1
MutexBased,1600,12000,10983,2092,0
MutexBased,1700,12000,12000,1946,1
MutexBased,1700,12000,12000,2260,0
MutexBased,1800,12000,12000,2010,1
MutexBased,1800,12000,4732,638,0
MutexBased,1900,12000,12000,2212,1
MutexBased,1900,12000,12000,1982,0
MutexBased,2000,12000,12000,2224,1
MutexBased,2000,12000,12000,1785,0
MutexBased,100,13000,13000,2225,1
MutexBased,100,13000,11180,2228,0
MutexBased,200,13000,13000,2246,1
MutexBased,200,13000,6802,1335,0
MutexBased,300,13000,13000,2921,1
MutexBased,300,13000,10807,2142,0
MutexBased,400,13000,13000,2382,1
MutexBased,400,13000,10572,2360,0
MutexBased,500,13000,13000,2218,1
MutexBased,500,13000,11718,1857,0
MutexBased,600,13000,13000,2097,1
MutexBased,600,13000,12999,2005,0
MutexBased,700,13000,13000,2027,1
MutexBased,700,13000,1881,378,0
MutexBased,800,13000,13000,5798,1
MutexBased,800,13000,8917,2100,0
MutexBased,900,13000,13000,2884,1
MutexBased,900,13000,11517,2105,0
MutexBased,1000,13000,13000,2685,1
MutexBased,1000,13000,6965,1567,0
MutexBased,1100,13000,13000,2517,1
MutexBased,1100,13000,13000,2925,0
MutexBased,1200,13000,13000,1790,1
MutexBased,1200,13000,12306,1772,0
MutexBased,1300,13000,13000,1881,1
MutexBased,1300,13000,13000,1766,0
MutexBased,1400,13000,13000,1880,1
MutexBased,1400,13000,1399,465,0
MutexBased,1500,13000,13000,2398,1
MutexBased,1500,13000,13000,2265,0
MutexBased,1600,13000,13000,1773,1
MutexBased,1600,13000,13000,2161,0
MutexBased,1700,13000,13000,2158,1
MutexBased,1700,13000,12706,1633,0
MutexBased,1800,13000,13000,2228,1
MutexBased,1800,13000,5077,1249,0
MutexBased,1900,13000,13000,2532,1
MutexBased,1900,13000,12613,1822,0
MutexBased,2000,13000,13000,2197,1
MutexBased,2000,13000,13000,1759,0
MutexBased,100,14000,14000,2572,1
MutexBased,100,14000,10639,1950,0
MutexBased,200,14000,14000,2580,1
MutexBased,200,14000,11273,2120,0
MutexBased,300,14000,14000,2402,1
MutexBased,300,14000,11019,2043,0
MutexBased,400,14000,14000,2294,1
MutexBased,400,14000,13906,2289,0
MutexBased,500,14000,14000,2518,1
MutexBased,500,14000,11398,1712,0
MutexBased,600,14000,14000,2464,1
MutexBased,600,14000,11972,1802,0
MutexBased,700,14000,14000,3084,1
MutexBased,700,14000,13851,2324,0
MutexBased,800,14000,14000,2247,1
MutexBased,800,14000,12528,2144,0
MutexBased,900,14000,14000,2086,1
MutexBased,900,14000,14000,1943,0
MutexBased,1000,14000,14000,2623,1
MutexBased,1000,14000,9169,1908,0
MutexBased,1100,14000,14000,2141,1
MutexBased,1100,14000,7538,1488,0
MutexBased,1200,14000,14000,2059,1
MutexBased,1200,14000,14000,2292,0
MutexBased,1300,14000,14000,2231,1
MutexBased,1300,14000,14000,1951,0
MutexBased,1400,14000,14000,2705,1
MutexBased,1400,14000,14000,2293,0
MutexBased,1500,14000,14000,2850,1
MutexBased,1500,14000,5115,1026,0
MutexBased,1600,14000,14000,2313,1
MutexBased,1600,14000,13839,1992,0
MutexBased,1700,14000,14000,2339,1
MutexBased,1700,14000,14000,2787,0
MutexBased,1800,14000,14000,2152,1
MutexBased,1800,14000,13355,2699,0
MutexBased,1900,14000,14000,2105,1
MutexBased,1900,14000,14000,2340,0
MutexBased,2000,14000,14000,1920,1
MutexBased,2000,14000,13807,1931,0
MutexBased,100,15000,15000,2740,1
MutexBased,100,15000,8168,1595,0
MutexBased,200,15000,15000,2541,1
MutexBased,200,15000,12748,2359,0
MutexBased,300,15000,15000,2714,1
MutexBased,300,15000,12991,2295,0
MutexBased,400,15000,15000,2791,1
MutexBased,400,15000,14744,2544,0
MutexBased,500,15000,15000,2449,1
MutexBased,500,15000,13526,2080,0
MutexBased,600,15000,15000,3175,1
MutexBased,600,15000,14289,2371,0
MutexBased,700,15000,15000,2495,1
MutexBased,700,15000,14162,2387,0
MutexBased,800,15000,15000,2932,1
MutexBased,800,15000,15000,2416,0
MutexBased,900,15000,15000,2507,1
MutexBased,900,15000,8364,1758,0
MutexBased,1000,15000,15000,2394,1
MutexBased,1000,15000,15000,2347,0
MutexBased,1100,15000,15000,2482,1
MutexBased,1100,15000,14786,2080,0
MutexBased,1200,15000,15000,2298,1
MutexBased,1200,15000,14593,2699,0
MutexBased,1300,15000,15000,3080,1
MutexBased,1300,15000,13799,1802,0
MutexBased,1400,15000,15000,2124,1
MutexBased,1400,15000,15000,2352,0
MutexBased,1500,15000,15000,2289,1
MutexBased,1500,15000,14397,2239,0
MutexBased,1600,15000,15000,2348,1
MutexBased,1600,15000,11874,1704,0
MutexBased,1700,15000,15000,2569,1
MutexBased,1700,15000,14898,2314,0
MutexBased,1800,15000,15000,2317,1
MutexBased,1800,15000,13119,1959,0
MutexBased,1900,15000,15000,2447,1
MutexBased,1900,15000,11438,2265,0
MutexBased,2000,15000,15000,2113,1
MutexBased,2000,15000,7900,1423,0
MutexBased,100,16000,16000,3834,1
MutexBased,100,16000,6765,1992,0
MutexBased,200,16000,16000,2507,1
MutexBased,200,16000,10441,1594,0
MutexBased,300,16000,16000,3284,1
MutexBased,300,16000,10320,3349,0
MutexBased,400,16000,16000,2713,1
MutexBased,400,16000,14211,2176,0
MutexBased,500,16000,16000,2235,1
MutexBased,500,16000,10978,1569,0
MutexBased,600,16000,16000,3306,1
MutexBased,600,16000,13971,3014,0
MutexBased,700,16000,16000,3267,1
MutexBased,700,16000,11599,1899,0
MutexBased,800,16000,16000,2316,1
MutexBased,800,16000,15586,2527,0
MutexBased,900,16000,16000,2137,1
MutexBased,900,16000,14598,2141,0
MutexBased,1000,16000,16000,2580,1
MutexBased,1000,16000,4351,1329,0
MutexBased,1100,16000,16000,2664,1
MutexBased,1100,16000,5372,1267,0
MutexBased,1200,16000,16000,2735,1
MutexBased,1200,16000,4046,807,0
MutexBased,1300,16000,16000,2376,1
MutexBased,1300,16000,15161,2386,0
MutexBased,1400,16000,16000,2397,1
MutexBased,1400,16000,5108,1038,0
MutexBased,1500,16000,16000,3014,1
MutexBased,1500,16000,13713,2142,0
MutexBased,1600,16000,16000,3328,1
MutexBased,1600,16000,12921,2115,0
MutexBased,1700,16000,16000,2124,1
MutexBased,1700,16000,6317,1296,0
MutexBased,1800,16000,16000,3146,1
MutexBased,1800,16000,16000,2946,0
MutexBased,1900,16000,16000,2236,1
MutexBased,1900,16000,16000,2207,0
MutexBased,2000,16000,16000,2459,1
MutexBased,2000,16000,16000,2752,0
MutexBased,100,17000,17000,3030,1
MutexBased,100,17000,13836,3307,0
MutexBased,200,17000,17000,3115,1
MutexBased,200,17000,14385,2360,0
MutexBased,300,17000,17000,3089,1
MutexBased,300,17000,15086,2923,0
MutexBased,400,17000,17000,3212,1
MutexBased,400,17000,12831,2324,0
MutexBased,500,17000,17000,3329,1
MutexBased,500,17000,17000,2553,0
MutexBased,600,17000,17000,2721,1
MutexBased,600,17000,14535,2398,0
MutexBased,700,17000,17000,3566,1
MutexBased,700,17000,13066,2901,0
MutexBased,800,17000,17000,2973,1
MutexBased,800,17000,16926,2564,0
MutexBased,900,17000,17000,2375,1
MutexBased,900,17000,15429,2155,0
MutexBased,1000,17000,17000,2718,1
MutexBased,1000,17000,15925,2444,0
MutexBased,1100,17000,17000,2820,1
MutexBased,1100,17000,9845,1836,0
MutexBased,1200,17000,17000,2519,1
MutexBased,1200,17000,16314,2422,0
MutexBased,1300,17000,17000,2950,1
MutexBased,1300,17000,17000,2518,0
MutexBased,1400,17000,17000,3221,1
MutexBased,1400,17000,3817,875,0
MutexBased,1500,17000,17000,3261,1
MutexBased,1500,17000,7758,2323,0
MutexBased,1600,17000,17000,6080,1
MutexBased,1600,17000,12877,1997,0
MutexBased,1700,17000,17000,3067,1
MutexBased,1700,17000,9949,1543,0
MutexBased,1800,17000,17000,3669,1
MutexBased,1800,17000,13591,2019,0
MutexBased,1900,17000,17000,2895,1
MutexBased,1900,17000,11337,2105,0
MutexBased,2000,17000,17000,2424,1
MutexBased,2000,17000,17000,2326,0
MutexBased,100,18000,18000,4238,1
MutexBased,100,18000,12349,2583,0
MutexBased,200,18000,18000,2847,1
MutexBased,200,18000,14458,2533,0
MutexBased,300,18000,18000,3507,1
MutexBased,300,18000,13766,2540,0
MutexBased,400,18000,18000,4111,1
MutexBased,400,18000,15369,2696,0
MutexBased,500,18000,18000,2795,1
MutexBased,500,18000,17504,3489,0
MutexBased,600,18000,18000,3540,1
MutexBased,600,18000,17331,2785,0
MutexBased,700,18000,18000,3424,1
MutexBased,700,18000,16956,3083,0
MutexBased,800,18000,18000,2912,1
MutexBased,800,18000,10236,1924,0
MutexBased,900,18000,18000,2849,1
MutexBased,900,18000,18000,3065,0
MutexBased,1000,18000,18000,2869,1
MutexBased,1000,18000,15901,3098,0
MutexBased,1100,18000,18000,2878,1
MutexBased,1100,18000,5874,1593,0
MutexBased,1200,18000,18000,2842,1
MutexBased,1200,18000,18000,2811,0
MutexBased,1300,18000,18000,3206,1
MutexBased,1300,18000,17364,2528,0
MutexBased,1400,18000,18000,3441,1
MutexBased,1400,18000,16174,2524,0
MutexBased,1500,18000,18000,3003,1
MutexBased,1500,18000,14742,2409,0
MutexBased,1600,18000,18000,3251,1
MutexBased,1600,18000,17262,2625,0
MutexBased,1700,18000,18000,2394,1
MutexBased,1700,18000,7236,1631,0
MutexBased,1800,18000,18000,2757,1
MutexBased,1800,18000,13593,1864,0
MutexBased,1900,18000,18000,2838,1
MutexBased,1900,18000,10147,2112,0
MutexBased,2000,18000,18000,2984,1
MutexBased,2000,18000,18000,2986,0
MutexBased,100,19000,19000,3580,1
MutexBased,100,19000,13869,2824,0
MutexBased,200,19000,19000,3116,1
MutexBased,200,19000,12987,3133,0
MutexBased,300,19000,19000,3406,1
MutexBased,300,19000,18126,3225,0
MutexBased,400,19000,19000,3423,1
MutexBased,400,19000,16060,2935,0
MutexBased,500,19000,19000,3625,1
MutexBased,500,19000,18362,3041,0
MutexBased,600,19000,19000,3686,1
MutexBased,600,19000,17154,2646,0
MutexBased,700,19000,19000,3009,1
MutexBased,700,19000,16437,2730,0
MutexBased,800,19000,19000,3958,1
MutexBased,800,19000,17946,2794,0
MutexBased,900,19000,19000,3202,1
MutexBased,900,19000,19000,2725,0
MutexBased,1000,19000,19000,2973,1
MutexBased,1000,19000,12819,2634,0
MutexBased,1100,19000,19000,2871,1
MutexBased,1100,19000,11657,2390,0
MutexBased,1200,19000,19000,3023,1
MutexBased,1200,19000,17482,3164,0
MutexBased,1300,19000,19000,2521,1
MutexBased,1300,19000,15465,2754,0
MutexBased,1400,19000,19000,3566,1
MutexBased,1400,19000,15866,2457,0
MutexBased,1500,19000,19000,3153,1
MutexBased,1500,19000,18670,3115,0
MutexBased,1600,19000,19000,3042,1
MutexBased,1600,19000,14850,2667,0
MutexBased,1700,19000,19000,2901,1
MutexBased,1700,19000,15640,2300,0
MutexBased,1800,19000,19000,3231,1
MutexBased,1800,19000,17679,2743,0
MutexBased,1900,19000,19000,3620,1
MutexBased,1900,19000,14505,3025,0
MutexBased,2000,19000,19000,2902,1
MutexBased,2000,19000,18767,2660,0
MutexBased,100,20000,20000,4011,1
MutexBased,100,20000,8216,1960,0
MutexBased,200,20000,20000,3645,1
MutexBased,200,20000,11384,2120,0
MutexBased,300,20000,20000,3744,1
MutexBased,300,20000,13555,2305,0
MutexBased,400,20000,20000,3587,1
MutexBased,400,20000,16624,2987,0
MutexBased,500,20000,20000,3223,1
MutexBased,500,20000,11776,2357,0
MutexBased,600,20000,20000,3451,1
MutexBased,600,20000,18995,3073,0
MutexBased,700,20000,20000,3320,1
MutexBased,700,20000,20000,3294,0
MutexBased,800,20000,20000,3418,1
MutexBased,800,20000,8143,1792,0
MutexBased,900,20000,20000,3188,1
MutexBased,900,20000,19901,3034,0
MutexBased,1000,20000,20000,3345,1
MutexBased,1000,20000,10415,1762,0
MutexBased,1100,20000,20000,3240,1
MutexBased,1100,20000,15507,2978,0
MutexBased,1200,20000,20000,3189,1
MutexBased,1200,20000,19471,3992,0
MutexBased,1300,20000,20000,3167,1
MutexBased,1300,20000,20000,3146,0
MutexBased,1400,20000,20000,4207,1
MutexBased,1400,20000,20000,3247,0
MutexBased,1500,20000,20000,3666,1
MutexBased,1500,20000,20000,3216,0
MutexBased,1600,20000,20000,3050,1
MutexBased,1600,20000,18453,3420,0
MutexBased,1700,20000,20000,2794,1
MutexBased,1700,20000,20000,2655,0
MutexBased,1800,20000,20000,3023,1
MutexBased,1800,20000,19663,2829,0
MutexBased,1900,20000,20000,2706,1
MutexBased,1900,20000,20000,3313,0
MutexBased,2000,20000,20000,3222,1
MutexBased,2000,20000,19923,2864,0
MutexBased,100,21000,21000,3977,1
MutexBased,100,21000,17494,3611,0
MutexBased,200,21000,21000,4644,1
MutexBased,200,21000,19119,3168,0
MutexBased,300,21000,21000,3578,1
MutexBased,300,21000,16801,2909,0
MutexBased,400,21000,21000,3965,1
MutexBased,400,21000,17384,3432,0
MutexBased,500,21000,21000,3275,1
MutexBased,500,21000,18753,3682,0
MutexBased,600,21000,21000,3549,1
MutexBased,600,21000,20474,3146,0
MutexBased,700,21000,21000,3752,1
MutexBased,700,21000,18792,2982,0
MutexBased,800,21000,21000,3474,1
MutexBased,800,21000,19225,3070,0
MutexBased,900,21000,21000,3067,1
MutexBased,900,21000,18580,2643,0
MutexBased,1000,21000,21000,3933,1
MutexBased,1000,21000,17191,2696,0
MutexBased,1100,21000,21000,3319,1
MutexBased,1100,21000,20400,3074,0
MutexBased,1200,21000,21000,4022,1
MutexBased,1200,21000,13969,3357,0
MutexBased,1300,21000,21000,3442,1
MutexBased,1300,21000,14329,2368,0
MutexBased,1400,21000,21000,3246,1
MutexBased,1400,21000,21000,3415,0
MutexBased,1500,21000,21000,4616,1
MutexBased,1500,21000,16308,2605,0
MutexBased,1600,21000,21000,3471,1
MutexBased,1600,21000,20582,3476,0
MutexBased,1700,21000,21000,3432,1
MutexBased,1700,21000,14778,2011,0
MutexBased,1800,21000,21000,3557,1
MutexBased,1800,21000,13377,2498,0
MutexBased,1900,21000,21000,3267,1
MutexBased,1900,21000,12320,1891,0
MutexBased,2000,21000,21000,3276,1
MutexBased,2000,21000,13682,2453,0
MutexBased,100,22000,22000,5221,1
MutexBased,100,22000,13619,2650,0
MutexBased,200,22000,22000,3717,1
MutexBased,200,22000,14870,3728,0
MutexBased,300,22000,22000,7258,1
MutexBased,300,22000,20848,3437,0
MutexBased,400,22000,22000,3762,1
MutexBased,400,22000,21225,3436,0
MutexBased,500,22000,22000,3660,1
MutexBased,500,22000,19395,3841,0
MutexBased,600,22000,22000,3614,1
MutexBased,600,22000,20065,3331,0
MutexBased,700,22000,22000,3613,1
MutexBased,700,22000,12805,2221,0
MutexBased,800,22000,22000,5015,1
MutexBased,800,22000,19862,3289,0
MutexBased,900,22000,22000,3179,1
MutexBased,900,22000,21739,3391,0
MutexBased,1000,22000,22000,3498,1
MutexBased,1000,22000,8758,1986,0
MutexBased,1100,22000,22000,3742,1
MutexBased,1100,22000,22000,3419,0
MutexBased,1200,22000,22000,3882,1
MutexBased,1200,22000,18424,3043,0
MutexBased,1300,22000,22000,3807,1
MutexBased,1300,22000,17791,2829,0
MutexBased,1400,22000,22000,3277,1
MutexBased,1400,22000,20496,3053,0
MutexBased,1500,22000,22000,3890,1
MutexBased,1500,22000,22000,3879,0
MutexBased,1600,22000,22000,3388,1
MutexBased,1600,22000,15880,2598,0
MutexBased,1700,22000,22000,3026,1
MutexBased,1700,22000,21495,2713,0
MutexBased,1800,22000,22000,3424,1
MutexBased,1800,22000,12197,2546,0
MutexBased,1900,22000,22000,3548,1
MutexBased,1900,22000,21379,3189,0
MutexBased,2000,22000,22000,3187,1
MutexBased,2000,22000,22000,3175,0
MutexBased,100,23000,23000,5199,1
MutexBased,100,23000,13122,2400,0
MutexBased,200,23000,23000,3927,1
MutexBased,200,23000,11108,2286,0
MutexBased,300,23000,23000,4084,1
MutexBased,300,23000,8127,2366,0
MutexBased,400,23000,23000,4265,1
MutexBased,400,23000,22206,3623,0
MutexBased,500,23000,23000,3290,1
MutexBased,500,23000,19949,3002,0
MutexBased,600,23000,23000,4210,1
MutexBased,600,23000,22325,3584,0
MutexBased,700,23000,23000,3923,1
MutexBased,700,23000,20220,3227,0
MutexBased,800,23000,23000,3805,1
MutexBased,800,23000,6396,1261,0
MutexBased,900,23000,23000,3990,1
MutexBased,900,23000,22871,3268,0
MutexBased,1000,23000,23000,4133,1
MutexBased,1000,23000,21144,2994,0
MutexBased,1100,23000,23000,3410,1
MutexBased,1100,23000,22042,3535,0
MutexBased,1200,23000,23000,3674,1
MutexBased,1200,23000,21602,3718,0
MutexBased,1300,23000,23000,3384,1
MutexBased,1300,23000,20261,4128,0
MutexBased,1400,23000,23000,3619,1
MutexBased,1400,23000,23000,4103,0
MutexBased,1500,23000,23000,3437,1
MutexBased,1500,23000,21698,3715,0
MutexBased,1600,23000,23000,4135,1
MutexBased,1600,23000,21320,3618,0
MutexBased,1700,23000,23000,3623,1
MutexBased,1700,23000,23000,3535,0
MutexBased,1800,23000,23000,3634,1
MutexBased,1800,23000,10620,1742,0
MutexBased,1900,23000,23000,4400,1
MutexBased,1900,23000,23000,3723,0
MutexBased,2000,23000,23000,4227,1
MutexBased,2000,23000,16827,2504,0
MutexBased,100,24000,24000,5778,1
MutexBased,100,24000,4394,1069,0
MutexBased,200,24000,24000,3758,1
MutexBased,200,24000,23227,4051,0
MutexBased,300,24000,24000,4223,1
MutexBased,300,24000,14454,3030,0
MutexBased,400,24000,24000,3914,1
MutexBased,400,24000,18063,3039,0
MutexBased,500,24000,24000,4785,1
MutexBased,500,24000,19511,3785,0
MutexBased,600,24000,24000,4304,1
MutexBased,600,24000,20347,3393,0
MutexBased,700,24000,24000,4305,1
MutexBased,700,24000,23995,3687,0
MutexBased,800,24000,24000,4391,1
MutexBased,800,24000,19368,3525,0
MutexBased,900,24000,24000,3402,1
MutexBased,900,24000,23808,3384,0
MutexBased,1000,24000,24000,3595,1
MutexBased,1000,24000,21924,4282,0
MutexBased,1100,24000,24000,4193,1
MutexBased,1100,24000,14007,2368,0
MutexBased,1200,24000,24000,3669,1
MutexBased,1200,24000,13204,2527,0
MutexBased,1300,24000,24000,3760,1
MutexBased,1300,24000,22900,3409,0
MutexBased,1400,24000,24000,3849,1
MutexBased,1400,24000,22925,3593,0
MutexBased,1500,24000,24000,5046,1
MutexBased,1500,24000,8455,1594,0
MutexBased,1600,24000,24000,3641,1
MutexBased,1600,24000,24000,4022,0
MutexBased,1700,24000,24000,3750,1
MutexBased,1700,24000,18415,2614,0
MutexBased,1800,24000,24000,4361,1
MutexBased,1800,24000,24000,4370,0
MutexBased,1900,24000,24000,3613,1
MutexBased,1900,24000,18559,3085,0
MutexBased,2000,24000,24000,4021,1
MutexBased,2000,24000,12396,1933,0
MutexBased,100,25000,25000,4521,1
MutexBased,100,25000,8195,1939,0
MutexBased,200,25000,25000,3956,1
MutexBased,200,25000,14016,2781,0
MutexBased,300,25000,25000,4470,1
MutexBased,300,25000,16679,3218,0
MutexBased,400,25000,25000,4578,1
MutexBased,400,25000,21217,3870,0
MutexBased,500,25000,25000,4290,1
MutexBased,500,25000,538,423,0
MutexBased,600,25000,25000,3897,1
MutexBased,600,25000,24455,3841,0
MutexBased,700,25000,25000,3929,1
MutexBased,700,25000,19875,3967,0
MutexBased,800,25000,25000,4131,1
MutexBased,800,25000,23369,3619,0
MutexBased,900,25000,25000,3541,1
MutexBased,900,25000,24449,3379,0
MutexBased,1000,25000,25000,4256,1
MutexBased,1000,25000,24953,3952,0
MutexBased,1100,25000,25000,4112,1
MutexBased,1100,25000,16596,3015,0
MutexBased,1200,25000,25000,3677,1
MutexBased,1200,25000,24623,4536,0
MutexBased,1300,25000,25000,3297,1
MutexBased,1300,25000,17898,2402,0
MutexBased,1400,25000,25000,3781,1
MutexBased,1400,25000,21353,3156,0
MutexBased,1500,25000,25000,4914,1
MutexBased,1500,25000,17985,2774,0
MutexBased,1600,25000,25000,3828,1
MutexBased,1600,25000,24557,3739,0
MutexBased,1700,25000,25000,4576,1
MutexBased,1700,25000,25000,3769,0
MutexBased,1800,25000,25000,4087,1
MutexBased,1800,25000,13381,2165,0
MutexBased,1900,25000,25000,3650,1
MutexBased,1900,25000,18202,3648,0
MutexBased,2000,25000,25000,3782,1
MutexBased,2000,25000,25000,4138,0
MutexBased,100,26000,26000,4557,1
MutexBased,100,26000,15155,2828,0
MutexBased,200,26000,26000,5096,1
MutexBased,200,26000,23032,4392,0
MutexBased,300,26000,26000,4484,1
MutexBased,300,26000,22655,4011,0
MutexBased,400,26000,26000,4902,1
MutexBased,400,26000,19825,3469,0
MutexBased,500,26000,26000,4081,1
MutexBased,500,26000,25183,3732,0
MutexBased,600,26000,26000,4089,1
MutexBased,600,26000,24603,4112,0
MutexBased,700,26000,26000,4420,1
MutexBased,700,26000,25515,4018,0
MutexBased,800,26000,26000,4185,1
MutexBased,800,26000,24072,3648,0
MutexBased,900,26000,26000,3721,1
MutexBased,900,26000,25951,4124,0
MutexBased,1000,26000,26000,3671,1
MutexBased,1000,26000,10812,2382,0
MutexBased,1100,26000,26000,4254,1
MutexBased,1100,26000,13703,2719,0
MutexBased,1200,26000,26000,4237,1
MutexBased,1200,26000,19672,3125,0
MutexBased,1300,26000,26000,3556,1
MutexBased,1300,26000,26000,3766,0
MutexBased,1400,26000,26000,4147,1
MutexBased,1400,26000,26000,4160,0
MutexBased,1500,26000,26000,5345,1
MutexBased,1500,26000,25537,4124,0
MutexBased,1600,26000,26000,3994,1
MutexBased,1600,26000,25645,3618,0
MutexBased,1700,26000,26000,3466,1
MutexBased,1700,26000,5694,1119,0
MutexBased,1800,26000,26000,4228,1
MutexBased,1800,26000,21718,3321,0
MutexBased,1900,26000,26000,4312,1
MutexBased,1900,26000,21731,2820,0
MutexBased,2000,26000,26000,4397,1
MutexBased,2000,26000,10956,2442,0
MutexBased,100,27000,27000,5340,1
MutexBased,100,27000,8618,2265,0
MutexBased,200,27000,27000,4432,1
MutexBased,200,27000,23969,3855,0
MutexBased,300,27000,27000,4587,1
MutexBased,300,27000,20434,3383,0
MutexBased,400,27000,27000,5676,1
MutexBased,400,27000,23815,4168,0
MutexBased,500,27000,27000,4269,1
MutexBased,500,27000,26696,3951,0
MutexBased,600,27000,27000,5042,1
MutexBased,600,27000,26522,3999,0
MutexBased,700,27000,27000,4194,1
MutexBased,700,27000,24482,4081,0
MutexBased,800,27000,27000,4076,1
MutexBased,800,27000,25421,4787,0
MutexBased,900,27000,27000,4067,1
MutexBased,900,27000,23664,4111,0
MutexBased,1000,27000,27000,4082,1
MutexBased,1000,27000,18608,3780,0
MutexBased,1100,27000,27000,4262,1
MutexBased,1100,27000,19663,3262,0
MutexBased,1200,27000,27000,4437,1
MutexBased,1200,27000,14279,2766,0
MutexBased,1300,27000,27000,3849,1
MutexBased,1300,27000,27000,3847,0
MutexBased,1400,27000,27000,4067,1
MutexBased,1400,27000,26159,4063,0
MutexBased,1500,27000,27000,4958,1
MutexBased,1500,27000,26791,4059,0
MutexBased,1600,27000,27000,4382,1
MutexBased,1600,27000,15770,2623,0
MutexBased,1700,27000,27000,4052,1
MutexBased,1700,27000,27000,3560,0
MutexBased,1800,27000,27000,4320,1
MutexBased,1800,27000,22069,3765,0
MutexBased,1900,27000,27000,3602,1
MutexBased,1900,27000,27000,4917,0
MutexBased,2000,27000,27000,3926,1
MutexBased,2000,27000,27000,4068,0
MutexBased,100,28000,28000,6101,1
MutexBased,100,28000,9081,1989,0
MutexBased,200,28000,28000,5130,1
MutexBased,200,28000,15040,2728,0
MutexBased,300,28000,28000,4776,1
MutexBased,300,28000,8887,2417,0
MutexBased,400,28000,28000,4982,1
MutexBased,400,28000,27061,4981,0
MutexBased,500,28000,28000,4613,1
MutexBased,500,28000,17223,3550,0
MutexBased,600,28000,28000,4792,1
MutexBased,600,28000,25605,4512,0
MutexBased,700,28000,28000,4784,1
MutexBased,700,28000,16344,3682,0
MutexBased,800,28000,28000,4195,1
MutexBased,800,28000,26208,4254,0
MutexBased,900,28000,28000,3834,1
MutexBased,900,28000,16492,2515,0
MutexBased,1000,28000,28000,5433,1
MutexBased,1000,28000,20267,3175,0
MutexBased,1100,28000,28000,4308,1
MutexBased,1100,28000,19185,3531,0
MutexBased,1200,28000,28000,5054,1
MutexBased,1200,28000,25691,4571,0
MutexBased,1300,28000,28000,4112,1
MutexBased,1300,28000,27494,3700,0
MutexBased,1400,28000,28000,5080,1
MutexBased,1400,28000,27982,4077,0
MutexBased,1500,28000,28000,4341,1
MutexBased,1500,28000,28000,4854,0
MutexBased,1600,28000,28000,4725,1
MutexBased,1600,28000,25267,3966,0
MutexBased,1700,28000,28000,3854,1
MutexBased,1700,28000,17827,2797,0
MutexBased,1800,28000,28000,4972,1
MutexBased,1800,28000,15440,2485,0
MutexBased,1900,28000,28000,5126,1
MutexBased,1900,28000,28000,3908,0
MutexBased,2000,28000,28000,4323,1
MutexBased,2000,28000,24571,4382,0
MutexBased,100,29000,29000,5161,1
MutexBased,100,29000,19860,3651,0
MutexBased,200,29000,29000,5067,1
MutexBased,200,29000,9841,2139,0
MutexBased,300,29000,29000,5099,1
MutexBased,300,29000,25212,4725,0
MutexBased,400,29000,29000,6640,1
MutexBased,400,29000,23958,4668,0
MutexBased,500,29000,29000,4001,1
MutexBased,500,29000,20662,3384,0
MutexBased,600,29000,29000,4701,1
MutexBased,600,29000,24048,4206,0
MutexBased,700,29000,29000,4609,1
MutexBased,700,29000,28339,4646,0
MutexBased,800,29000,29000,5597,1
MutexBased,800,29000,28340,4290,0
MutexBased,900,29000,29000,4027,1
MutexBased,900,29000,26172,3523,0
MutexBased,1000,29000,29000,5916,1
MutexBased,1000,29000,27730,4299,0
MutexBased,1100,29000,29000,4897,1
MutexBased,1100,29000,26686,4167,0
MutexBased,1200,29000,29000,5532,1
MutexBased,1200,29000,27946,4107,0
MutexBased,1300,29000,29000,4477,1
MutexBased,1300,29000,27139,3684,0
MutexBased,1400,29000,29000,4571,1
MutexBased,1400,29000,29000,4647,0
MutexBased,1500,29000,29000,4757,1
MutexBased,1500,29000,22237,3940,0
MutexBased,1600,29000,29000,5044,1
MutexBased,1600,29000,28043,4202,0
MutexBased,1700,29000,29000,3891,1
MutexBased,1700,29000,29000,3956,0
MutexBased,1800,29000,29000,5443,1
MutexBased,1800,29000,29000,4562,0
MutexBased,1900,29000,29000,4126,1
MutexBased,1900,29000,25302,3752,0
MutexBased,2000,29000,29000,4617,1
MutexBased,2000,29000,26592,3963,0
MutexBased,100,30000,30000,5551,1
MutexBased,100,30000,20169,4133,0
MutexBased,200,30000,30000,5555,1
MutexBased,200,30000,28515,5712,0
MutexBased,300,30000,30000,4892,1
MutexBased,300,30000,20368,3736,0
MutexBased,400,30000,30000,5443,1
MutexBased,400,30000,24842,4274,0
MutexBased,500,30000,30000,4406,1
MutexBased,500,30000,23317,3922,0
MutexBased,600,30000,30000,5300,1
MutexBased,600,30000,27963,4370,0
MutexBased,700,30000,30000,4806,1
MutexBased,700,30000,22620,4016,0
MutexBased,800,30000,30000,4878,1
MutexBased,800,30000,26853,4345,0
MutexBased,900,30000,30000,4096,1
MutexBased,900,30000,16846,6495,0
MutexBased,1000,30000,30000,6481,1
MutexBased,1000,30000,26855,5645,0
MutexBased,1100,30000,30000,5303,1
MutexBased,1100,30000,29249,4140,0
MutexBased,1200,30000,30000,4959,1
MutexBased,1200,30000,20278,4648,0
MutexBased,1300,30000,30000,4676,1
MutexBased,1300,30000,28190,3663,0
MutexBased,1400,30000,30000,5292,1
MutexBased,1400,30000,20916,4220,0
MutexBased,1500,30000,30000,4950,1
MutexBased,1500,30000,27651,4242,0
MutexBased,1600,30000,30000,4717,1
MutexBased,1600,30000,29008,5644,0
MutexBased,1700,30000,30000,4053,1
MutexBased,1700,30000,26676,3501,0
MutexBased,1800,30000,30000,4747,1
MutexBased,1800,30000,19884,3477,0
MutexBased,1900,30000,30000,6582,1
MutexBased,1900,30000,26952,4019,0
MutexBased,2000,30000,30000,4931,1
MutexBased,2000,30000,19932,2979,0
MutexBased,100,31000,31000,5557,1
MutexBased,100,31000,24912,4895,0
MutexBased,200,31000,31000,6494,1
MutexBased,200,31000,24961,4162,0
MutexBased,300,31000,31000,5386,1
MutexBased,300,31000,29115,5428,0
MutexBased,400,31000,31000,5355,1
MutexBased,400,31000,24361,4369,0
MutexBased,500,31000,31000,4471,1
MutexBased,500,31000,27756,5401,0
MutexBased,600,31000,31000,5128,1
MutexBased,600,31000,25709,3996,0
MutexBased,700,31000,31000,5103,1
MutexBased,700,31000,15666,2806,0
MutexBased,800,31000,31000,5257,1
MutexBased,800,31000,26398,4136,0
MutexBased,900,31000,31000,4766,1
MutexBased,900,31000,26393,4862,0
MutexBased,1000,31000,31000,4974,1
MutexBased,1000,31000,27153,4332,0
MutexBased,1100,31000,31000,5467,1
MutexBased,1100,31000,25390,4122,0
MutexBased,1200,31000,31000,4840,1
MutexBased,1200,31000,18988,3705,0
MutexBased,1300,31000,31000,5581,1
MutexBased,1300,31000,28054,3585,0
MutexBased,1400,31000,31000,4974,1
MutexBased,1400,31000,29968,4655,0
MutexBased,1500,31000,31000,4491,1
MutexBased,1500,31000,24393,3749,0
MutexBased,1600,31000,31000,4697,1
MutexBased,1600,31000,27869,5197,0
MutexBased,1700,31000,31000,4273,1
MutexBased,1700,31000,17723,2597,0
MutexBased,1800,31000,31000,5383,1
MutexBased,1800,31000,28424,4304,0
MutexBased,1900,31000,31000,5417,1
MutexBased,1900,31000,30585,4325,0
MutexBased,2000,31000,31000,4788,1
MutexBased,2000,31000,31000,4598,0
MutexBased,100,32000,32000,7123,1
MutexBased,100,32000,13378,3065,0
MutexBased,200,32000,32000,4981,1
MutexBased,200,32000,26870,4537,0
MutexBased,300,32000,32000,6847,1
MutexBased,300,32000,26329,4409,0
MutexBased,400,32000,32000,5715,1
MutexBased,400,32000,9028,2953,0
MutexBased,500,32000,32000,5264,1
MutexBased,500,32000,27188,4119,0
MutexBased,600,32000,32000,5781,1
MutexBased,600,32000,20863,4323,0
MutexBased,700,32000,32000,8686,1
MutexBased,700,32000,28598,4657,0
MutexBased,800,32000,32000,8281,1
MutexBased,800,32000,21684,4932,0
MutexBased,900,32000,32000,6400,1
MutexBased,900,32000,21816,3240,0
MutexBased,1000,32000,32000,4859,1
MutexBased,1000,32000,32000,5247,0
MutexBased,1100,32000,32000,6023,1
MutexBased,1100,32000,27653,5533,0
MutexBased,1200,32000,32000,5055,1
MutexBased,1200,32000,16434,2964,0
MutexBased,1300,32000,32000,5687,1
MutexBased,1300,32000,17949,2806,0
MutexBased,1400,32000,32000,5001,1
MutexBased,1400,32000,28526,6646,0
MutexBased,1500,32000,32000,6080,1
MutexBased,1500,32000,7577,1451,0
MutexBased,1600,32000,32000,5363,1
MutexBased,1600,32000,10449,1904,0
MutexBased,1700,32000,32000,7258,1
MutexBased,1700,32000,15455,2226,0
MutexBased,1800,32000,32000,5079,1
MutexBased,1800,32000,12599,2982,0
MutexBased,1900,32000,32000,4798,1
MutexBased,1900,32000,28728,4467,0
MutexBased,2000,32000,32000,5143,1
MutexBased,2000,32000,32000,5762,0
MutexBased,100,33000,33000,6606,1
MutexBased,100,33000,8315,3525,0
MutexBased,200,33000,33000,8348,1
MutexBased,200,33000,16588,3737,0
MutexBased,300,33000,33000,5539,1
MutexBased,300,33000,27138,4301,0
MutexBased,400,33000,33000,5940,1
MutexBased,400,33000,30275,4913,0
MutexBased,500,33000,33000,10339,1
MutexBased,500,33000,8275,2759,0
MutexBased,600,33000,33000,5277,1
MutexBased,600,33000,28625,4395,0
MutexBased,700,33000,33000,7087,1
MutexBased,700,33000,24815,3784,0
MutexBased,800,33000,33000,5254,1
MutexBased,800,33000,20552,3202,0
MutexBased,900,33000,33000,5037,1
MutexBased,900,33000,17888,3568,0
MutexBased,1000,33000,33000,4502,1
MutexBased,1000,33000,30410,5101,0
MutexBased,1100,33000,33000,5269,1
MutexBased,1100,33000,14028,2462,0
MutexBased,1200,33000,33000,5512,1
MutexBased,1200,33000,27013,4640,0
MutexBased,1300,33000,33000,5238,1
MutexBased,1300,33000,33000,4702,0
MutexBased,1400,33000,33000,4935,1
MutexBased,1400,33000,7753,1836,0
MutexBased,1500,33000,33000,5166,1
MutexBased,1500,33000,33000,5594,0
MutexBased,1600,33000,33000,5392,1
MutexBased,1600,33000,18362,4189,0
MutexBased,1700,33000,33000,4175,1
MutexBased,1700,33000,33000,4211,0
MutexBased,1800,33000,33000,5932,1
MutexBased,1800,33000,32951,5999,0
MutexBased,1900,33000,33000,5160,1
MutexBased,1900,33000,26995,5491,0
MutexBased,2000,33000,33000,5584,1
MutexBased,2000,33000,29131,3986,0
MutexBased,100,34000,34000,6136,1
MutexBased,100,34000,20835,4040,0
MutexBased,200,34000,34000,6013,1
MutexBased,200,34000,29476,4812,0
MutexBased,300,34000,34000,5791,1
MutexBased,300,34000,17414,3906,0
MutexBased,400,34000,34000,6966,1
MutexBased,400,34000,26370,5082,0
MutexBased,500,34000,34000,6809,1
MutexBased,500,34000,33219,5072,0
MutexBased,600,34000,34000,6084,1
MutexBased,600,34000,21959,4604,0
MutexBased,700,34000,34000,5801,1
MutexBased,700,34000,30853,4959,0
MutexBased,800,34000,34000,6155,1
MutexBased,800,34000,23438,4134,0
MutexBased,900,34000,34000,6730,1
MutexBased,900,34000,25944,5358,0
MutexBased,1000,34000,34000,6189,1
MutexBased,1000,34000,27160,3999,0
MutexBased,1100,34000,34000,4889,1
MutexBased,1100,34000,13887,2529,0
MutexBased,1200,34000,34000,5652,1
MutexBased,1200,34000,32531,5073,0
MutexBased,1300,34000,34000,4930,1
MutexBased,1300,34000,14579,2777,0
MutexBased,1400,34000,34000,5701,1
MutexBased,1400,34000,19163,3678,0
MutexBased,1500,34000,34000,5294,1
MutexBased,1500,34000,11434,2584,0
MutexBased,1600,34000,34000,6230,1
MutexBased,1600,34000,25202,3953,0
MutexBased,1700,34000,34000,5052,1
MutexBased,1700,34000,10431,2803,0
MutexBased,1800,34000,34000,5404,1
MutexBased,1800,34000,34000,5251,0
MutexBased,1900,34000,34000,5581,1
MutexBased,1900,34000,25373,3926,0
MutexBased,2000,34000,34000,5220,1
MutexBased,2000,34000,30336,4621,0
MutexBased,100,35000,35000,7607,1
MutexBased,100,35000,22162,4004,0
MutexBased,200,35000,35000,6080,1
MutexBased,200,35000,20105,4581,0
MutexBased,300,35000,35000,7090,1
MutexBased,300,35000,28785,4860,0
MutexBased,400,35000,35000,7860,1
MutexBased,400,35000,29429,5052,0
MutexBased,500,35000,35000,5346,1
MutexBased,500,35000,30126,6158,0
MutexBased,600,35000,35000,5571,1
MutexBased,600,35000,32343,5458,0
MutexBased,700,35000,35000,6517,1
MutexBased,700,35000,18144,3127,0
MutexBased,800,35000,35000,5420,1
MutexBased,800,35000,29573,4859,0
MutexBased,900,35000,35000,5812,1
MutexBased,900,35000,23684,4015,0
MutexBased,1000,35000,35000,5495,1
MutexBased,1000,35000,22238,3663,0
MutexBased,1100,35000,35000,6283,1
MutexBased,1100,35000,20483,3204,0
MutexBased,1200,35000,35000,5773,1
MutexBased,1200,35000,28743,4642,0
MutexBased,1300,35000,35000,5154,1
MutexBased,1300,35000,29921,4186,0
MutexBased,1400,35000,35000,5348,1
MutexBased,1400,35000,23170,4342,0
MutexBased,1500,35000,35000,5830,1
MutexBased,1500,35000,34749,5641,0
MutexBased,1600,35000,35000,5879,1
MutexBased,1600,35000,34747,5213,0
MutexBased,1700,35000,35000,4631,1
MutexBased,1700,35000,34116,4516,0
MutexBased,1800,35000,35000,6221,1
MutexBased,1800,35000,10986,2433,0
MutexBased,1900,35000,35000,5291,1
MutexBased,1900,35000,25436,4449,0
MutexBased,2000,35000,35000,5006,1
MutexBased,2000,35000,34065,5334,0
MutexBased,100,36000,36000,6571,1
MutexBased,100,36000,27111,5687,0
MutexBased,200,36000,36000,6025,1
MutexBased,200,36000,34318,5394,0
MutexBased,300,36000,36000,6131,1
MutexBased,300,36000,32954,5722,0
MutexBased,400,36000,36000,6228,1
MutexBased,400,36000,6476,2591,0
MutexBased,500,36000,36000,5554,1
MutexBased,500,36000,28907,4552,0
MutexBased,600,36000,36000,6201,1
MutexBased,600,36000,19763,3986,0
MutexBased,700,36000,36000,5941,1
MutexBased,700,36000,13305,3173,0
MutexBased,800,36000,36000,6957,1
MutexBased,800,36000,29631,4579,0
MutexBased,900,36000,36000,5017,1
MutexBased,900,36000,32421,5709,0
MutexBased,1000,36000,36000,5591,1
MutexBased,1000,36000,34730,5236,0
MutexBased,1100,36000,36000,5571,1
MutexBased,1100,36000,20484,4099,0
MutexBased,1200,36000,36000,5594,1
MutexBased,1200,36000,36000,5465,0
MutexBased,1300,36000,36000,7161,1
MutexBased,1300,36000,33689,4993,0
MutexBased,1400,36000,36000,5505,1
MutexBased,1400,36000,19016,3614,0
MutexBased,1500,36000,36000,6081,1
MutexBased,1500,36000,27854,4445,0
MutexBased,1600,36000,36000,5850,1
MutexBased,1600,36000,17092,3524,0
MutexBased,1700,36000,36000,4560,1
MutexBased,1700,36000,28485,4023,0
MutexBased,1800,36000,36000,5458,1
MutexBased,1800,36000,28979,5044,0
MutexBased,1900,36000,36000,5342,1
MutexBased,1900,36000,36000,6051,0
MutexBased,2000,36000,36000,5464,1
MutexBased,2000,36000,21176,3342,0
MutexBased,100,37000,37000,6899,1
MutexBased,100,37000,13000,3468,0
MutexBased,200,37000,37000,6453,1
MutexBased,200,37000,34282,5585,0
MutexBased,300,37000,37000,6993,1
MutexBased,300,37000,25189,4686,0
MutexBased,400,37000,37000,6439,1
MutexBased,400,37000,28110,5564,0
MutexBased,500,37000,37000,6015,1
MutexBased,500,37000,34618,5169,0
MutexBased,600,37000,37000,6623,1
MutexBased,600,37000,36650,5692,0
MutexBased,700,37000,37000,5879,1
MutexBased,700,37000,27604,4777,0
MutexBased,800,37000,37000,6265,1
MutexBased,800,37000,27479,4561,0
MutexBased,900,37000,37000,5635,1
MutexBased,900,37000,11015,3178,0
MutexBased,1000,37000,37000,6139,1
MutexBased,1000,37000,33098,5556,0
MutexBased,1100,37000,37000,6698,1
MutexBased,1100,37000,29941,6831,0
MutexBased,1200,37000,37000,8548,1
MutexBased,1200,37000,29279,4940,0
MutexBased,1300,37000,37000,4783,1
MutexBased,1300,37000,36861,4795,0
MutexBased,1400,37000,37000,6390,1
MutexBased,1400,37000,36506,5589,0
MutexBased,1500,37000,37000,6285,1
MutexBased,1500,37000,31079,5295,0
MutexBased,1600,37000,37000,5347,1
MutexBased,1600,37000,30989,4873,0
MutexBased,1700,37000,37000,6549,1
MutexBased,1700,37000,37000,6654,0
MutexBased,1800,37000,37000,5966,1
MutexBased,1800,37000,25056,4692,0
MutexBased,1900,37000,37000,6702,1
MutexBased,1900,37000,33472,5550,0
MutexBased,2000,37000,37000,5810,1
MutexBased,2000,37000,35082,5087,0
MutexBased,100,38000,38000,7148,1
MutexBased,100,38000,15900,3632,0
MutexBased,200,38000,38000,6409,1
MutexBased,200,38000,27909,4623,0
MutexBased,300,38000,38000,7358,1
MutexBased,300,38000,30671,5162,0
MutexBased,400,38000,38000,6472,1
MutexBased,400,38000,33029,6060,0
MutexBased,500,38000,38000,6152,1
MutexBased,500,38000,20158,7991,0
MutexBased,600,38000,38000,10137,1
MutexBased,600,38000,29848,5007,0
MutexBased,700,38000,38000,6711,1
MutexBased,700,38000,36460,5812,0
MutexBased,800,38000,38000,6246,1
MutexBased,800,38000,29969,4825,0
MutexBased,900,38000,38000,6103,1
MutexBased,900,38000,35026,4840,0
MutexBased,1000,38000,38000,7088,1
MutexBased,1000,38000,31636,4942,0
MutexBased,1100,38000,38000,5846,1
MutexBased,1100,38000,30799,4839,0
MutexBased,1200,38000,38000,6304,1
MutexBased,1200,38000,36198,5705,0
MutexBased,1300,38000,38000,6271,1
MutexBased,1300,38000,32356,4496,0
MutexBased,1400,38000,38000,5772,1
MutexBased,1400,38000,35515,5302,0
MutexBased,1500,38000,38000,6530,1
MutexBased,1500,38000,27968,4870,0
MutexBased,1600,38000,38000,6560,1
MutexBased,1600,38000,29984,5040,0
MutexBased,1700,38000,38000,5125,1
MutexBased,1700,38000,36233,5769,0
MutexBased,1800,38000,38000,6341,1
MutexBased,1800,38000,38000,5779,0
MutexBased,1900,38000,38000,5439,1
MutexBased,1900,38000,33901,6189,0
MutexBased,2000,38000,38000,6095,1
MutexBased,2000,38000,36688,5183,0
MutexBased,100,39000,39000,7545,1
MutexBased,100,39000,26370,4611,0
MutexBased,200,39000,39000,6580,1
MutexBased,200,39000,29516,6384,0
MutexBased,300,39000,39000,7197,1
MutexBased,300,39000,31642,5378,0
MutexBased,400,39000,39000,12360,1
MutexBased,400,39000,27253,6034,0
MutexBased,500,39000,39000,6146,1
MutexBased,500,39000,38456,5999,0
MutexBased,600,39000,39000,6517,1
MutexBased,600,39000,34360,6358,0
MutexBased,700,39000,39000,6388,1
MutexBased,700,39000,28178,5260,0
MutexBased,800,39000,39000,6150,1
MutexBased,800,39000,38609,6088,0
MutexBased,900,39000,39000,7604,1
MutexBased,900,39000,37829,5598,0
MutexBased,1000,39000,39000,6406,1
MutexBased,1000,39000,23942,4463,0
MutexBased,1100,39000,39000,5760,1
MutexBased,1100,39000,25843,4401,0
MutexBased,1200,39000,39000,11211,1
MutexBased,1200,39000,38252,6087,0
MutexBased,1300,39000,39000,6451,1
MutexBased,1300,39000,38862,5405,0
MutexBased,1400,39000,39000,6061,1
MutexBased,1400,39000,35819,6387,0
MutexBased,1500,39000,39000,6091,1
MutexBased,1500,39000,26225,4386,0
MutexBased,1600,39000,39000,6490,1
MutexBased,1600,39000,32589,5041,0
MutexBased,1700,39000,39000,5331,1
MutexBased,1700,39000,38229,4613,0
MutexBased,1800,39000,39000,6660,1
MutexBased,1800,39000,36442,5512,0
MutexBased,1900,39000,39000,6211,1
MutexBased,1900,39000,38834,7121,0
MutexBased,2000,39000,39000,5839,1
MutexBased,2000,39000,23069,3474,0
MutexBased,100,40000,40000,8572,1
MutexBased,100,40000,30871,5843,0
MutexBased,200,40000,40000,7493,1
MutexBased,200,40000,28896,4822,0
MutexBased,300,40000,40000,6787,1
MutexBased,300,40000,24237,5462,0
MutexBased,400,40000,40000,7039,1
MutexBased,400,40000,32834,5756,0
MutexBased,500,40000,40000,7263,1
MutexBased,500,40000,38915,6331,0
MutexBased,600,40000,40000,7228,1
MutexBased,600,40000,26603,4956,0
MutexBased,700,40000,40000,6705,1
MutexBased,700,40000,23610,5157,0
MutexBased,800,40000,40000,6494,1
MutexBased,800,40000,36317,5906,0
MutexBased,900,40000,40000,6459,1
MutexBased,900,40000,31917,5461,0
MutexBased,1000,40000,40000,6036,1
MutexBased,1000,40000,32986,6077,0
MutexBased,1100,40000,40000,6546,1
MutexBased,1100,40000,38351,6147,0
MutexBased,1200,40000,40000,7298,1
MutexBased,1200,40000,36753,5748,0
MutexBased,1300,40000,40000,5738,1
MutexBased,1300,40000,40000,6958,0
MutexBased,1400,40000,40000,6245,1
MutexBased,1400,40000,38483,5913,0
MutexBased,1500,40000,40000,7000,1
MutexBased,1500,40000,38401,5898,0
MutexBased,1600,40000,40000,7461,1
MutexBased,1600,40000,36564,5710,0
MutexBased,1700,40000,40000,6683,1
MutexBased,1700,40000,25537,4138,0
MutexBased,1800,40000,40000,6045,1
MutexBased,1800,40000,39863,6156,0
MutexBased,1900,40000,40000,7442,1
MutexBased,1900,40000,39625,6014,0
MutexBased,2000,40000,40000,5985,1
MutexBased,2000,40000,32785,4947,0
MutexBased,100,41000,41000,7499,1
MutexBased,100,41000,30913,5573,0
MutexBased,200,41000,41000,7699,1
MutexBased,200,41000,30105,5074,0
MutexBased,300,41000,41000,8363,1
MutexBased,300,41000,36204,6542,0
MutexBased,400,41000,41000,6780,1
MutexBased,400,41000,16236,3653,0
MutexBased,500,41000,41000,6158,1
MutexBased,500,41000,40331,6702,0
MutexBased,600,41000,41000,7365,1
MutexBased,600,41000,37497,6559,0
MutexBased,700,41000,41000,6824,1
MutexBased,700,41000,28791,4904,0
MutexBased,800,41000,41000,6546,1
MutexBased,800,41000,38505,5915,0
MutexBased,900,41000,41000,7901,1
MutexBased,900,41000,32496,4457,0
MutexBased,1000,41000,41000,7884,1
MutexBased,1000,41000,37506,5663,0
MutexBased,1100,41000,41000,6263,1
MutexBased,1100,41000,25262,5141,0
MutexBased,1200,41000,41000,6255,1
MutexBased,1200,41000,39836,6088,0
MutexBased,1300,41000,41000,6838,1
MutexBased,1300,41000,35020,4790,0
MutexBased,1400,41000,41000,6575,1
MutexBased,1400,41000,7074,2115,0
MutexBased,1500,41000,41000,7527,1
MutexBased,1500,41000,35885,5771,0
MutexBased,1600,41000,41000,6789,1
MutexBased,1600,41000,41000,6193,0
MutexBased,1700,41000,41000,5364,1
MutexBased,1700,41000,17351,3420,0
MutexBased,1800,41000,41000,6349,1
MutexBased,1800,41000,36494,5925,0
MutexBased,1900,41000,41000,7998,1
MutexBased,1900,41000,31528,5065,0
MutexBased,2000,41000,41000,6371,1
MutexBased,2000,41000,30430,4838,0
MutexBased,100,42000,42000,7785,1
MutexBased,100,42000,25622,4510,0
MutexBased,200,42000,42000,8162,1
MutexBased,200,42000,41025,6575,0
MutexBased,300,42000,42000,9493,1
MutexBased,300,42000,38170,6832,0
MutexBased,400,42000,42000,8465,1
MutexBased,400,42000,22467,4464,0
MutexBased,500,42000,42000,6400,1
MutexBased,500,42000,35286,5525,0
MutexBased,600,42000,42000,7256,1
MutexBased,600,42000,36269,6040,0
MutexBased,700,42000,42000,7828,1
MutexBased,700,42000,36221,5858,0
MutexBased,800,42000,42000,7061,1
MutexBased,800,42000,37722,6531,0
MutexBased,900,42000,42000,5955,1
MutexBased,900,42000,40610,5443,0
MutexBased,1000,42000,42000,7290,1
MutexBased,1000,42000,41012,6680,0
MutexBased,1100,42000,42000,7240,1
MutexBased,1100,42000,30632,4894,0
MutexBased,1200,42000,42000,6689,1
MutexBased,1200,42000,22962,4443,0
MutexBased,1300,42000,42000,5864,1
MutexBased,1300,42000,34705,4750,0
MutexBased,1400,42000,42000,7371,1
MutexBased,1400,42000,37868,5736,0
MutexBased,1500,42000,42000,6693,1
MutexBased,1500,42000,29338,5698,0
MutexBased,1600,42000,42000,6545,1
MutexBased,1600,42000,42000,6658,0
MutexBased,1700,42000,42000,6291,1
MutexBased,1700,42000,31165,4490,0
MutexBased,1800,42000,42000,6323,1
MutexBased,1800,42000,32869,6486,0
MutexBased,1900,42000,42000,7425,1
MutexBased,1900,42000,36658,6133,0
MutexBased,2000,42000,42000,7349,1
MutexBased,2000,42000,40279,6008,0
MutexBased,100,43000,43000,9019,1
MutexBased,100,43000,35258,6333,0
MutexBased,200,43000,43000,8945,1
MutexBased,200,43000,32968,5536,0
MutexBased,300,43000,43000,9724,1
MutexBased,300,43000,28820,5874,0
MutexBased,400,43000,43000,7849,1
MutexBased,400,43000,22387,6590,0
MutexBased,500,43000,43000,5927,1
MutexBased,500,43000,37510,5158,0
MutexBased,600,43000,43000,7409,1
MutexBased,600,43000,31008,5190,0
MutexBased,700,43000,43000,7238,1
MutexBased,700,43000,31718,6178,0
MutexBased,800,43000,43000,7295,1
MutexBased,800,43000,31067,4692,0
MutexBased,900,43000,43000,6472,1
MutexBased,900,43000,23775,5055,0
MutexBased,1000,43000,43000,7306,1
MutexBased,1000,43000,39607,6564,0
MutexBased,1100,43000,43000,6256,1
MutexBased,1100,43000,11652,3962,0
MutexBased,1200,43000,43000,7707,1
MutexBased,1200,43000,37643,6081,0
MutexBased,1300,43000,43000,7267,1
MutexBased,1300,43000,41157,5995,0
MutexBased,1400,43000,43000,6479,1
MutexBased,1400,43000,30935,5127,0
MutexBased,1500,43000,43000,6555,1
MutexBased,1500,43000,41250,6984,0
MutexBased,1600,43000,43000,6836,1
MutexBased,1600,43000,42798,6655,0
MutexBased,1700,43000,43000,7132,1
MutexBased,1700,43000,42351,5689,0
MutexBased,1800,43000,43000,6493,1
MutexBased,1800,43000,15155,2649,0
MutexBased,1900,43000,43000,6447,1
MutexBased,1900,43000,39538,5835,0
MutexBased,2000,43000,43000,7258,1
MutexBased,2000,43000,41594,6110,0
MutexBased,100,44000,44000,8172,1
MutexBased,100,44000,27533,6203,0
MutexBased,200,44000,44000,7045,1
MutexBased,200,44000,37918,7631,0
MutexBased,300,44000,44000,7532,1
MutexBased,300,44000,37007,6257,0
MutexBased,400,44000,44000,7951,1
MutexBased,400,44000,40621,6603,0
MutexBased,500,44000,44000,8225,1
MutexBased,500,44000,34306,5442,0
MutexBased,600,44000,44000,6795,1
MutexBased,600,44000,32584,5479,0
MutexBased,700,44000,44000,7089,1
MutexBased,700,44000,38939,6268,0
MutexBased,800,44000,44000,7951,1
MutexBased,800,44000,41564,6554,0
MutexBased,900,44000,44000,7264,1
MutexBased,900,44000,36499,5165,0
MutexBased,1000,44000,44000,6965,1
MutexBased,1000,44000,29849,4790,0
MutexBased,1100,44000,44000,7301,1
MutexBased,1100,44000,33297,5223,0
MutexBased,1200,44000,44000,7301,1
MutexBased,1200,44000,34451,5614,0
MutexBased,1300,44000,44000,5880,1
MutexBased,1300,44000,36124,5997,0
MutexBased,1400,44000,44000,7611,1
MutexBased,1400,44000,40833,6209,0
MutexBased,1500,44000,44000,6912,1
MutexBased,1500,44000,27421,4695,0
MutexBased,1600,44000,44000,6859,1
MutexBased,1600,44000,40545,6086,0
MutexBased,1700,44000,44000,5860,1
MutexBased,1700,44000,34203,5116,0
MutexBased,1800,44000,44000,6615,1
MutexBased,1800,44000,31911,5082,0
MutexBased,1900,44000,44000,6410,1
MutexBased,1900,44000,35291,5511,0
MutexBased,2000,44000,44000,7080,1
MutexBased,2000,44000,22005,4349,0
MutexBased,100,45000,45000,8438,1
MutexBased,100,45000,25283,4644,0
MutexBased,200,45000,45000,8468,1
MutexBased,200,45000,34054,5554,0
MutexBased,300,45000,45000,10137,1
MutexBased,300,45000,40596,6997,0
MutexBased,400,45000,45000,8211,1
MutexBased,400,45000,40421,7801,0
MutexBased,500,45000,45000,6758,1
MutexBased,500,45000,31449,6707,0
MutexBased,600,45000,45000,7031,1
MutexBased,600,45000,35890,5880,0
MutexBased,700,45000,45000,7814,1
MutexBased,700,45000,39447,6301,0
MutexBased,800,45000,45000,8056,1
MutexBased,800,45000,40023,6104,0
MutexBased,900,45000,45000,6496,1
MutexBased,900,45000,41632,6701,0
MutexBased,1000,45000,45000,7146,1
MutexBased,1000,45000,27816,5580,0
MutexBased,1100,45000,45000,6881,1
MutexBased,1100,45000,27573,4880,0
MutexBased,1200,45000,45000,8327,1
MutexBased,1200,45000,34160,5418,0
MutexBased,1300,45000,45000,5908,1
MutexBased,1300,45000,22727,4181,0
MutexBased,1400,45000,45000,6958,1
MutexBased,1400,45000,40839,6609,0
MutexBased,1500,45000,45000,7558,1
MutexBased,1500,45000,43818,6877,0
MutexBased,1600,45000,45000,7626,1
MutexBased,1600,45000,44435,7299,0
MutexBased,1700,45000,45000,5657,1
MutexBased,1700,45000,26630,3975,0
MutexBased,1800,45000,45000,7108,1
MutexBased,1800,45000,43746,6700,0
MutexBased,1900,45000,45000,7421,1
MutexBased,1900,45000,43675,6841,0
MutexBased,2000,45000,45000,6972,1
MutexBased,2000,45000,35727,5866,0
MutexBased,100,46000,46000,8759,1
MutexBased,100,46000,18616,3792,0
MutexBased,200,46000,46000,7727,1
MutexBased,200,46000,37130,6168,0
MutexBased,300,46000,46000,8736,1
MutexBased,300,46000,33439,6580,0
MutexBased,400,46000,46000,8540,1
MutexBased,400,46000,40625,6672,0
MutexBased,500,46000,46000,8271,1
MutexBased,500,46000,43015,6399,0
MutexBased,600,46000,46000,8167,1
MutexBased,600,46000,27433,5163,0
MutexBased,700,46000,46000,7332,1
MutexBased,700,46000,38450,6390,0
MutexBased,800,46000,46000,7228,1
MutexBased,800,46000,40940,6422,0
MutexBased,900,46000,46000,7738,1
MutexBased,900,46000,45441,6472,0
MutexBased,1000,46000,46000,8565,1
MutexBased,1000,46000,39114,6357,0
MutexBased,1100,46000,46000,7268,1
MutexBased,1100,46000,34306,6327,0
MutexBased,1200,46000,46000,7254,1
MutexBased,1200,46000,40038,6014,0
MutexBased,1300,46000,46000,7309,1
MutexBased,1300,46000,44729,6359,0
MutexBased,1400,46000,46000,8056,1
MutexBased,1400,46000,46000,7298,0
MutexBased,1500,46000,46000,8589,1
MutexBased,1500,46000,31981,5720,0
MutexBased,1600,46000,46000,7718,1
MutexBased,1600,46000,21252,4296,0
MutexBased,1700,46000,46000,6037,1
MutexBased,1700,46000,39794,5818,0
MutexBased,1800,46000,46000,7537,1
MutexBased,1800,46000,44457,7099,0
MutexBased,1900,46000,46000,7846,1
MutexBased,1900,46000,38856,5792,0
MutexBased,2000,46000,46000,7449,1
MutexBased,2000,46000,32569,5596,0
MutexBased,100,47000,47000,8557,1
MutexBased,100,47000,34929,7489,0
MutexBased,200,47000,47000,7819,1
MutexBased,200,47000,34279,7119,0
MutexBased,300,47000,47000,9367,1
MutexBased,300,47000,39839,6963,0
MutexBased,400,47000,47000,9082,1
MutexBased,400,47000,34407,6076,0
MutexBased,500,47000,47000,7980,1
MutexBased,500,47000,45496,6943,0
MutexBased,600,47000,47000,8005,1
MutexBased,600,47000,46547,7675,0
MutexBased,700,47000,47000,7440,1
MutexBased,700,47000,30972,5076,0
MutexBased,800,47000,47000,7826,1
MutexBased,800,47000,37564,6065,0
MutexBased,900,47000,47000,7812,1
MutexBased,900,47000,24957,3769,0
MutexBased,1000,47000,47000,7532,1
MutexBased,1000,47000,31533,5572,0
MutexBased,1100,47000,47000,7620,1
MutexBased,1100,47000,36347,5501,0
MutexBased,1200,47000,47000,7734,1
MutexBased,1200,47000,42082,6966,0
MutexBased,1300,47000,47000,7302,1
MutexBased,1300,47000,44474,6098,0
MutexBased,1400,47000,47000,8349,1
MutexBased,1400,47000,44999,6678,0
MutexBased,1500,47000,47000,8236,1
MutexBased,1500,47000,45894,7711,0
MutexBased,1600,47000,47000,7019,1
MutexBased,1600,47000,46322,8306,0
MutexBased,1700,47000,47000,6292,1
MutexBased,1700,47000,45812,5977,0
MutexBased,1800,47000,47000,8434,1
MutexBased,1800,47000,30901,5534,0
MutexBased,1900,47000,47000,7993,1
MutexBased,1900,47000,6367,1968,0
MutexBased,2000,47000,47000,7260,1
MutexBased,2000,47000,44904,8479,0
MutexBased,100,48000,48000,8610,1
MutexBased,100,48000,28798,7057,0
MutexBased,200,48000,48000,7954,1
MutexBased,200,48000,39674,6517,0
MutexBased,300,48000,48000,9049,1
MutexBased,300,48000,41038,7955,0
MutexBased,400,48000,48000,8458,1
MutexBased,400,48000,32434,6298,0
MutexBased,500,48000,48000,8062,1
MutexBased,500,48000,39453,6225,0
MutexBased,600,48000,48000,9566,1
MutexBased,600,48000,43809,7426,0
MutexBased,700,48000,48000,7624,1
MutexBased,700,48000,37073,6952,0
MutexBased,800,48000,48000,7396,1
MutexBased,800,48000,34830,6473,0
MutexBased,900,48000,48000,6884,1
MutexBased,900,48000,41317,5869,0
MutexBased,1000,48000,48000,8184,1
MutexBased,1000,48000,47452,7382,0
MutexBased,1100,48000,48000,7538,1
MutexBased,1100,48000,43014,6655,0
MutexBased,1200,48000,48000,7730,1
MutexBased,1200,48000,45415,7647,0
MutexBased,1300,48000,48000,6860,1
MutexBased,1300,48000,36455,6094,0
MutexBased,1400,48000,48000,7579,1
MutexBased,1400,48000,48000,7726,0
MutexBased,1500,48000,48000,8335,1
MutexBased,1500,48000,46180,7263,0
MutexBased,1600,48000,48000,7702,1
MutexBased,1600,48000,42017,6629,0
MutexBased,1700,48000,48000,7084,1
MutexBased,1700,48000,41503,5197,0
MutexBased,1800,48000,48000,7305,1
MutexBased,1800,48000,36462,5484,0
MutexBased,1900,48000,48000,7060,1
MutexBased,1900,48000,47026,7089,0
MutexBased,2000,48000,48000,8282,1
MutexBased,2000,48000,31659,5558,0
MutexBased,100,49000,49000,10525,1
MutexBased,100,49000,36248,6971,0
MutexBased,200,49000,49000,12410,1
MutexBased,200,49000,34932,7704,0
MutexBased,300,49000,49000,9247,1
MutexBased,300,49000,45162,7542,0
MutexBased,400,49000,49000,9713,1
MutexBased,400,49000,41741,8309,0
MutexBased,500,49000,49000,8236,1
MutexBased,500,49000,41517,6580,0
MutexBased,600,49000,49000,9200,1
MutexBased,600,49000,43127,6630,0
MutexBased,700,49000,49000,8165,1
MutexBased,700,49000,34884,6640,0
MutexBased,800,49000,49000,7608,1
MutexBased,800,49000,22921,4724,0
MutexBased,900,49000,49000,7131,1
MutexBased,900,49000,46820,6113,0
MutexBased,1000,49000,49000,7782,1
MutexBased,1000,49000,29292,4885,0
MutexBased,1100,49000,49000,7359,1
MutexBased,1100,49000,36547,6441,0
MutexBased,1200,49000,49000,8129,1
MutexBased,1200,49000,45504,8006,0
MutexBased,1300,49000,49000,6556,1
MutexBased,1300,49000,45302,6531,0
MutexBased,1400,49000,49000,7727,1
MutexBased,1400,49000,46209,7272,0
MutexBased,1500,49000,49000,8258,1
MutexBased,1500,49000,48307,7800,0
MutexBased,1600,49000,49000,7960,1
MutexBased,1600,49000,37612,6753,0
MutexBased,1700,49000,49000,6956,1
MutexBased,1700,49000,26744,4664,0
MutexBased,1800,49000,49000,7646,1
MutexBased,1800,49000,31705,5789,0
MutexBased,1900,49000,49000,8666,1
MutexBased,1900,49000,48175,7508,0
MutexBased,2000,49000,49000,8535,1
MutexBased,2000,49000,29291,5697,0
MutexBased,100,50000,50000,11448,1
MutexBased,100,50000,33077,6147,0
MutexBased,200,50000,50000,9596,1
MutexBased,200,50000,43890,7529,0
MutexBased,300,50000,50000,9960,1
MutexBased,300,50000,45961,7893,0
MutexBased,400,50000,50000,10129,1
MutexBased,400,50000,43757,7911,0
MutexBased,500,50000,50000,8951,1
MutexBased,500,50000,44651,7093,0
MutexBased,600,50000,50000,8759,1
MutexBased,600,50000,37737,7608,0
MutexBased,700,50000,50000,8072,1
MutexBased,700,50000,45808,7940,0
MutexBased,800,50000,50000,8357,1
MutexBased,800,50000,18805,4463,0
MutexBased,900,50000,50000,6879,1
MutexBased,900,50000,35403,5601,0
MutexBased,1000,50000,50000,9116,1
MutexBased,1000,50000,43567,6841,0
MutexBased,1100,50000,50000,8518,1
MutexBased,1100,50000,48848,7592,0
MutexBased,1200,50000,50000,7962,1
MutexBased,1200,50000,45421,7469,0
MutexBased,1300,50000,50000,7922,1
MutexBased,1300,50000,15223,3504,0
MutexBased,1400,50000,50000,7496,1
MutexBased,1400,50000,49691,7893,0
MutexBased,1500,50000,50000,8183,1
MutexBased,1500,50000,50000,8664,0
MutexBased,1600,50000,50000,8733,1
MutexBased,1600,50000,50000,7709,0
MutexBased,1700,50000,50000,7447,1
MutexBased,1700,50000,40254,4895,0
MutexBased,1800,50000,50000,8308,1
MutexBased,1800,50000,49622,7722,0
MutexBased,1900,50000,50000,7145,1
MutexBased,1900,50000,42857,7016,0
MutexBased,2000,50000,50000,7633,1
MutexBased,2000,50000,31139,5334,0
MutexBased,100,51000,51000,9533,1
MutexBased,100,51000,25254,4620,0
MutexBased,200,51000,51000,9031,1
MutexBased,200,51000,46350,7740,0
MutexBased,300,51000,51000,10904,1
MutexBased,300,51000,36953,6518,0
MutexBased,400,51000,51000,9848,1
MutexBased,400,51000,42375,7367,0
MutexBased,500,51000,51000,8427,1
MutexBased,500,51000,47176,7226,0
MutexBased,600,51000,51000,8286,1
MutexBased,600,51000,39156,6550,0
MutexBased,700,51000,51000,8746,1
MutexBased,700,51000,3467,1978,0
MutexBased,800,51000,51000,8231,1
MutexBased,800,51000,41259,6608,0
MutexBased,900,51000,51000,8472,1
MutexBased,900,51000,45663,6089,0
MutexBased,1000,51000,51000,9092,1
MutexBased,1000,51000,43966,7629,0
MutexBased,1100,51000,51000,8845,1
MutexBased,1100,51000,41190,6098,0
MutexBased,1200,51000,51000,7911,1
MutexBased,1200,51000,25569,5137,0
MutexBased,1300,51000,51000,8924,1
MutexBased,1300,51000,29256,5596,0
MutexBased,1400,51000,51000,8242,1
MutexBased,1400,51000,51000,8106,0
MutexBased,1500,51000,51000,8872,1
MutexBased,1500,51000,49007,8475,0
MutexBased,1600,51000,51000,7939,1
MutexBased,1600,51000,41894,6581,0
MutexBased,1700,51000,51000,7250,1
MutexBased,1700,51000,41795,5055,0
MutexBased,1800,51000,51000,8974,1
MutexBased,1800,51000,41444,7002,0
MutexBased,1900,51000,51000,7832,1
MutexBased,1900,51000,51000,8862,0
MutexBased,2000,51000,51000,7731,1
MutexBased,2000,51000,44918,6731,0
MutexBased,100,52000,52000,9868,1
MutexBased,100,52000,32420,6372,0
MutexBased,200,52000,52000,8736,1
MutexBased,200,52000,48475,7553,0
MutexBased,300,52000,52000,10020,1
MutexBased,300,52000,40176,6934,0
MutexBased,400,52000,52000,9686,1
MutexBased,400,52000,44854,7344,0
MutexBased,500,52000,52000,8901,1
MutexBased,500,52000,39056,6912,0
MutexBased,600,52000,52000,9711,1
MutexBased,600,52000,25984,4947,0
MutexBased,700,52000,52000,9518,1
MutexBased,700,52000,51073,8060,0
MutexBased,800,52000,52000,9071,1
MutexBased,800,52000,48814,7792,0
MutexBased,900,52000,52000,8428,1
MutexBased,900,52000,31066,4907,0
MutexBased,1000,52000,52000,8961,1
MutexBased,1000,52000,37530,6611,0
MutexBased,1100,52000,52000,8071,1
MutexBased,1100,52000,42637,8269,0
MutexBased,1200,52000,52000,8293,1
MutexBased,1200,52000,36373,5904,0
MutexBased,1300,52000,52000,8376,1
MutexBased,1300,52000,50827,8476,0
MutexBased,1400,52000,52000,8279,1
MutexBased,1400,52000,52000,8656,0
MutexBased,1500,52000,52000,9480,1
MutexBased,1500,52000,51993,8374,0
MutexBased,1600,52000,52000,10008,1
MutexBased,1600,52000,49348,9019,0
MutexBased,1700,52000,52000,7714,1
MutexBased,1700,52000,47118,6858,0
MutexBased,1800,52000,52000,7780,1
MutexBased,1800,52000,48879,7591,0
MutexBased,1900,52000,52000,7455,1
MutexBased,1900,52000,49916,7701,0
MutexBased,2000,52000,52000,8538,1
MutexBased,2000,52000,33172,5622,0
MutexBased,100,53000,53000,9661,1
MutexBased,100,53000,29479,6942,0
MutexBased,200,53000,53000,9101,1
MutexBased,200,53000,22207,6486,0
MutexBased,300,53000,53000,9018,1
MutexBased,300,53000,38875,6846,0
MutexBased,400,53000,53000,9570,1
MutexBased,400,53000,39139,6858,0
MutexBased,500,53000,53000,10663,1
MutexBased,500,53000,31606,5872,0
MutexBased,600,53000,53000,9297,1
MutexBased,600,53000,28291,5552,0
MutexBased,700,53000,53000,8606,1
MutexBased,700,53000,49573,8617,0
MutexBased,800,53000,53000,9277,1
MutexBased,800,53000,40814,6625,0
MutexBased,900,53000,53000,8459,1
MutexBased,900,53000,51864,7314,0
MutexBased,1000,53000,53000,8207,1
MutexBased,1000,53000,31711,6485,0
MutexBased,1100,53000,53000,8115,1
MutexBased,1100,53000,29528,5514,0
MutexBased,1200,53000,53000,8082,1
MutexBased,1200,53000,47287,7417,0
MutexBased,1300,53000,53000,7973,1
MutexBased,1300,53000,44941,6409,0
MutexBased,1400,53000,53000,11357,1
MutexBased,1400,53000,17442,4459,0
MutexBased,1500,53000,53000,9037,1
MutexBased,1500,53000,51498,8687,0
MutexBased,1600,53000,53000,9684,1
MutexBased,1600,53000,52643,9492,0
MutexBased,1700,53000,53000,8229,1
MutexBased,1700,53000,51573,6187,0
MutexBased,1800,53000,53000,10115,1
MutexBased,1800,53000,49394,7457,0
MutexBased,1900,53000,53000,8858,1
MutexBased,1900,53000,52984,8409,0
MutexBased,2000,53000,53000,9774,1
MutexBased,2000,53000,34171,5480,0
MutexBased,100,54000,54000,11226,1
MutexBased,100,54000,31207,7001,0
MutexBased,200,54000,54000,9016,1
MutexBased,200,54000,30995,6452,0
MutexBased,300,54000,54000,9619,1
MutexBased,300,54000,42011,8618,0
MutexBased,400,54000,54000,9636,1
MutexBased,400,54000,34718,5950,0
MutexBased,500,54000,54000,8724,1
MutexBased,500,54000,23029,5199,0
MutexBased,600,54000,54000,9312,1
MutexBased,600,54000,47542,7847,0
MutexBased,700,54000,54000,9779,1
MutexBased,700,54000,42019,7047,0
MutexBased,800,54000,54000,9380,1
MutexBased,800,54000,51215,7986,0
MutexBased,900,54000,54000,8905,1
MutexBased,900,54000,52097,7370,0
MutexBased,1000,54000,54000,8724,1
MutexBased,1000,54000,50703,8392,0
MutexBased,1100,54000,54000,9081,1
MutexBased,1100,54000,44686,7118,0
MutexBased,1200,54000,54000,9685,1
MutexBased,1200,54000,49169,8516,0
MutexBased,1300,54000,54000,8509,1
MutexBased,1300,54000,46484,6147,0
MutexBased,1400,54000,54000,9901,1
MutexBased,1400,54000,54000,8793,0
MutexBased,1500,54000,54000,9371,1
MutexBased,1500,54000,48657,8077,0
MutexBased,1600,54000,54000,9078,1
MutexBased,1600,54000,52902,8126,0
MutexBased,1700,54000,54000,6948,1
MutexBased,1700,54000,42936,5807,0
MutexBased,1800,54000,54000,8766,1
MutexBased,1800,54000,44806,6786,0
MutexBased,1900,54000,54000,9086,1
MutexBased,1900,54000,36112,5916,0
MutexBased,2000,54000,54000,8485,1
MutexBased,2000,54000,33982,5392,0
MutexBased,100,55000,55000,10534,1
MutexBased,100,55000,30184,5794,0
MutexBased,200,55000,55000,10660,1
MutexBased,200,55000,52273,8363,0
MutexBased,300,55000,55000,10487,1
MutexBased,300,55000,50374,9056,0
MutexBased,400,55000,55000,10167,1
MutexBased,400,55000,39423,7258,0
MutexBased,500,55000,55000,9797,1
MutexBased,500,55000,35049,5502,0
MutexBased,600,55000,55000,9832,1
MutexBased,600,55000,50570,8280,0
MutexBased,700,55000,55000,10260,1
MutexBased,700,55000,52110,9097,0
MutexBased,800,55000,55000,9699,1
MutexBased,800,55000,52117,8238,0
MutexBased,900,55000,55000,7928,1
MutexBased,900,55000,48559,6681,0
MutexBased,1000,55000,55000,9210,1
MutexBased,1000,55000,31599,5882,0
MutexBased,1100,55000,55000,8929,1
MutexBased,1100,55000,53824,8321,0
MutexBased,1200,55000,55000,10201,1
MutexBased,1200,55000,33161,5772,0
MutexBased,1300,55000,55000,7343,1
MutexBased,1300,55000,30386,5161,0
MutexBased,1400,55000,55000,9033,1
MutexBased,1400,55000,31005,5266,0
MutexBased,1500,55000,55000,9236,1
MutexBased,1500,55000,43816,7340,0
MutexBased,1600,55000,55000,8944,1
MutexBased,1600,55000,54348,8512,0
MutexBased,1700,55000,55000,8164,1
MutexBased,1700,55000,37858,4942,0
MutexBased,1800,55000,55000,9855,1
MutexBased,1800,55000,46037,7297,0
MutexBased,1900,55000,55000,9581,1
MutexBased,1900,55000,53734,7981,0
MutexBased,2000,55000,55000,9911,1
MutexBased,2000,55000,50094,8033,0
MutexBased,100,56000,56000,11100,1
MutexBased,100,56000,44511,7702,0
MutexBased,200,56000,56000,10612,1
MutexBased,200,56000,50296,8152,0
MutexBased,300,56000,56000,10992,1
MutexBased,300,56000,48721,8771,0
MutexBased,400,56000,56000,10972,1
MutexBased,400,56000,39027,8069,0
MutexBased,500,56000,56000,9450,1
MutexBased,500,56000,31940,5066,0
MutexBased,600,56000,56000,9732,1
MutexBased,600,56000,36054,5905,0
MutexBased,700,56000,56000,10003,1
MutexBased,700,56000,44612,7207,0
MutexBased,800,56000,56000,9805,1
MutexBased,800,56000,51290,8098,0
MutexBased,900,56000,56000,9110,1
MutexBased,900,56000,43744,8064,0
MutexBased,1000,56000,56000,9228,1
MutexBased,1000,56000,33689,6518,0
MutexBased,1100,56000,56000,9489,1
MutexBased,1100,56000,55895,8953,0
MutexBased,1200,56000,56000,9616,1
MutexBased,1200,56000,11740,3208,0
MutexBased,1300,56000,56000,11157,1
MutexBased,1300,56000,33511,5528,0
MutexBased,1400,56000,56000,8743,1
MutexBased,1400,56000,30840,5119,0
MutexBased,1500,56000,56000,9479,1
MutexBased,1500,56000,45347,7461,0
MutexBased,1600,56000,56000,9389,1
MutexBased,1600,56000,56000,9139,0
MutexBased,1700,56000,56000,8842,1
MutexBased,1700,56000,38797,5939,0
MutexBased,1800,56000,56000,10671,1
MutexBased,1800,56000,42717,7395,0
MutexBased,1900,56000,56000,9338,1
MutexBased,1900,56000,42107,6411,0
MutexBased,2000,56000,56000,10742,1
MutexBased,2000,56000,37644,6205,0
MutexBased,100,57000,57000,10866,1
MutexBased,100,57000,44562,8350,0
MutexBased,200,57000,57000,10657,1
MutexBased,200,57000,50782,8233,0
MutexBased,300,57000,57000,11034,1
MutexBased,300,57000,30224,5693,0
MutexBased,400,57000,57000,12576,1
MutexBased,400,57000,48017,7777,0
MutexBased,500,57000,57000,9913,1
MutexBased,500,57000,47641,7423,0
MutexBased,600,57000,57000,10323,1
MutexBased,600,57000,46865,7391,0
MutexBased,700,57000,57000,9956,1
MutexBased,700,57000,52172,8154,0
MutexBased,800,57000,57000,10033,1
MutexBased,800,57000,54303,9234,0
MutexBased,900,57000,57000,7988,1
MutexBased,900,57000,48803,6897,0
MutexBased,1000,57000,57000,9256,1
MutexBased,1000,57000,52920,8361,0
MutexBased,1100,57000,57000,9635,1
MutexBased,1100,57000,57000,9700,0
MutexBased,1200,57000,57000,9452,1
MutexBased,1200,57000,46396,7289,0
MutexBased,1300,57000,57000,10302,1
MutexBased,1300,57000,49014,7006,0
MutexBased,1400,57000,57000,9049,1
MutexBased,1400,57000,51421,8460,0
MutexBased,1500,57000,57000,10123,1
MutexBased,1500,57000,50082,8115,0
MutexBased,1600,57000,57000,9506,1
MutexBased,1600,57000,52261,10150,0
MutexBased,1700,57000,57000,6916,1
MutexBased,1700,57000,40160,5745,0
MutexBased,1800,57000,57000,8510,1
MutexBased,1800,57000,56713,9166,0
MutexBased,1900,57000,57000,9226,1
MutexBased,1900,57000,49119,6956,0
MutexBased,2000,57000,57000,9455,1
MutexBased,2000,57000,48134,7200,0
MutexBased,100,58000,58000,11116,1
MutexBased,100,58000,42725,7526,0
MutexBased,200,58000,58000,10490,1
MutexBased,200,58000,31797,5735,0
MutexBased,300,58000,58000,10829,1
MutexBased,300,58000,44375,7911,0
MutexBased,400,58000,58000,10644,1
MutexBased,400,58000,45745,8549,0
MutexBased,500,58000,58000,10322,1
MutexBased,500,58000,48880,7371,0
MutexBased,600,58000,58000,10142,1
MutexBased,600,58000,52471,8189,0
MutexBased,700,58000,58000,10939,1
MutexBased,700,58000,57195,8826,0
MutexBased,800,58000,58000,10449,1
MutexBased,800,58000,41816,7177,0
MutexBased,900,58000,58000,8487,1
MutexBased,900,58000,57099,8076,0
MutexBased,1000,58000,58000,10526,1
MutexBased,1000,58000,50497,8554,0
MutexBased,1100,58000,58000,9018,1
MutexBased,1100,58000,44527,6705,0
MutexBased,1200,58000,58000,9350,1
MutexBased,1200,58000,28301,9475,0
MutexBased,1300,58000,58000,10293,1
MutexBased,1300,58000,56421,7237,0
MutexBased,1400,58000,58000,9347,1
MutexBased,1400,58000,44556,7212,0
MutexBased,1500,58000,58000,10140,1
MutexBased,1500,58000,52727,9074,0
MutexBased,1600,58000,58000,10204,1
MutexBased,1600,58000,53507,8802,0
MutexBased,1700,58000,58000,8594,1
MutexBased,1700,58000,57393,7771,0
MutexBased,1800,58000,58000,10146,1
MutexBased,1800,58000,55662,8708,0
MutexBased,1900,58000,58000,8954,1
MutexBased,1900,58000,53209,8115,0
MutexBased,2000,58000,58000,10360,1
MutexBased,2000,58000,34733,5496,0
MutexBased,100,59000,59000,11880,1
MutexBased,100,59000,39142,7155,0
MutexBased,200,59000,59000,10900,1
MutexBased,200,59000,40977,7607,0
MutexBased,300,59000,59000,9293,1
MutexBased,300,59000,23266,5041,0
MutexBased,400,59000,59000,10288,1
MutexBased,400,59000,46021,9525,0
MutexBased,500,59000,59000,8551,1
MutexBased,500,59000,45497,7823,0
MutexBased,600,59000,59000,10194,1
MutexBased,600,59000,42005,7552,0
MutexBased,700,59000,59000,10108,1
MutexBased,700,59000,50334,11530,0
MutexBased,800,59000,59000,9480,1
MutexBased,800,59000,54957,8919,0
MutexBased,900,59000,59000,7515,1
MutexBased,900,59000,40541,6861,0
MutexBased,1000,59000,59000,9866,1
MutexBased,1000,59000,41543,7031,0
MutexBased,1100,59000,59000,9211,1
MutexBased,1100,59000,42632,7309,0
MutexBased,1200,59000,59000,9835,1
MutexBased,1200,59000,38480,7304,0
MutexBased,1300,59000,59000,8685,1
MutexBased,1300,59000,51698,8446,0
MutexBased,1400,59000,59000,10188,1
MutexBased,1400,59000,49381,8575,0
MutexBased,1500,59000,59000,10088,1
MutexBased,1500,59000,42675,6936,0
MutexBased,1600,59000,59000,9665,1
MutexBased,1600,59000,44084,7314,0
MutexBased,1700,59000,59000,8216,1
MutexBased,1700,59000,52007,6665,0
MutexBased,1800,59000,59000,10554,1
MutexBased,1800,59000,55995,9253,0
MutexBased,1900,59000,59000,8894,1
MutexBased,1900,59000,56296,8334,0
MutexBased,2000,59000,59000,9726,1
MutexBased,2000,59000,54090,8192,0
MutexBased,100,60000,60000,11682,1
MutexBased,100,60000,28126,5564,0
MutexBased,200,60000,60000,10355,1
MutexBased,200,60000,51357,9122,0
MutexBased,300,60000,60000,11046,1
MutexBased,300,60000,48000,8471,0
MutexBased,400,60000,60000,11077,1
MutexBased,400,60000,52760,9373,0
MutexBased,500,60000,60000,9025,1
MutexBased,500,60000,48834,8288,0
MutexBased,600,60000,60000,10133,1
MutexBased,600,60000,58648,9556,0
MutexBased,700,60000,60000,9891,1
MutexBased,700,60000,54970,10590,0
MutexBased,800,60000,60000,10692,1
MutexBased,800,60000,37942,6068,0
MutexBased,900,60000,60000,8589,1
MutexBased,900,60000,37020,6001,0
MutexBased,1000,60000,60000,9887,1
MutexBased,1000,60000,37217,6741,0
MutexBased,1100,60000,60000,10070,1
MutexBased,1100,60000,44810,7987,0
MutexBased,1200,60000,60000,9353,1
MutexBased,1200,60000,44562,7730,0
MutexBased,1300,60000,60000,8749,1
MutexBased,1300,60000,42493,6149,0
MutexBased,1400,60000,60000,9354,1
MutexBased,1400,60000,36662,6898,0
MutexBased,1500,60000,60000,10102,1
MutexBased,1500,60000,41810,6629,0
MutexBased,1600,60000,60000,11536,1
MutexBased,1600,60000,36842,6255,0
MutexBased,1700,60000,60000,8138,1
MutexBased,1700,60000,54055,7142,0
MutexBased,1800,60000,60000,9688,1
MutexBased,1800,60000,48115,7795,0
MutexBased,1900,60000,60000,9672,1
MutexBased,1900,60000,57206,8397,0
MutexBased,2000,60000,60000,9841,1
MutexBased,2000,60000,58250,8817,0
MutexBased,100,61000,61000,12710,1
MutexBased,100,61000,34322,6016,0
MutexBased,200,61000,61000,10601,1
MutexBased,200,61000,36581,7039,0
MutexBased,300,61000,61000,11856,1
MutexBased,300,61000,40952,7215,0
MutexBased,400,61000,61000,10938,1
MutexBased,400,61000,37192,7082,0
MutexBased,500,61000,61000,9225,1
MutexBased,500,61000,36963,7470,0
MutexBased,600,61000,61000,11031,1
MutexBased,600,61000,53956,9203,0
MutexBased,700,61000,61000,10034,1
MutexBased,700,61000,31037,5951,0
MutexBased,800,61000,61000,9571,1
MutexBased,800,61000,51569,8854,0
MutexBased,900,61000,61000,9056,1
MutexBased,900,61000,48787,7693,0
MutexBased,1000,61000,61000,9524,1
MutexBased,1000,61000,46638,8687,0
MutexBased,1100,61000,61000,9332,1
MutexBased,1100,61000,48039,8306,0
MutexBased,1200,61000,61000,10175,1
MutexBased,1200,61000,45699,8117,0
MutexBased,1300,61000,61000,8834,1
MutexBased,1300,61000,35473,5326,0
MutexBased,1400,61000,61000,10819,1
MutexBased,1400,61000,56666,9715,0
MutexBased,1500,61000,61000,9930,1
MutexBased,1500,61000,38528,6961,0
MutexBased,1600,61000,61000,9695,1
MutexBased,1600,61000,55141,8979,0
MutexBased,1700,61000,61000,8435,1
MutexBased,1700,61000,34414,5431,0
MutexBased,1800,61000,61000,10776,1
MutexBased,1800,61000,53399,9345,0
MutexBased,1900,61000,61000,9667,1
MutexBased,1900,61000,41286,6329,0
MutexBased,2000,61000,61000,10277,1
MutexBased,2000,61000,48627,7468,0
MutexBased,100,62000,62000,12282,1
MutexBased,100,62000,30025,5783,0
MutexBased,200,62000,62000,10953,1
MutexBased,200,62000,45737,9484,0
MutexBased,300,62000,62000,10996,1
MutexBased,300,62000,55424,11247,0
MutexBased,400,62000,62000,11674,1
MutexBased,400,62000,40002,8264,0
MutexBased,500,62000,62000,10927,1
MutexBased,500,62000,56714,8707,0
MutexBased,600,62000,62000,11139,1
MutexBased,600,62000,49538,8138,0
MutexBased,700,62000,62000,10927,1
MutexBased,700,62000,59582,9557,0
MutexBased,800,62000,62000,12203,1
MutexBased,800,62000,54949,9848,0
MutexBased,900,62000,62000,9052,1
MutexBased,900,62000,51962,7968,0
MutexBased,1000,62000,62000,10050,1
MutexBased,1000,62000,49593,7705,0
MutexBased,1100,62000,62000,11329,1
MutexBased,1100,62000,60485,9705,0
MutexBased,1200,62000,62000,9787,1
MutexBased,1200,62000,56826,9641,0
MutexBased,1300,62000,62000,8934,1
MutexBased,1300,62000,35107,6227,0
MutexBased,1400,62000,62000,10951,1
MutexBased,1400,62000,41505,8194,0
MutexBased,1500,62000,62000,9419,1
MutexBased,1500,62000,47408,7413,0
MutexBased,1600,62000,62000,9841,1
MutexBased,1600,62000,47472,7791,0
MutexBased,1700,62000,62000,8745,1
MutexBased,1700,62000,46552,7064,0
MutexBased,1800,62000,62000,9882,1
MutexBased,1800,62000,55026,8642,0
MutexBased,1900,62000,62000,10739,1
MutexBased,1900,62000,53034,8822,0
MutexBased,2000,62000,62000,9486,1
MutexBased,2000,62000,42248,7785,0
MutexBased,100,63000,63000,10593,1
MutexBased,100,63000,18235,4247,0
MutexBased,200,63000,63000,10907,1
MutexBased,200,63000,33053,6123,0
MutexBased,300,63000,63000,11621,1
MutexBased,300,63000,42938,8680,0
MutexBased,400,63000,63000,10668,1
MutexBased,400,63000,37022,7487,0
MutexBased,500,63000,63000,9912,1
MutexBased,500,63000,35086,6646,0
MutexBased,600,63000,63000,9902,1
MutexBased,600,63000,32517,6006,0
MutexBased,700,63000,63000,11276,1
MutexBased,700,63000,40064,6493,0
MutexBased,800,63000,63000,10671,1
MutexBased,800,63000,47830,8332,0
MutexBased,900,63000,63000,10973,1
MutexBased,900,63000,45934,8771,0
MutexBased,1000,63000,63000,10011,1
MutexBased,1000,63000,49450,9250,0
MutexBased,1100,63000,63000,9652,1
MutexBased,1100,63000,61293,9871,0
MutexBased,1200,63000,63000,10176,1
MutexBased,1200,63000,34656,6212,0
MutexBased,1300,63000,63000,9504,1
MutexBased,1300,63000,18493,4695,0
MutexBased,1400,63000,63000,10508,1
MutexBased,1400,63000,54494,9998,0
MutexBased,1500,63000,63000,10396,1
MutexBased,1500,63000,38552,6938,0
MutexBased,1600,63000,63000,10444,1
MutexBased,1600,63000,56991,8776,0
MutexBased,1700,63000,63000,8290,1
MutexBased,1700,63000,61527,8876,0
MutexBased,1800,63000,63000,11006,1
MutexBased,1800,63000,55857,8846,0
MutexBased,1900,63000,63000,10009,1
MutexBased,1900,63000,44325,8027,0
MutexBased,2000,63000,63000,11237,1
MutexBased,2000,63000,53299,8419,0
MutexBased,100,64000,64000,12891,1
MutexBased,100,64000,45276,7942,0
MutexBased,200,64000,64000,12380,1
MutexBased,200,64000,52774,9923,0
MutexBased,300,64000,64000,12319,1
MutexBased,300,64000,30250,6540,0
MutexBased,400,64000,64000,10528,1
MutexBased,400,64000,45187,8126,0
MutexBased,500,64000,64000,9821,1
MutexBased,500,64000,50698,8194,0
MutexBased,600,64000,64000,11162,1
MutexBased,600,64000,42192,8105,0
MutexBased,700,64000,64000,11596,1
MutexBased,700,64000,53036,9407,0
MutexBased,800,64000,64000,14150,1
MutexBased,800,64000,52639,8077,0
MutexBased,900,64000,64000,9272,1
MutexBased,900,64000,48211,6812,0
MutexBased,1000,64000,64000,10377,1
MutexBased,1000,64000,60161,9195,0
MutexBased,1100,64000,64000,11167,1
MutexBased,1100,64000,60737,9484,0
MutexBased,1200,64000,64000,9782,1
MutexBased,1200,64000,58652,9163,0
MutexBased,1300,64000,64000,10169,1
MutexBased,1300,64000,38818,5604,0
MutexBased,1400,64000,64000,10850,1
MutexBased,1400,64000,59117,9294,0
MutexBased,1500,64000,64000,10834,1
MutexBased,1500,64000,55522,9753,0
MutexBased,1600,64000,64000,10572,1
MutexBased,1600,64000,48237,8719,0
MutexBased,1700,64000,64000,8592,1
MutexBased,1700,64000,49361,7726,0
MutexBased,1800,64000,64000,9943,1
MutexBased,1800,64000,40802,7077,0
MutexBased,1900,64000,64000,10227,1
MutexBased,1900,64000,39893,7689,0
MutexBased,2000,64000,64000,10247,1
MutexBased,2000,64000,45663,7029,0
MutexBased,100,65000,65000,13853,1
MutexBased,100,65000,18364,4360,0
MutexBased,200,65000,65000,11454,1
MutexBased,200,65000,48459,10001,0
MutexBased,300,65000,65000,11140,1
MutexBased,300,65000,25658,5873,0
MutexBased,400,65000,65000,10927,1
MutexBased,400,65000,53625,9791,0
MutexBased,500,65000,65000,9845,1
MutexBased,500,65000,49034,8657,0
MutexBased,600,65000,65000,10107,1
MutexBased,600,65000,19228,5897,0
MutexBased,700,65000,65000,11864,1
MutexBased,700,65000,54531,8554,0
MutexBased,800,65000,65000,10457,1
MutexBased,800,65000,42391,7802,0
MutexBased,900,65000,65000,8944,1
MutexBased,900,65000,47734,7257,0
MutexBased,1000,65000,65000,11369,1
MutexBased,1000,65000,54774,8501,0
MutexBased,1100,65000,65000,11262,1
MutexBased,1100,65000,65000,10280,0
MutexBased,1200,65000,65000,10497,1
MutexBased,1200,65000,56581,8766,0
MutexBased,1300,65000,65000,10349,1
MutexBased,1300,65000,60246,8830,0
MutexBased,1400,65000,65000,11324,1
MutexBased,1400,65000,57634,9321,0
MutexBased,1500,65000,65000,11073,1
MutexBased,1500,65000,42990,7556,0
MutexBased,1600,65000,65000,10395,1
MutexBased,1600,65000,50020,8735,0
MutexBased,1700,65000,65000,8602,1
MutexBased,1700,65000,62031,8637,0
MutexBased,1800,65000,65000,10578,1
MutexBased,1800,65000,65000,11653,0
MutexBased,1900,65000,65000,10165,1
MutexBased,1900,65000,63575,9919,0
MutexBased,2000,65000,65000,11612,1
MutexBased,2000,65000,51733,8582,0
MutexBased,100,66000,66000,12848,1
MutexBased,100,66000,44691,7509,0
MutexBased,200,66000,66000,12727,1
MutexBased,200,66000,43494,7632,0
MutexBased,300,66000,66000,12038,1
MutexBased,300,66000,39511,8041,0
MutexBased,400,66000,66000,12175,1
MutexBased,400,66000,31595,6234,0
MutexBased,500,66000,66000,9916,1
MutexBased,500,66000,61197,10792,0
MutexBased,600,66000,66000,11005,1
MutexBased,600,66000,19262,5320,0
MutexBased,700,66000,66000,15237,1
MutexBased,700,66000,43304,7633,0
MutexBased,800,66000,66000,11037,1
MutexBased,800,66000,59310,9944,0
MutexBased,900,66000,66000,10902,1
MutexBased,900,66000,46886,6866,0
MutexBased,1000,66000,66000,11263,1
MutexBased,1000,66000,45518,7625,0
MutexBased,1100,66000,66000,10737,1
MutexBased,1100,66000,53408,9987,0
MutexBased,1200,66000,66000,10761,1
MutexBased,1200,66000,50091,9297,0
MutexBased,1300,66000,66000,9583,1
MutexBased,1300,66000,55675,8732,0
MutexBased,1400,66000,66000,10621,1
MutexBased,1400,66000,66000,12098,0
MutexBased,1500,66000,66000,12208,1
MutexBased,1500,66000,61550,9868,0
MutexBased,1600,66000,66000,12292,1
MutexBased,1600,66000,52620,8370,0
MutexBased,1700,66000,66000,11007,1
MutexBased,1700,66000,50914,7335,0
MutexBased,1800,66000,66000,10587,1
MutexBased,1800,66000,65109,9895,0
MutexBased,1900,66000,66000,10519,1
MutexBased,1900,66000,44567,7123,0
MutexBased,2000,66000,66000,10970,1
MutexBased,2000,66000,55792,8921,0
MutexBased,100,67000,67000,12588,1
MutexBased,100,67000,44457,9327,0
MutexBased,200,67000,67000,11401,1
MutexBased,200,67000,49928,8934,0
MutexBased,300,67000,67000,11946,1
MutexBased,300,67000,54026,9513,0
MutexBased,400,67000,67000,12279,1
MutexBased,400,67000,37720,7212,0
MutexBased,500,67000,67000,11249,1
MutexBased,500,67000,54048,8621,0
MutexBased,600,67000,67000,11448,1
MutexBased,600,67000,49156,8678,0
MutexBased,700,67000,67000,11214,1
MutexBased,700,67000,60304,11335,0
MutexBased,800,67000,67000,11902,1
MutexBased,800,67000,49581,8140,0
MutexBased,900,67000,67000,10484,1
MutexBased,900,67000,52198,8897,0
MutexBased,1000,67000,67000,10738,1
MutexBased,1000,67000,54299,8641,0
MutexBased,1100,67000,67000,11858,1
MutexBased,1100,67000,40501,7104,0
MutexBased,1200,67000,67000,15317,1
MutexBased,1200,67000,51777,8692,0
MutexBased,1300,67000,67000,9351,1
MutexBased,1300,67000,38489,5869,0
MutexBased,1400,67000,67000,10955,1
MutexBased,1400,67000,51995,8942,0
MutexBased,1500,67000,67000,11616,1
MutexBased,1500,67000,40748,7029,0
MutexBased,1600,67000,67000,11349,1
MutexBased,1600,67000,62083,10247,0
MutexBased,1700,67000,67000,9926,1
MutexBased,1700,67000,50508,7878,0
MutexBased,1800,67000,67000,10738,1
MutexBased,1800,67000,63825,10948,0
MutexBased,1900,67000,67000,10857,1
MutexBased,1900,67000,67000,10671,0
MutexBased,2000,67000,67000,12049,1
MutexBased,2000,67000,58065,9312,0
MutexBased,100,68000,68000,13143,1
MutexBased,100,68000,28076,6693,0
MutexBased,200,68000,68000,11177,1
MutexBased,200,68000,56766,11501,0
MutexBased,300,68000,68000,13360,1
MutexBased,300,68000,63620,11146,0
MutexBased,400,68000,68000,14020,1
MutexBased,400,68000,40978,7347,0
MutexBased,500,68000,68000,11020,1
MutexBased,500,68000,51535,9427,0
MutexBased,600,68000,68000,10770,1
MutexBased,600,68000,50757,8790,0
MutexBased,700,68000,68000,11213,1
MutexBased,700,68000,48834,9097,0
MutexBased,800,68000,68000,10564,1
MutexBased,800,68000,66617,11068,0
MutexBased,900,68000,68000,11087,1
MutexBased,900,68000,64195,8784,0
MutexBased,1000,68000,68000,12491,1
MutexBased,1000,68000,61043,9628,0
MutexBased,1100,68000,68000,12014,1
MutexBased,1100,68000,45852,8252,0
MutexBased,1200,68000,68000,11496,1
MutexBased,1200,68000,50787,8766,0
MutexBased,1300,68000,68000,9575,1
MutexBased,1300,68000,58331,9107,0
MutexBased,1400,68000,68000,10705,1
MutexBased,1400,68000,54152,9739,0
MutexBased,1500,68000,68000,11850,1
MutexBased,1500,68000,57033,9898,0
MutexBased,1600,68000,68000,11845,1
MutexBased,1600,68000,49720,7877,0
MutexBased,1700,68000,68000,10672,1
MutexBased,1700,68000,61989,8227,0
MutexBased,1800,68000,68000,12595,1
MutexBased,1800,68000,66040,11048,0
MutexBased,1900,68000,68000,10095,1
MutexBased,1900,68000,51960,8663,0
MutexBased,2000,68000,68000,11178,1
MutexBased,2000,68000,46560,7535,0
MutexBased,100,69000,69000,11938,1
MutexBased,100,69000,24730,5956,0
MutexBased,200,69000,69000,11371,1
MutexBased,200,69000,51923,9995,0
MutexBased,300,69000,69000,11970,1
MutexBased,300,69000,48562,8714,0
MutexBased,400,69000,69000,13122,1
MutexBased,400,69000,47198,9053,0
MutexBased,500,69000,69000,12492,1
MutexBased,500,69000,47130,8290,0
MutexBased,600,69000,69000,11007,1
MutexBased,600,69000,36678,7424,0
MutexBased,700,69000,69000,11725,1
MutexBased,700,69000,63443,11666,0
MutexBased,800,69000,69000,12011,1
MutexBased,800,69000,63095,10968,0
MutexBased,900,69000,69000,11676,1
MutexBased,900,69000,63296,8129,0
MutexBased,1000,69000,69000,11468,1
MutexBased,1000,69000,67147,10768,0
MutexBased,1100,69000,69000,11375,1
MutexBased,1100,69000,65533,11165,0
MutexBased,1200,69000,69000,10476,1
MutexBased,1200,69000,65387,11229,0
MutexBased,1300,69000,69000,10580,1
MutexBased,1300,69000,53319,7651,0
MutexBased,1400,69000,69000,11608,1
MutexBased,1400,69000,68434,11853,0
MutexBased,1500,69000,69000,11568,1
MutexBased,1500,69000,51700,8809,0
MutexBased,1600,69000,69000,11280,1
MutexBased,1600,69000,62130,10474,0
MutexBased,1700,69000,69000,9822,1
MutexBased,1700,69000,30229,4848,0
MutexBased,1800,69000,69000,11106,1
MutexBased,1800,69000,60166,10760,0
MutexBased,1900,69000,69000,10242,1
MutexBased,1900,69000,67518,10778,0
MutexBased,2000,69000,69000,11553,1
MutexBased,2000,69000,69000,11322,0
MutexBased,100,70000,70000,13204,1
MutexBased,100,70000,46308,9578,0
MutexBased,200,70000,70000,12418,1
MutexBased,200,70000,38927,7610,0
MutexBased,300,70000,70000,12103,1
MutexBased,300,70000,47753,9462,0
MutexBased,400,70000,70000,12820,1
MutexBased,400,70000,62683,11581,0
MutexBased,500,70000,70000,11659,1
MutexBased,500,70000,59420,9464,0
MutexBased,600,70000,70000,11631,1
MutexBased,600,70000,48654,8729,0
MutexBased,700,70000,70000,11254,1
MutexBased,700,70000,60791,11127,0
MutexBased,800,70000,70000,12729,1
MutexBased,800,70000,63647,9939,0
MutexBased,900,70000,70000,11471,1
MutexBased,900,70000,67995,8907,0
MutexBased,1000,70000,70000,12878,1
MutexBased,1000,70000,47843,8513,0
MutexBased,1100,70000,70000,11824,1
MutexBased,1100,70000,55125,9105,0
MutexBased,1200,70000,70000,11616,1
MutexBased,1200,70000,49905,8619,0
MutexBased,1300,70000,70000,10859,1
MutexBased,1300,70000,48759,7012,0
MutexBased,1400,70000,70000,12185,1
MutexBased,1400,70000,67025,10645,0
MutexBased,1500,70000,70000,11599,1
MutexBased,1500,70000,49819,8672,0
MutexBased,1600,70000,70000,11630,1
MutexBased,1600,70000,59134,9917,0
MutexBased,1700,70000,70000,11471,1
MutexBased,1700,70000,61720,8716,0
MutexBased,1800,70000,70000,10881,1
MutexBased,1800,70000,28927,5564,0
MutexBased,1900,70000,70000,10890,1
MutexBased,1900,70000,57511,9004,0
MutexBased,2000,70000,70000,11516,1
MutexBased,2000,70000,49347,8376,0
MutexBased,100,71000,71000,13728,1
MutexBased,100,71000,41572,7905,0
MutexBased,200,71000,71000,12060,1
MutexBased,200,71000,57755,9563,0
MutexBased,300,71000,71000,13122,1
MutexBased,300,71000,50003,9416,0
MutexBased,400,71000,71000,12203,1
MutexBased,400,71000,55388,9747,0
MutexBased,500,71000,71000,10538,1
MutexBased,500,71000,8625,3595,0
MutexBased,600,71000,71000,11529,1
MutexBased,600,71000,31034,7084,0
MutexBased,700,71000,71000,12301,1
MutexBased,700,71000,43520,7510,0
MutexBased,800,71000,71000,12008,1
MutexBased,800,71000,51738,9409,0
MutexBased,900,71000,71000,11696,1
MutexBased,900,71000,38346,6533,0
MutexBased,1000,71000,71000,12285,1
MutexBased,1000,71000,71000,11291,0
MutexBased,1100,71000,71000,12056,1
MutexBased,1100,71000,63865,9911,0
MutexBased,1200,71000,71000,10910,1
MutexBased,1200,71000,46120,8457,0
MutexBased,1300,71000,71000,11296,1
MutexBased,1300,71000,63624,10292,0
MutexBased,1400,71000,71000,11165,1
MutexBased,1400,71000,68366,11511,0
MutexBased,1500,71000,71000,12496,1
MutexBased,1500,71000,49088,8344,0
MutexBased,1600,71000,71000,10315,1
MutexBased,1600,71000,55225,9532,0
MutexBased,1700,71000,71000,9438,1
MutexBased,1700,71000,61982,9648,0
MutexBased,1800,71000,71000,11312,1
MutexBased,1800,71000,46342,7395,0
MutexBased,1900,71000,71000,11132,1
MutexBased,1900,71000,67092,10673,0
MutexBased,2000,71000,71000,11864,1
MutexBased,2000,71000,53144,8590,0
MutexBased,100,72000,72000,14339,1
MutexBased,100,72000,32507,6106,0
MutexBased,200,72000,72000,13881,1
MutexBased,200,72000,64120,11693,0
MutexBased,300,72000,72000,13027,1
MutexBased,300,72000,31419,6985,0
MutexBased,400,72000,72000,12539,1
MutexBased,400,72000,49850,8691,0
MutexBased,500,72000,72000,11487,1
MutexBased,500,72000,64556,10031,0
MutexBased,600,72000,72000,12402,1
MutexBased,600,72000,50197,8523,0
MutexBased,700,72000,72000,12652,1
MutexBased,700,72000,66283,10557,0
MutexBased,800,72000,72000,12280,1
MutexBased,800,72000,68091,11428,0
MutexBased,900,72000,72000,12598,1
MutexBased,900,72000,62894,8811,0
MutexBased,1000,72000,72000,12237,1
MutexBased,1000,72000,62603,10417,0
MutexBased,1100,72000,72000,11459,1
MutexBased,1100,72000,58027,9612,0
MutexBased,1200,72000,72000,12273,1
MutexBased,1200,72000,46198,7770,0
MutexBased,1300,72000,72000,10402,1
MutexBased,1300,72000,40941,7176,0
MutexBased,1400,72000,72000,13023,1
MutexBased,1400,72000,50982,13783,0
MutexBased,1500,72000,72000,12872,1
MutexBased,1500,72000,68583,11807,0
MutexBased,1600,72000,72000,10904,1
MutexBased,1600,72000,71567,12191,0
MutexBased,1700,72000,72000,10518,1
MutexBased,1700,72000,57104,8175,0
MutexBased,1800,72000,72000,12480,1
MutexBased,1800,72000,55201,9576,0
MutexBased,1900,72000,72000,10352,1
MutexBased,1900,72000,63576,10057,0
MutexBased,2000,72000,72000,11786,1
MutexBased,2000,72000,48689,9084,0
MutexBased,100,73000,73000,13198,1
MutexBased,100,73000,29178,5958,0
MutexBased,200,73000,73000,12815,1
MutexBased,200,73000,48947,9735,0
MutexBased,300,73000,73000,12894,1
MutexBased,300,73000,41974,7751,0
MutexBased,400,73000,73000,13898,1
MutexBased,400,73000,63032,11853,0
MutexBased,500,73000,73000,11473,1
MutexBased,500,73000,61938,10396,0
MutexBased,600,73000,73000,12052,1
MutexBased,600,73000,36516,9814,0
MutexBased,700,73000,73000,12942,1
MutexBased,700,73000,69882,11030,0
MutexBased,800,73000,73000,12687,1
MutexBased,800,73000,38283,6818,0
MutexBased,900,73000,73000,10237,1
MutexBased,900,73000,57175,9112,0
MutexBased,1000,73000,73000,13164,1
MutexBased,1000,73000,66115,10746,0
MutexBased,1100,73000,73000,12542,1
MutexBased,1100,73000,69667,10605,0
MutexBased,1200,73000,73000,11730,1
MutexBased,1200,73000,64427,10205,0
MutexBased,1300,73000,73000,11693,1
MutexBased,1300,73000,46619,7432,0
MutexBased,1400,73000,73000,11756,1
MutexBased,1400,73000,35396,6522,0
MutexBased,1500,73000,73000,12165,1
MutexBased,1500,73000,53977,9494,0
MutexBased,1600,73000,73000,11164,1
MutexBased,1600,73000,61964,10377,0
MutexBased,1700,73000,73000,10348,1
MutexBased,1700,73000,46607,5950,0
MutexBased,1800,73000,73000,11485,1
MutexBased,1800,73000,60259,9420,0
MutexBased,1900,73000,73000,12394,1
MutexBased,1900,73000,61394,9534,0
MutexBased,2000,73000,73000,12905,1
MutexBased,2000,73000,71005,11405,0
MutexBased,100,74000,74000,14239,1
MutexBased,100,74000,35583,7045,0
MutexBased,200,74000,74000,13480,1
MutexBased,200,74000,44951,8972,0
MutexBased,300,74000,74000,14829,1
MutexBased,300,74000,49923,9605,0
MutexBased,400,74000,74000,12220,1
MutexBased,400,74000,66901,12665,0
MutexBased,500,74000,74000,13108,1
MutexBased,500,74000,64528,9404,0
MutexBased,600,74000,74000,12973,1
MutexBased,600,74000,60400,9693,0
MutexBased,700,74000,74000,12545,1
MutexBased,700,74000,46352,8558,0
MutexBased,800,74000,74000,12436,1
MutexBased,800,74000,47235,8765,0
MutexBased,900,74000,74000,10621,1
MutexBased,900,74000,68953,10108,0
MutexBased,1000,74000,74000,12437,1
MutexBased,1000,74000,60013,10371,0
MutexBased,1100,74000,74000,11153,1
MutexBased,1100,74000,71783,12231,0
MutexBased,1200,74000,74000,11887,1
MutexBased,1200,74000,37081,7867,0
MutexBased,1300,74000,74000,10731,1
MutexBased,1300,74000,61923,9044,0
MutexBased,1400,74000,74000,13725,1
MutexBased,1400,74000,65570,10724,0
MutexBased,1500,74000,74000,13614,1
MutexBased,1500,74000,51189,9362,0
MutexBased,1600,74000,74000,11977,1
MutexBased,1600,74000,63074,11593,0
MutexBased,1700,74000,74000,10292,1
MutexBased,1700,74000,56263,10056,0
MutexBased,1800,74000,74000,11845,1
MutexBased,1800,74000,72230,11164,0
MutexBased,1900,74000,74000,11353,1
MutexBased,1900,74000,65684,9631,0
MutexBased,2000,74000,74000,11927,1
MutexBased,2000,74000,48530,7606,0
MutexBased,100,75000,75000,13367,1
MutexBased,100,75000,23748,7194,0
MutexBased,200,75000,75000,12698,1
MutexBased,200,75000,57503,10696,0
MutexBased,300,75000,75000,13506,1
MutexBased,300,75000,63643,11159,0
MutexBased,400,75000,75000,12888,1
MutexBased,400,75000,57769,10727,0
MutexBased,500,75000,75000,11614,1
MutexBased,500,75000,60796,10544,0
MutexBased,600,75000,75000,12364,1
MutexBased,600,75000,68553,11023,0
MutexBased,700,75000,75000,12921,1
MutexBased,700,75000,52039,9858,0
MutexBased,800,75000,75000,13355,1
MutexBased,800,75000,25250,6458,0
MutexBased,900,75000,75000,11302,1
MutexBased,900,75000,49410,7879,0
MutexBased,1000,75000,75000,11779,1
MutexBased,1000,75000,62710,10381,0
MutexBased,1100,75000,75000,12176,1
MutexBased,1100,75000,51898,8772,0
MutexBased,1200,75000,75000,13419,1
MutexBased,1200,75000,55483,9817,0
MutexBased,1300,75000,75000,10565,1
MutexBased,1300,75000,49062,9803,0
MutexBased,1400,75000,75000,13509,1
MutexBased,1400,75000,74804,11384,0
MutexBased,1500,75000,75000,12770,1
MutexBased,1500,75000,69766,10825,0
MutexBased,1600,75000,75000,13049,1
MutexBased,1600,75000,41086,7777,0
MutexBased,1700,75000,75000,10911,1
MutexBased,1700,75000,48391,8725,0
MutexBased,1800,75000,75000,12153,1
MutexBased,1800,75000,36803,8322,0
MutexBased,1900,75000,75000,11486,1
MutexBased,1900,75000,50289,8334,0
MutexBased,2000,75000,75000,12868,1
MutexBased,2000,75000,70585,11195,0
MutexBased,100,76000,76000,15616,1
MutexBased,100,76000,52644,10189,0
MutexBased,200,76000,76000,14040,1
MutexBased,200,76000,54200,9593,0
MutexBased,300,76000,76000,14723,1
MutexBased,300,76000,51947,9173,0
MutexBased,400,76000,76000,12770,1
MutexBased,400,76000,55528,10075,0
MutexBased,500,76000,76000,11394,1
MutexBased,500,76000,48313,8521,0
MutexBased,600,76000,76000,12098,1
MutexBased,600,76000,68410,11213,0
MutexBased,700,76000,76000,13210,1
MutexBased,700,76000,64756,11103,0
MutexBased,800,76000,76000,12870,1
MutexBased,800,76000,40992,8392,0
MutexBased,900,76000,76000,10574,1
MutexBased,900,76000,43038,7402,0
MutexBased,1000,76000,76000,11752,1
MutexBased,1000,76000,58186,10195,0
MutexBased,1100,76000,76000,11407,1
MutexBased,1100,76000,59117,9011,0
MutexBased,1200,76000,76000,12357,1
MutexBased,1200,76000,63640,10275,0
MutexBased,1300,76000,76000,12092,1
MutexBased,1300,76000,62414,9674,0
MutexBased,1400,76000,76000,12359,1
MutexBased,1400,76000,50639,9890,0
MutexBased,1500,76000,76000,12774,1
MutexBased,1500,76000,63378,10342,0
MutexBased,1600,76000,76000,12130,1
MutexBased,1600,76000,61421,10234,0
MutexBased,1700,76000,76000,10066,1
MutexBased,1700,76000,64830,9884,0
MutexBased,1800,76000,76000,12371,1
MutexBased,1800,76000,62572,10418,0
MutexBased,1900,76000,76000,12238,1
MutexBased,1900,76000,64101,10338,0
MutexBased,2000,76000,76000,12758,1
MutexBased,2000,76000,73634,12587,0
MutexBased,100,77000,77000,14486,1
MutexBased,100,77000,26523,6511,0
MutexBased,200,77000,77000,13054,1
MutexBased,200,77000,32624,7557,0
MutexBased,300,77000,77000,17076,1
MutexBased,300,77000,56118,11312,0
MutexBased,400,77000,77000,13362,1
MutexBased,400,77000,53827,9923,0
MutexBased,500,77000,77000,14488,1
MutexBased,500,77000,64386,10100,0
MutexBased,600,77000,77000,14000,1
MutexBased,600,77000,56879,9981,0
MutexBased,700,77000,77000,13090,1
MutexBased,700,77000,62142,11556,0
MutexBased,800,77000,77000,14087,1
MutexBased,800,77000,72351,11572,0
MutexBased,900,77000,77000,11970,1
MutexBased,900,77000,69189,9400,0
MutexBased,1000,77000,77000,12910,1
MutexBased,1000,77000,40205,7699,0
MutexBased,1100,77000,77000,12103,1
MutexBased,1100,77000,49652,7811,0
MutexBased,1200,77000,77000,13988,1
MutexBased,1200,77000,63192,10184,0
MutexBased,1300,77000,77000,12873,1
MutexBased,1300,77000,73411,12192,0
MutexBased,1400,77000,77000,12104,1
MutexBased,1400,77000,67337,11226,0
MutexBased,1500,77000,77000,13193,1
MutexBased,1500,77000,62591,10627,0
MutexBased,1600,77000,77000,15862,1
MutexBased,1600,77000,74350,12934,0
MutexBased,1700,77000,77000,10712,1
MutexBased,1700,77000,64568,9386,0
MutexBased,1800,77000,77000,13444,1
MutexBased,1800,77000,57327,8953,0
MutexBased,1900,77000,77000,12020,1
MutexBased,1900,77000,62850,9965,0
MutexBased,2000,77000,77000,11706,1
MutexBased,2000,77000,60676,9740,0
MutexBased,100,78000,78000,14384,1
MutexBased,100,78000,38241,7436,0
MutexBased,200,78000,78000,12945,1
MutexBased,200,78000,53978,10811,0
MutexBased,300,78000,78000,15026,1
MutexBased,300,78000,49137,9916,0
MutexBased,400,78000,78000,14278,1
MutexBased,400,78000,50736,10188,0
MutexBased,500,78000,78000,13310,1
MutexBased,500,78000,57329,8871,0
MutexBased,600,78000,78000,13250,1
MutexBased,600,78000,48352,8176,0
MutexBased,700,78000,78000,13446,1
MutexBased,700,78000,35987,7064,0
MutexBased,800,78000,78000,12975,1
MutexBased,800,78000,45055,8888,0
MutexBased,900,78000,78000,11143,1
MutexBased,900,78000,55743,8490,0
MutexBased,1000,78000,78000,14233,1
MutexBased,1000,78000,78000,12557,0
MutexBased,1100,78000,78000,12587,1
MutexBased,1100,78000,44096,8294,0
MutexBased,1200,78000,78000,12871,1
MutexBased,1200,78000,65659,11272,0
MutexBased,1300,78000,78000,12016,1
MutexBased,1300,78000,50341,7423,0
MutexBased,1400,78000,78000,13826,1
MutexBased,1400,78000,42991,7573,0
MutexBased,1500,78000,78000,13668,1
MutexBased,1500,78000,65094,11303,0
MutexBased,1600,78000,78000,12465,1
MutexBased,1600,78000,54115,9380,0
MutexBased,1700,78000,78000,9657,1
MutexBased,1700,78000,68432,10144,0
MutexBased,1800,78000,78000,12331,1
MutexBased,1800,78000,73674,12226,0
MutexBased,1900,78000,78000,12802,1
MutexBased,1900,78000,66137,10974,0
MutexBased,2000,78000,78000,12219,1
MutexBased,2000,78000,77118,11572,0
MutexBased,100,79000,79000,16911,1
MutexBased,100,79000,46078,9116,0
MutexBased,200,79000,79000,13267,1
MutexBased,200,79000,49851,8762,0
MutexBased,300,79000,79000,14591,1
MutexBased,300,79000,49203,9091,0
MutexBased,400,79000,79000,13593,1
MutexBased,400,79000,75943,12721,0
MutexBased,500,79000,79000,12247,1
MutexBased,500,79000,43889,8544,0
MutexBased,600,79000,79000,12617,1
MutexBased,600,79000,55308,9805,0
MutexBased,700,79000,79000,13187,1
MutexBased,700,79000,74220,11674,0
MutexBased,800,79000,79000,13557,1
MutexBased,800,79000,66410,11891,0
MutexBased,900,79000,79000,11985,1
MutexBased,900,79000,57269,8847,0
MutexBased,1000,79000,79000,12983,1
MutexBased,1000,79000,73690,11820,0
MutexBased,1100,79000,79000,15435,1
MutexBased,1100,79000,64154,10978,0
MutexBased,1200,79000,79000,13396,1
MutexBased,1200,79000,75694,12191,0
MutexBased,1300,79000,79000,11498,1
MutexBased,1300,79000,67419,10474,0
MutexBased,1400,79000,79000,12895,1
MutexBased,1400,79000,58062,9927,0
MutexBased,1500,79000,79000,13890,1
MutexBased,1500,79000,74129,11876,0
MutexBased,1600,79000,79000,12890,1
MutexBased,1600,79000,70928,12713,0
MutexBased,1700,79000,79000,10781,1
MutexBased,1700,79000,57765,8215,0
MutexBased,1800,79000,79000,12425,1
MutexBased,1800,79000,71679,11541,0
MutexBased,1900,79000,79000,12996,1
MutexBased,1900,79000,47878,7596,0
MutexBased,2000,79000,79000,12612,1
MutexBased,2000,79000,49082,11689,0
MutexBased,100,80000,80000,15457,1
MutexBased,100,80000,45232,8894,0
MutexBased,200,80000,80000,16062,1
MutexBased,200,80000,61653,10530,0
MutexBased,300,80000,80000,15457,1
MutexBased,300,80000,53722,10556,0
MutexBased,400,80000,80000,14088,1
MutexBased,400,80000,64814,11498,0
MutexBased,500,80000,80000,12889,1
MutexBased,500,80000,39553,7742,0
MutexBased,600,80000,80000,18401,1
MutexBased,600,80000,78674,12283,0
MutexBased,700,80000,80000,14700,1
MutexBased,700,80000,48984,9356,0
MutexBased,800,80000,80000,12882,1
MutexBased,800,80000,67829,12704,0
MutexBased,900,80000,80000,15586,1
MutexBased,900,80000,66413,10293,0
MutexBased,1000,80000,80000,12502,1
MutexBased,1000,80000,59669,10940,0
MutexBased,1100,80000,80000,13701,1
MutexBased,1100,80000,73314,11326,0
MutexBased,1200,80000,80000,14317,1
MutexBased,1200,80000,63165,11057,0
MutexBased,1300,80000,80000,13421,1
MutexBased,1300,80000,54964,8413,0
MutexBased,1400,80000,80000,13563,1
MutexBased,1400,80000,79536,12704,0
MutexBased,1500,80000,80000,13628,1
MutexBased,1500,80000,38240,7022,0
MutexBased,1600,80000,80000,12873,1
MutexBased,1600,80000,73166,12838,0
MutexBased,1700,80000,80000,12048,1
MutexBased,1700,80000,75771,9859,0
MutexBased,1800,80000,80000,14065,1
MutexBased,1800,80000,78281,12779,0
MutexBased,1900,80000,80000,12318,1
MutexBased,1900,80000,55261,9087,0
MutexBased,2000,80000,80000,13257,1
MutexBased,2000,80000,80000,12354,0
MutexBased,100,81000,81000,15368,1
MutexBased,100,81000,20165,4907,0
MutexBased,200,81000,81000,14617,1
MutexBased,200,81000,47869,9206,0
MutexBased,300,81000,81000,14955,1
MutexBased,300,81000,66876,11792,0
MutexBased,400,81000,81000,14558,1
MutexBased,400,81000,53516,10187,0
MutexBased,500,81000,81000,13801,1
MutexBased,500,81000,77396,11433,0
MutexBased,600,81000,81000,14319,1
MutexBased,600,81000,64624,10768,0
MutexBased,700,81000,81000,13539,1
MutexBased,700,81000,75057,12941,0
MutexBased,800,81000,81000,14060,1
MutexBased,800,81000,61543,9576,0
MutexBased,900,81000,81000,15460,1
MutexBased,900,81000,61198,11109,0
MutexBased,1000,81000,81000,13095,1
MutexBased,1000,81000,67395,11082,0
MutexBased,1100,81000,81000,13640,1
MutexBased,1100,81000,55216,9485,0
MutexBased,1200,81000,81000,14332,1
MutexBased,1200,81000,54346,10106,0
MutexBased,1300,81000,81000,11814,1
MutexBased,1300,81000,76473,11487,0
MutexBased,1400,81000,81000,14309,1
MutexBased,1400,81000,59441,10062,0
MutexBased,1500,81000,81000,13448,1
MutexBased,1500,81000,53241,10261,0
MutexBased,1600,81000,81000,12691,1
MutexBased,1600,81000,78456,12095,0
MutexBased,1700,81000,81000,12195,1
MutexBased,1700,81000,67835,10486,0
MutexBased,1800,81000,81000,13756,1
MutexBased,1800,81000,75594,12846,0
MutexBased,1900,81000,81000,13051,1
MutexBased,1900,81000,60996,9552,0
MutexBased,2000,81000,81000,13812,1
MutexBased,2000,81000,46789,8130,0
MutexBased,100,82000,82000,14953,1
MutexBased,100,82000,31487,7120,0
MutexBased,200,82000,82000,14836,1
MutexBased,200,82000,53412,9410,0
MutexBased,300,82000,82000,16018,1
MutexBased,300,82000,56339,10489,0
MutexBased,400,82000,82000,14432,1
MutexBased,400,82000,65663,11714,0
MutexBased,500,82000,82000,13865,1
MutexBased,500,82000,73087,11510,0
MutexBased,600,82000,82000,14808,1
MutexBased,600,82000,57433,10688,0
MutexBased,700,82000,82000,14496,1
MutexBased,700,82000,66063,11436,0
MutexBased,800,82000,82000,14100,1
MutexBased,800,82000,39158,7234,0
MutexBased,900,82000,82000,12337,1
MutexBased,900,82000,44107,7069,0
MutexBased,1000,82000,82000,13253,1
MutexBased,1000,82000,71062,12526,0
MutexBased,1100,82000,82000,12339,1
MutexBased,1100,82000,46810,7652,0
MutexBased,1200,82000,82000,14125,1
MutexBased,1200,82000,81519,13537,0
MutexBased,1300,82000,82000,13545,1
MutexBased,1300,82000,76574,12513,0
MutexBased,1400,82000,82000,13197,1
MutexBased,1400,82000,78830,13180,0
MutexBased,1500,82000,82000,13877,1
MutexBased,1500,82000,70399,11356,0
MutexBased,1600,82000,82000,13265,1
MutexBased,1600,82000,68206,11742,0
MutexBased,1700,82000,82000,11725,1
MutexBased,1700,82000,46222,6640,0
MutexBased,1800,82000,82000,13049,1
MutexBased,1800,82000,65987,11125,0
MutexBased,1900,82000,82000,12680,1
MutexBased,1900,82000,68715,10170,0
MutexBased,2000,82000,82000,13294,1
MutexBased,2000,82000,57728,9196,0
MutexBased,100,83000,83000,16128,1
MutexBased,100,83000,49292,8767,0
MutexBased,200,83000,83000,15392,1
MutexBased,200,83000,63998,11826,0
MutexBased,300,83000,83000,15127,1
MutexBased,300,83000,74952,14933,0
MutexBased,400,83000,83000,13805,1
MutexBased,400,83000,57204,10712,0
MutexBased,500,83000,83000,14382,1
MutexBased,500,83000,71797,11182,0
MutexBased,600,83000,83000,14456,1
MutexBased,600,83000,52811,8937,0
MutexBased,700,83000,83000,13499,1
MutexBased,700,83000,66682,12071,0
MutexBased,800,83000,83000,14455,1
MutexBased,800,83000,63469,11266,0
MutexBased,900,83000,83000,11949,1
MutexBased,900,83000,63512,10546,0
MutexBased,1000,83000,83000,14665,1
MutexBased,1000,83000,70824,11452,0
MutexBased,1100,83000,83000,13430,1
MutexBased,1100,83000,66435,11065,0
MutexBased,1200,83000,83000,13997,1
MutexBased,1200,83000,65106,11578,0
MutexBased,1300,83000,83000,14008,1
MutexBased,1300,83000,80319,13037,0
MutexBased,1400,83000,83000,13674,1
MutexBased,1400,83000,64842,12468,0
MutexBased,1500,83000,83000,13747,1
MutexBased,1500,83000,68475,11904,0
MutexBased,1600,83000,83000,13942,1
MutexBased,1600,83000,60879,11322,0
MutexBased,1700,83000,83000,13129,1
MutexBased,1700,83000,80390,10663,0
MutexBased,1800,83000,83000,14463,1
MutexBased,1800,83000,65159,11452,0
MutexBased,1900,83000,83000,12876,1
MutexBased,1900,83000,80450,11754,0
MutexBased,2000,83000,83000,14537,1
MutexBased,2000,83000,63011,10758,0
MutexBased,100,84000,84000,14648,1
MutexBased,100,84000,41784,8625,0
MutexBased,200,84000,84000,15016,1
MutexBased,200,84000,70441,12571,0
MutexBased,300,84000,84000,15557,1
MutexBased,300,84000,59141,11389,0
MutexBased,400,84000,84000,14283,1
MutexBased,400,84000,75630,12154,0
MutexBased,500,84000,84000,15587,1
MutexBased,500,84000,20246,6635,0
MutexBased,600,84000,84000,13791,1
MutexBased,600,84000,35631,7431,0
MutexBased,700,84000,84000,14720,1
MutexBased,700,84000,79579,12244,0
MutexBased,800,84000,84000,15013,1
MutexBased,800,84000,75877,12681,0
MutexBased,900,84000,84000,14520,1
MutexBased,900,84000,69554,9991,0
MutexBased,1000,84000,84000,12861,1
MutexBased,1000,84000,49155,8876,0
MutexBased,1100,84000,84000,14011,1
MutexBased,1100,84000,68392,10659,0
MutexBased,1200,84000,84000,15043,1
MutexBased,1200,84000,76556,12762,0
MutexBased,1300,84000,84000,12245,1
MutexBased,1300,84000,74467,10905,0
MutexBased,1400,84000,84000,14497,1
MutexBased,1400,84000,81035,13364,0
MutexBased,1500,84000,84000,14067,1
MutexBased,1500,84000,79004,12830,0
MutexBased,1600,84000,84000,13759,1
MutexBased,1600,84000,62913,10836,0
MutexBased,1700,84000,84000,12034,1
MutexBased,1700,84000,65563,9934,0
MutexBased,1800,84000,84000,13931,1
MutexBased,1800,84000,61929,9969,0
MutexBased,1900,84000,84000,12463,1
MutexBased,1900,84000,82586,13639,0
MutexBased,2000,84000,84000,13715,1
MutexBased,2000,84000,71683,12001,0
MutexBased,100,85000,85000,16195,1
MutexBased,100,85000,57302,10510,0
MutexBased,200,85000,85000,16661,1
MutexBased,200,85000,61290,12215,0
MutexBased,300,85000,85000,16243,1
MutexBased,300,85000,69033,12086,0
MutexBased,400,85000,85000,15099,1
MutexBased,400,85000,39633,7928,0
MutexBased,500,85000,85000,14627,1
MutexBased,500,85000,57735,9362,0
MutexBased,600,85000,85000,15148,1
MutexBased,600,85000,58976,10672,0
MutexBased,700,85000,85000,14275,1
MutexBased,700,85000,65271,12038,0
MutexBased,800,85000,85000,15032,1
MutexBased,800,85000,81835,13633,0
MutexBased,900,85000,85000,12835,1
MutexBased,900,85000,59550,9874,0
MutexBased,1000,85000,85000,13995,1
MutexBased,1000,85000,68879,11997,0
MutexBased,1100,85000,85000,13988,1
MutexBased,1100,85000,69271,12247,0
MutexBased,1200,85000,85000,13793,1
MutexBased,1200,85000,75684,12224,0
MutexBased,1300,85000,85000,14866,1
MutexBased,1300,85000,56136,8862,0
MutexBased,1400,85000,85000,13407,1
MutexBased,1400,85000,66421,12622,0
MutexBased,1500,85000,85000,15558,1
MutexBased,1500,85000,55938,10646,0
MutexBased,1600,85000,85000,18483,1
MutexBased,1600,85000,68895,10713,0
MutexBased,1700,85000,85000,12426,1
MutexBased,1700,85000,68644,11982,0
MutexBased,1800,85000,85000,14882,1
MutexBased,1800,85000,73190,12496,0
MutexBased,1900,85000,85000,13658,1
MutexBased,1900,85000,74970,13226,0
MutexBased,2000,85000,85000,13487,1
MutexBased,2000,85000,78961,13856,0
MutexBased,100,86000,86000,18733,1
MutexBased,100,86000,47961,12129,0
MutexBased,200,86000,86000,15276,1
MutexBased,200,86000,71811,13708,0
MutexBased,300,86000,86000,16491,1
MutexBased,300,86000,70728,12728,0
MutexBased,400,86000,86000,15820,1
MutexBased,400,86000,56726,10444,0
MutexBased,500,86000,86000,12792,1
MutexBased,500,86000,61628,10090,0
MutexBased,600,86000,86000,14405,1
MutexBased,600,86000,76483,12556,0
MutexBased,700,86000,86000,14188,1
MutexBased,700,86000,64082,12501,0
MutexBased,800,86000,86000,14653,1
MutexBased,800,86000,71667,11421,0
MutexBased,900,86000,86000,13375,1
MutexBased,900,86000,48794,8351,0
MutexBased,1000,86000,86000,13755,1
MutexBased,1000,86000,65282,10439,0
MutexBased,1100,86000,86000,13751,1
MutexBased,1100,86000,68282,10938,0
MutexBased,1200,86000,86000,15346,1
MutexBased,1200,86000,71028,11728,0
MutexBased,1300,86000,86000,13607,1
MutexBased,1300,86000,59581,9140,0
MutexBased,1400,86000,86000,13621,1
MutexBased,1400,86000,56574,9704,0
MutexBased,1500,86000,86000,14094,1
MutexBased,1500,86000,61611,11124,0
MutexBased,1600,86000,86000,14568,1
MutexBased,1600,86000,80871,13497,0
MutexBased,1700,86000,86000,11747,1
MutexBased,1700,86000,84867,12517,0
MutexBased,1800,86000,86000,14487,1
MutexBased,1800,86000,83355,13141,0
MutexBased,1900,86000,86000,13048,1
MutexBased,1900,86000,60647,10336,0
MutexBased,2000,86000,86000,12944,1
MutexBased,2000,86000,43862,7457,0
MutexBased,100,87000,87000,16206,1
MutexBased,100,87000,62142,11016,0
MutexBased,200,87000,87000,15959,1
MutexBased,200,87000,69803,12735,0
MutexBased,300,87000,87000,15697,1
MutexBased,300,87000,61384,11003,0
MutexBased,400,87000,87000,14669,1
MutexBased,400,87000,68534,12652,0
MutexBased,500,87000,87000,14625,1
MutexBased,500,87000,66844,10508,0
MutexBased,600,87000,87000,15362,1
MutexBased,600,87000,70687,12513,0
MutexBased,700,87000,87000,14724,1
MutexBased,700,87000,71811,11482,0
MutexBased,800,87000,87000,15376,1
MutexBased,800,87000,50986,9213,0
MutexBased,900,87000,87000,12341,1
MutexBased,900,87000,63697,9047,0
MutexBased,1000,87000,87000,14265,1
MutexBased,1000,87000,64093,10242,0
MutexBased,1100,87000,87000,14082,1
MutexBased,1100,87000,76450,12612,0
MutexBased,1200,87000,87000,14170,1
MutexBased,1200,87000,64833,11297,0
MutexBased,1300,87000,87000,13379,1
MutexBased,1300,87000,73544,11482,0
MutexBased,1400,87000,87000,15244,1
MutexBased,1400,87000,73563,13185,0
MutexBased,1500,87000,87000,15336,1
MutexBased,1500,87000,57709,10488,0
MutexBased,1600,87000,87000,13965,1
MutexBased,1600,87000,51758,9821,0
MutexBased,1700,87000,87000,12793,1
MutexBased,1700,87000,71721,9979,0
MutexBased,1800,87000,87000,15322,1
MutexBased,1800,87000,77412,12780,0
MutexBased,1900,87000,87000,14701,1
MutexBased,1900,87000,76510,13099,0
MutexBased,2000,87000,87000,14064,1
MutexBased,2000,87000,64326,10873,0
MutexBased,100,88000,88000,20381,1
MutexBased,100,88000,31288,7351,0
MutexBased,200,88000,88000,14499,1
MutexBased,200,88000,44840,8894,0
MutexBased,300,88000,88000,17775,1
MutexBased,300,88000,67717,12712,0
MutexBased,400,88000,88000,14534,1
MutexBased,400,88000,59235,10848,0
MutexBased,500,88000,88000,13725,1
MutexBased,500,88000,77947,11748,0
MutexBased,600,88000,88000,15414,1
MutexBased,600,88000,66524,10951,0
MutexBased,700,88000,88000,15684,1
MutexBased,700,88000,63760,11021,0
MutexBased,800,88000,88000,15232,1
MutexBased,800,88000,71383,12557,0
MutexBased,900,88000,88000,14912,1
MutexBased,900,88000,80873,11043,0
MutexBased,1000,88000,88000,13899,1
MutexBased,1000,88000,44747,8764,0
MutexBased,1100,88000,88000,14319,1
MutexBased,1100,88000,75111,11777,0
MutexBased,1200,88000,88000,14757,1
MutexBased,1200,88000,67055,11584,0
MutexBased,1300,88000,88000,13426,1
MutexBased,1300,88000,81875,12786,0
MutexBased,1400,88000,88000,14691,1
MutexBased,1400,88000,69431,11313,0
MutexBased,1500,88000,88000,14824,1
MutexBased,1500,88000,70868,12052,0
MutexBased,1600,88000,88000,15331,1
MutexBased,1600,88000,65197,10663,0
MutexBased,1700,88000,88000,12362,1
MutexBased,1700,88000,67465,10356,0
MutexBased,1800,88000,88000,14382,1
MutexBased,1800,88000,83812,12992,0
MutexBased,1900,88000,88000,14552,1
MutexBased,1900,88000,88000,13867,0
MutexBased,2000,88000,88000,14375,1
MutexBased,2000,88000,69859,10512,0
MutexBased,100,89000,89000,16622,1
MutexBased,100,89000,32644,7447,0
MutexBased,200,89000,89000,15698,1
MutexBased,200,89000,56440,10685,0
MutexBased,300,89000,89000,16014,1
MutexBased,300,89000,72979,13046,0
MutexBased,400,89000,89000,17267,1
MutexBased,400,89000,64094,12616,0
MutexBased,500,89000,89000,18116,1
MutexBased,500,89000,86808,13047,0
MutexBased,600,89000,89000,14158,1
MutexBased,600,89000,70176,11464,0
MutexBased,700,89000,89000,14198,1
MutexBased,700,89000,72814,12546,0
MutexBased,800,89000,89000,15073,1
MutexBased,800,89000,49811,9282,0
MutexBased,900,89000,89000,14482,1
MutexBased,900,89000,51917,8711,0
MutexBased,1000,89000,89000,15296,1
MutexBased,1000,89000,81536,13197,0
MutexBased,1100,89000,89000,14587,1
MutexBased,1100,89000,61665,10239,0
MutexBased,1200,89000,89000,15612,1
MutexBased,1200,89000,60032,15264,0
MutexBased,1300,89000,89000,13539,1
MutexBased,1300,89000,81750,12565,0
MutexBased,1400,89000,89000,15307,1
MutexBased,1400,89000,62790,11132,0
MutexBased,1500,89000,89000,14659,1
MutexBased,1500,89000,68188,12051,0
MutexBased,1600,89000,89000,14694,1
MutexBased,1600,89000,72456,11601,0
MutexBased,1700,89000,89000,11655,1
MutexBased,1700,89000,38359,5943,0
MutexBased,1800,89000,89000,14495,1
MutexBased,1800,89000,66133,11526,0
MutexBased,1900,89000,89000,14302,1
MutexBased,1900,89000,86083,12759,0
MutexBased,2000,89000,89000,15333,1
MutexBased,2000,89000,74285,13460,0
MutexBased,100,90000,90000,17025,1
MutexBased,100,90000,35147,8689,0
MutexBased,200,90000,90000,18448,1
MutexBased,200,90000,61530,11733,0
MutexBased,300,90000,90000,18992,1
MutexBased,300,90000,65076,13439,0
MutexBased,400,90000,90000,18116,1
MutexBased,400,90000,68687,13441,0
MutexBased,500,90000,90000,14665,1
MutexBased,500,90000,85688,12714,0
MutexBased,600,90000,90000,15039,1
MutexBased,600,90000,76704,12607,0
MutexBased,700,90000,90000,15457,1
MutexBased,700,90000,77615,13502,0
MutexBased,800,90000,90000,15022,1
MutexBased,800,90000,54777,9320,0
MutexBased,900,90000,90000,14700,1
MutexBased,900,90000,79123,11636,0
MutexBased,1000,90000,90000,18243,1
MutexBased,1000,90000,72783,13248,0
MutexBased,1100,90000,90000,14851,1
MutexBased,1100,90000,60858,10781,0
MutexBased,1200,90000,90000,14430,1
MutexBased,1200,90000,68686,11630,0
MutexBased,1300,90000,90000,13903,1
MutexBased,1300,90000,59405,8598,0
MutexBased,1400,90000,90000,15346,1
MutexBased,1400,90000,76228,13984,0
MutexBased,1500,90000,90000,15177,1
MutexBased,1500,90000,87344,14602,0
MutexBased,1600,90000,90000,14346,1
MutexBased,1600,90000,78684,13445,0
MutexBased,1700,90000,90000,13504,1
MutexBased,1700,90000,68438,8342,0
MutexBased,1800,90000,90000,15666,1
MutexBased,1800,90000,67806,12039,0
MutexBased,1900,90000,90000,14743,1
MutexBased,1900,90000,83858,13870,0
MutexBased,2000,90000,90000,13397,1
MutexBased,2000,90000,87390,15051,0
MutexBased,100,91000,91000,17690,1
MutexBased,100,91000,30141,6916,0
MutexBased,200,91000,91000,15119,1
MutexBased,200,91000,71855,13713,0
MutexBased,300,91000,91000,16441,1
MutexBased,300,91000,69251,12286,0
MutexBased,400,91000,91000,15793,1
MutexBased,400,91000,53379,9766,0
MutexBased,500,91000,91000,14967,1
MutexBased,500,91000,58431,10714,0
MutexBased,600,91000,91000,15753,1
MutexBased,600,91000,72371,12312,0
MutexBased,700,91000,91000,15342,1
MutexBased,700,91000,49385,9047,0
MutexBased,800,91000,91000,14732,1
MutexBased,800,91000,84969,14052,0
MutexBased,900,91000,91000,14516,1
MutexBased,900,91000,77507,11494,0
MutexBased,1000,91000,91000,14194,1
MutexBased,1000,91000,87664,14310,0
MutexBased,1100,91000,91000,14462,1
MutexBased,1100,91000,77194,13460,0
MutexBased,1200,91000,91000,15664,1
MutexBased,1200,91000,83570,13148,0
MutexBased,1300,91000,91000,20777,1
MutexBased,1300,91000,86823,13659,0
MutexBased,1400,91000,91000,16497,1
MutexBased,1400,91000,80734,12952,0
MutexBased,1500,91000,91000,15608,1
MutexBased,1500,91000,86827,15160,0
MutexBased,1600,91000,91000,14832,1
MutexBased,1600,91000,87737,14733,0
MutexBased,1700,91000,91000,13339,1
MutexBased,1700,91000,82678,11662,0
MutexBased,1800,91000,91000,15448,1
MutexBased,1800,91000,86306,14207,0
MutexBased,1900,91000,91000,14717,1
MutexBased,1900,91000,40745,7558,0
MutexBased,2000,91000,91000,13133,1
MutexBased,2000,91000,60687,9965,0
MutexBased,100,92000,92000,18251,1
MutexBased,100,92000,58075,11506,0
MutexBased,200,92000,92000,15758,1
MutexBased,200,92000,44497,9913,0
MutexBased,300,92000,92000,17010,1
MutexBased,300,92000,56502,11265,0
MutexBased,400,92000,92000,15774,1
MutexBased,400,92000,73453,14089,0
MutexBased,500,92000,92000,15452,1
MutexBased,500,92000,61673,11123,0
MutexBased,600,92000,92000,16349,1
MutexBased,600,92000,86908,13867,0
MutexBased,700,92000,92000,16938,1
MutexBased,700,92000,74450,13677,0
MutexBased,800,92000,92000,15903,1
MutexBased,800,92000,55822,10098,0
MutexBased,900,92000,92000,12734,1
MutexBased,900,92000,57229,9416,0
MutexBased,1000,92000,92000,14916,1
MutexBased,1000,92000,83007,13604,0
MutexBased,1100,92000,92000,15058,1
MutexBased,1100,92000,78187,13352,0
MutexBased,1200,92000,92000,16062,1
MutexBased,1200,92000,77636,12687,0
MutexBased,1300,92000,92000,13938,1
MutexBased,1300,92000,61187,11532,0
MutexBased,1400,92000,92000,17021,1
MutexBased,1400,92000,57956,10895,0
MutexBased,1500,92000,92000,15045,1
MutexBased,1500,92000,82370,13958,0
MutexBased,1600,92000,92000,16320,1
MutexBased,1600,92000,83834,14082,0
MutexBased,1700,92000,92000,13438,1
MutexBased,1700,92000,86493,11638,0
MutexBased,1800,92000,92000,15741,1
MutexBased,1800,92000,46968,9551,0
MutexBased,1900,92000,92000,15026,1
MutexBased,1900,92000,83303,12861,0
MutexBased,2000,92000,92000,14515,1
MutexBased,2000,92000,49380,8153,0
MutexBased,100,93000,93000,17468,1
MutexBased,100,93000,62232,11499,0
MutexBased,200,93000,93000,16750,1
MutexBased,200,93000,80237,14130,0
MutexBased,300,93000,93000,17099,1
MutexBased,300,93000,57523,15224,0
MutexBased,400,93000,93000,18940,1
MutexBased,400,93000,78882,14583,0
MutexBased,500,93000,93000,14271,1
MutexBased,500,93000,64482,12612,0
MutexBased,600,93000,93000,16097,1
MutexBased,600,93000,63972,11594,0
MutexBased,700,93000,93000,15719,1
MutexBased,700,93000,77704,13103,0
MutexBased,800,93000,93000,16639,1
MutexBased,800,93000,43222,8296,0
MutexBased,900,93000,93000,14405,1
MutexBased,900,93000,80599,11028,0
MutexBased,1000,93000,93000,15631,1
MutexBased,1000,93000,68116,11645,0
MutexBased,1100,93000,93000,16417,1
MutexBased,1100,93000,88317,13891,0
MutexBased,1200,93000,93000,15824,1
MutexBased,1200,93000,84211,14312,0
MutexBased,1300,93000,93000,15094,1
MutexBased,1300,93000,70461,10539,0
MutexBased,1400,93000,93000,16326,1
MutexBased,1400,93000,81167,13102,0
MutexBased,1500,93000,93000,16548,1
MutexBased,1500,93000,54063,9914,0
MutexBased,1600,93000,93000,16337,1
MutexBased,1600,93000,75483,13067,0
MutexBased,1700,93000,93000,12455,1
MutexBased,1700,93000,88820,13119,0
MutexBased,1800,93000,93000,16018,1
MutexBased,1800,93000,82760,14053,0
MutexBased,1900,93000,93000,15274,1
MutexBased,1900,93000,80572,14505,0
MutexBased,2000,93000,93000,15684,1
MutexBased,2000,93000,87792,14646,0
MutexBased,100,94000,94000,19179,1
MutexBased,100,94000,53588,9454,0
MutexBased,200,94000,94000,17957,1
MutexBased,200,94000,77300,15005,0
MutexBased,300,94000,94000,18041,1
MutexBased,300,94000,77621,14504,0
MutexBased,400,94000,94000,16923,1
MutexBased,400,94000,63478,12867,0
MutexBased,500,94000,94000,14822,1
MutexBased,500,94000,87102,14040,0
MutexBased,600,94000,94000,18565,1
MutexBased,600,94000,72258,12201,0
MutexBased,700,94000,94000,15653,1
MutexBased,700,94000,76680,13985,0
MutexBased,800,94000,94000,15525,1
MutexBased,800,94000,85718,14132,0
MutexBased,900,94000,94000,13158,1
MutexBased,900,94000,52071,9414,0
MutexBased,1000,94000,94000,14967,1
MutexBased,1000,94000,80650,13411,0
MutexBased,1100,94000,94000,14921,1
MutexBased,1100,94000,47750,8565,0
MutexBased,1200,94000,94000,14746,1
MutexBased,1200,94000,79589,13969,0
MutexBased,1300,94000,94000,16199,1
MutexBased,1300,94000,67472,10080,0
MutexBased,1400,94000,94000,16002,1
MutexBased,1400,94000,91137,15894,0
MutexBased,1500,94000,94000,16207,1
MutexBased,1500,94000,83775,13771,0
MutexBased,1600,94000,94000,16048,1
MutexBased,1600,94000,63761,11664,0
MutexBased,1700,94000,94000,13808,1
MutexBased,1700,94000,78071,10958,0
MutexBased,1800,94000,94000,15216,1
MutexBased,1800,94000,69849,14814,0
MutexBased,1900,94000,94000,15333,1
MutexBased,1900,94000,69954,16489,0
MutexBased,2000,94000,94000,15696,1
MutexBased,2000,94000,86764,13697,0
MutexBased,100,95000,95000,18793,1
MutexBased,100,95000,53209,10705,0
MutexBased,200,95000,95000,16337,1
MutexBased,200,95000,75286,14634,0
MutexBased,300,95000,95000,17177,1
MutexBased,300,95000,68498,14343,0
MutexBased,400,95000,95000,17009,1
MutexBased,400,95000,74509,13558,0
MutexBased,500,95000,95000,16676,1
MutexBased,500,95000,81594,13410,0
MutexBased,600,95000,95000,18779,1
MutexBased,600,95000,57113,11862,0
MutexBased,700,95000,95000,15155,1
MutexBased,700,95000,84500,14205,0
MutexBased,800,95000,95000,16468,1
MutexBased,800,95000,88077,14361,0
MutexBased,900,95000,95000,15167,1
MutexBased,900,95000,85200,12702,0
MutexBased,1000,95000,95000,15275,1
MutexBased,1000,95000,69333,11287,0
MutexBased,1100,95000,95000,16549,1
MutexBased,1100,95000,61409,11583,0
MutexBased,1200,95000,95000,14817,1
MutexBased,1200,95000,67227,12168,0
MutexBased,1300,95000,95000,15586,1
MutexBased,1300,95000,59675,9446,0
MutexBased,1400,95000,95000,15943,1
MutexBased,1400,95000,62679,10901,0
MutexBased,1500,95000,95000,16829,1
MutexBased,1500,95000,63646,11858,0
MutexBased,1600,95000,95000,15565,1
MutexBased,1600,95000,77314,12569,0
MutexBased,1700,95000,95000,13532,1
MutexBased,1700,95000,82850,11729,0
MutexBased,1800,95000,95000,15115,1
MutexBased,1800,95000,78950,13204,0
MutexBased,1900,95000,95000,21043,1
MutexBased,1900,95000,90392,13298,0
MutexBased,2000,95000,95000,19169,1
MutexBased,2000,95000,57820,8906,0
MutexBased,100,96000,96000,19279,1
MutexBased,100,96000,62005,11122,0
MutexBased,200,96000,96000,17376,1
MutexBased,200,96000,67734,13287,0
MutexBased,300,96000,96000,19873,1
MutexBased,300,96000,67549,12510,0
MutexBased,400,96000,96000,17055,1
MutexBased,400,96000,69459,12673,0
MutexBased,500,96000,96000,15901,1
MutexBased,500,96000,68680,11366,0
MutexBased,600,96000,96000,16728,1
MutexBased,600,96000,69301,11748,0
MutexBased,700,96000,96000,16896,1
MutexBased,700,96000,75352,13246,0
MutexBased,800,96000,96000,16166,1
MutexBased,800,96000,83419,15178,0
MutexBased,900,96000,96000,13989,1
MutexBased,900,96000,89505,13284,0
MutexBased,1000,96000,96000,16634,1
MutexBased,1000,96000,80315,13275,0
MutexBased,1100,96000,96000,15653,1
MutexBased,1100,96000,79083,12900,0
MutexBased,1200,96000,96000,15148,1
MutexBased,1200,96000,69386,11797,0
MutexBased,1300,96000,96000,14236,1
MutexBased,1300,96000,61036,9742,0
MutexBased,1400,96000,96000,15871,1
MutexBased,1400,96000,75864,13071,0
MutexBased,1500,96000,96000,19616,1
MutexBased,1500,96000,75826,13900,0
MutexBased,1600,96000,96000,16440,1
MutexBased,1600,96000,68113,11071,0
MutexBased,1700,96000,96000,14135,1
MutexBased,1700,96000,83029,14020,0
MutexBased,1800,96000,96000,15788,1
MutexBased,1800,96000,73082,12824,0
MutexBased,1900,96000,96000,15268,1
MutexBased,1900,96000,67662,11142,0
MutexBased,2000,96000,96000,15585,1
MutexBased,2000,96000,80419,12725,0
MutexBased,100,97000,97000,18857,1
MutexBased,100,97000,48694,10433,0
MutexBased,200,97000,97000,19834,1
MutexBased,200,97000,54352,13185,0
MutexBased,300,97000,97000,16941,1
MutexBased,300,97000,84992,14893,0
MutexBased,400,97000,97000,19128,1
MutexBased,400,97000,74769,14010,0
MutexBased,500,97000,97000,15296,1
MutexBased,500,97000,68755,11051,0
MutexBased,600,97000,97000,16242,1
MutexBased,600,97000,63311,11172,0
MutexBased,700,97000,97000,16191,1
MutexBased,700,97000,37359,7329,0
MutexBased,800,97000,97000,17616,1
MutexBased,800,97000,92449,14895,0
MutexBased,900,97000,97000,14549,1
MutexBased,900,97000,63706,11209,0
MutexBased,1000,97000,97000,16602,1
MutexBased,1000,97000,76383,12855,0
MutexBased,1100,97000,97000,14845,1
MutexBased,1100,97000,80359,13341,0
MutexBased,1200,97000,97000,16069,1
MutexBased,1200,97000,72680,12940,0
MutexBased,1300,97000,97000,15301,1
MutexBased,1300,97000,71119,10659,0
MutexBased,1400,97000,97000,15907,1
MutexBased,1400,97000,84796,13955,0
MutexBased,1500,97000,97000,17580,1
MutexBased,1500,97000,65483,11300,0
MutexBased,1600,97000,97000,15978,1
MutexBased,1600,97000,74611,13309,0
MutexBased,1700,97000,97000,14229,1
MutexBased,1700,97000,82653,11929,0
MutexBased,1800,97000,97000,18083,1
MutexBased,1800,97000,78804,12313,0
MutexBased,1900,97000,97000,18137,1
MutexBased,1900,97000,69281,11161,0
MutexBased,2000,97000,97000,17209,1
MutexBased,2000,97000,74955,12004,0
MutexBased,100,98000,98000,18348,1
MutexBased,100,98000,60009,13930,0
MutexBased,200,98000,98000,17903,1
MutexBased,200,98000,66339,12880,0
MutexBased,300,98000,98000,17637,1
MutexBased,300,98000,84944,15968,0
MutexBased,400,98000,98000,18494,1
MutexBased,400,98000,57827,10287,0
MutexBased,500,98000,98000,16359,1
MutexBased,500,98000,71928,11078,0
MutexBased,600,98000,98000,17117,1
MutexBased,600,98000,47682,9053,0
MutexBased,700,98000,98000,17456,1
MutexBased,700,98000,81486,13048,0
MutexBased,800,98000,98000,16883,1
MutexBased,800,98000,67922,11971,0
MutexBased,900,98000,98000,14653,1
MutexBased,900,98000,93961,13674,0
MutexBased,1000,98000,98000,15927,1
MutexBased,1000,98000,73423,11974,0
MutexBased,1100,98000,98000,15197,1
MutexBased,1100,98000,77618,12660,0
MutexBased,1200,98000,98000,18121,1
MutexBased,1200,98000,83269,13951,0
MutexBased,1300,98000,98000,17355,1
MutexBased,1300,98000,86542,13342,0
MutexBased,1400,98000,98000,17707,1
MutexBased,1400,98000,68096,12841,0
MutexBased,1500,98000,98000,15847,1
MutexBased,1500,98000,85532,14690,0
MutexBased,1600,98000,98000,16694,1
MutexBased,1600,98000,90145,15315,0
MutexBased,1700,98000,98000,15242,1
MutexBased,1700,98000,68785,11236,0
MutexBased,1800,98000,98000,15677,1
MutexBased,1800,98000,89431,15653,0
MutexBased,1900,98000,98000,14172,1
MutexBased,1900,98000,91547,14166,0
MutexBased,2000,98000,98000,16391,1
MutexBased,2000,98000,68037,11524,0
MutexBased,100,99000,99000,18916,1
MutexBased,100,99000,47661,8837,0
MutexBased,200,99000,99000,18508,1
MutexBased,200,99000,53685,10322,0
MutexBased,300,99000,99000,18578,1
MutexBased,300,99000,67279,12925,0
MutexBased,400,99000,99000,18864,1
MutexBased,400,99000,73105,13793,0
MutexBased,500,99000,99000,16060,1
MutexBased,500,99000,62438,9932,0
MutexBased,600,99000,99000,16509,1
MutexBased,600,99000,83668,14131,0
MutexBased,700,99000,99000,17398,1
MutexBased,700,99000,79675,14020,0
MutexBased,800,99000,99000,15745,1
MutexBased,800,99000,77990,13545,0
MutexBased,900,99000,99000,14387,1
MutexBased,900,99000,51728,8526,0
MutexBased,1000,99000,99000,16264,1
MutexBased,1000,99000,78836,13334,0
MutexBased,1100,99000,99000,16503,1
MutexBased,1100,99000,58578,10286,0
MutexBased,1200,99000,99000,16482,1
MutexBased,1200,99000,90131,14640,0
MutexBased,1300,99000,99000,15277,1
MutexBased,1300,99000,59862,9554,0
MutexBased,1400,99000,99000,16712,1
MutexBased,1400,99000,85486,14470,0
MutexBased,1500,99000,99000,16744,1
MutexBased,1500,99000,84420,14449,0
MutexBased,1600,99000,99000,16676,1
MutexBased,1600,99000,96622,16718,0
MutexBased,1700,99000,99000,13078,1
MutexBased,1700,99000,73140,11951,0
MutexBased,1800,99000,99000,17092,1
MutexBased,1800,99000,92027,15577,0
MutexBased,1900,99000,99000,15627,1
MutexBased,1900,99000,91379,13491,0
MutexBased,2000,99000,99000,16387,1
MutexBased,2000,99000,86632,13257,0
MutexBased,100,100000,100000,20402,1
MutexBased,100,100000,28323,12425,0
MutexBased,200,100000,100000,17581,1
MutexBased,200,100000,61151,11598,0
MutexBased,300,100000,100000,18705,1
MutexBased,300,100000,75514,14848,0
MutexBased,400,100000,100000,18307,1
MutexBased,400,100000,55979,9782,0
MutexBased,500,100000,100000,18156,1
MutexBased,500,100000,66936,11667,0
MutexBased,600,100000,100000,16751,1
MutexBased,600,100000,40978,7795,0
MutexBased,700,100000,100000,17581,1
MutexBased,700,100000,79991,14197,0
MutexBased,800,100000,100000,18222,1
MutexBased,800,100000,91607,14526,0
MutexBased,900,100000,100000,15090,1
MutexBased,900,100000,81496,12708,0
MutexBased,1000,100000,100000,17057,1
MutexBased,1000,100000,80414,12420,0
MutexBased,1100,100000,100000,19344,1
MutexBased,1100,100000,64571,10240,0
MutexBased,1200,100000,100000,16378,1
MutexBased,1200,100000,67442,11509,0
MutexBased,1300,100000,100000,17918,1
MutexBased,1300,100000,91877,13155,0
MutexBased,1400,100000,100000,16727,1
MutexBased,1400,100000,98422,17086,0
MutexBased,1500,100000,100000,16753,1
MutexBased,1500,100000,87930,15777,0
MutexBased,1600,100000,100000,16611,1
MutexBased,1600,100000,83387,14334,0
MutexBased,1700,100000,100000,13522,1
MutexBased,1700,100000,95399,12454,0
MutexBased,1800,100000,100000,15967,1
MutexBased,1800,100000,85831,14036,0
MutexBased,1900,100000,100000,16196,1
MutexBased,1900,100000,88568,12706,0
MutexBased,2000,100000,100000,15656,1
MutexBased,2000,100000,73853,11334,0
MutexBased,100,101000,101000,19405,1
MutexBased,100,101000,65089,12978,0
MutexBased,200,101000,101000,18879,1
MutexBased,200,101000,69457,12560,0
MutexBased,300,101000,101000,20137,1
MutexBased,300,101000,68240,12434,0
MutexBased,400,101000,101000,17690,1
MutexBased,400,101000,57926,15999,0
MutexBased,500,101000,101000,18020,1
MutexBased,500,101000,69617,11720,0
MutexBased,600,101000,101000,16538,1
MutexBased,600,101000,90086,14808,0
MutexBased,700,101000,101000,18190,1
MutexBased,700,101000,80876,13907,0
MutexBased,800,101000,101000,17050,1
MutexBased,800,101000,84116,14383,0
MutexBased,900,101000,101000,16871,1
MutexBased,900,101000,46821,8671,0
MutexBased,1000,101000,101000,17202,1
MutexBased,1000,101000,87486,14124,0
MutexBased,1100,101000,101000,15582,1
MutexBased,1100,101000,50974,10616,0
MutexBased,1200,101000,101000,18278,1
MutexBased,1200,101000,61578,11931,0
MutexBased,1300,101000,101000,19318,1
MutexBased,1300,101000,53468,8434,0
MutexBased,1400,101000,101000,18521,1
MutexBased,1400,101000,74307,13886,0
MutexBased,1500,101000,101000,17266,1
MutexBased,1500,101000,93733,16462,0
MutexBased,1600,101000,101000,17557,1
MutexBased,1600,101000,91046,15802,0
MutexBased,1700,101000,101000,13441,1
MutexBased,1700,101000,85369,12383,0
MutexBased,1800,101000,101000,17057,1
MutexBased,1800,101000,42034,8952,0
MutexBased,1900,101000,101000,16679,1
MutexBased,1900,101000,74383,12094,0
MutexBased,2000,101000,101000,16968,1
MutexBased,2000,101000,80064,14080,0
MutexBased,100,102000,102000,19039,1
MutexBased,100,102000,41955,9419,0
MutexBased,200,102000,102000,19085,1
MutexBased,200,102000,77280,14620,0
MutexBased,300,102000,102000,17788,1
MutexBased,300,102000,87099,14825,0
MutexBased,400,102000,102000,18162,1
MutexBased,400,102000,83949,13799,0
MutexBased,500,102000,102000,16979,1
MutexBased,500,102000,82745,14103,0
MutexBased,600,102000,102000,17370,1
MutexBased,600,102000,62989,11006,0
MutexBased,700,102000,102000,18245,1
MutexBased,700,102000,81083,13865,0
MutexBased,800,102000,102000,16888,1
MutexBased,800,102000,23885,9700,0
MutexBased,900,102000,102000,18139,1
MutexBased,900,102000,73592,11060,0
MutexBased,1000,102000,102000,16820,1
MutexBased,1000,102000,78992,12966,0
MutexBased,1100,102000,102000,16604,1
MutexBased,1100,102000,73154,12201,0
MutexBased,1200,102000,102000,17057,1
MutexBased,1200,102000,83846,13860,0
MutexBased,1300,102000,102000,15011,1
MutexBased,1300,102000,81754,12853,0
MutexBased,1400,102000,102000,17421,1
MutexBased,1400,102000,100319,16445,0
MutexBased,1500,102000,102000,17690,1
MutexBased,1500,102000,94304,15331,0
MutexBased,1600,102000,102000,18466,1
MutexBased,1600,102000,93641,15720,0
MutexBased,1700,102000,102000,13717,1
MutexBased,1700,102000,91427,12694,0
MutexBased,1800,102000,102000,17811,1
MutexBased,1800,102000,69726,11355,0
MutexBased,1900,102000,102000,16400,1
MutexBased,1900,102000,92910,13891,0
MutexBased,2000,102000,102000,17260,1
MutexBased,2000,102000,72403,12183,0
MutexBased,100,103000,103000,19111,1
MutexBased,100,103000,65792,12655,0
MutexBased,200,103000,103000,19874,1
MutexBased,200,103000,45233,9839,0
MutexBased,300,103000,103000,18511,1
MutexBased,300,103000,96633,17965,0
MutexBased,400,103000,103000,18418,1
MutexBased,400,103000,72876,13400,0
MutexBased,500,103000,103000,16282,1
MutexBased,500,103000,70965,11693,0
MutexBased,600,103000,103000,17675,1
MutexBased,600,103000,70460,11868,0
MutexBased,700,103000,103000,19605,1
MutexBased,700,103000,73632,13053,0
MutexBased,800,103000,103000,16488,1
MutexBased,800,103000,82893,14022,0
MutexBased,900,103000,103000,15566,1
MutexBased,900,103000,60259,10706,0
MutexBased,1000,103000,103000,17624,1
MutexBased,1000,103000,82014,13436,0
MutexBased,1100,103000,103000,16759,1
MutexBased,1100,103000,95858,15619,0
MutexBased,1200,103000,103000,16943,1
MutexBased,1200,103000,85153,15255,0
MutexBased,1300,103000,103000,15505,1
MutexBased,1300,103000,83999,12347,0
MutexBased,1400,103000,103000,17794,1
MutexBased,1400,103000,78356,12889,0
MutexBased,1500,103000,103000,18087,1
MutexBased,1500,103000,85418,14913,0
MutexBased,1600,103000,103000,18553,1
MutexBased,1600,103000,99747,17259,0
MutexBased,1700,103000,103000,15587,1
MutexBased,1700,103000,102960,15168,0
MutexBased,1800,103000,103000,18234,1
MutexBased,1800,103000,46128,8991,0
MutexBased,1900,103000,103000,15251,1
MutexBased,1900,103000,87113,13641,0
MutexBased,2000,103000,103000,15435,1
MutexBased,2000,103000,85856,15396,0
MutexBased,100,104000,104000,19814,1
MutexBased,100,104000,56830,11617,0
MutexBased,200,104000,104000,19061,1
MutexBased,200,104000,67631,12518,0
MutexBased,300,104000,104000,20157,1
MutexBased,300,104000,91903,16073,0
MutexBased,400,104000,104000,18532,1
MutexBased,400,104000,101010,18037,0
MutexBased,500,104000,104000,17205,1
MutexBased,500,104000,95985,14910,0
MutexBased,600,104000,104000,19128,1
MutexBased,600,104000,75009,12596,0
MutexBased,700,104000,104000,17369,1
MutexBased,700,104000,97196,16755,0
MutexBased,800,104000,104000,17622,1
MutexBased,800,104000,69821,12811,0
MutexBased,900,104000,104000,15854,1
MutexBased,900,104000,99463,14125,0
MutexBased,1000,104000,104000,18338,1
MutexBased,1000,104000,90551,15240,0
MutexBased,1100,104000,104000,17503,1
MutexBased,1100,104000,54608,9641,0
MutexBased,1200,104000,104000,17561,1
MutexBased,1200,104000,96813,15341,0
MutexBased,1300,104000,104000,16576,1
MutexBased,1300,104000,93039,14329,0
MutexBased,1400,104000,104000,17521,1
MutexBased,1400,104000,88846,14634,0
MutexBased,1500,104000,104000,18770,1
MutexBased,1500,104000,93857,15909,0
MutexBased,1600,104000,104000,18649,1
MutexBased,1600,104000,62196,11182,0
MutexBased,1700,104000,104000,13988,1
MutexBased,1700,104000,76177,11353,0
MutexBased,1800,104000,104000,17400,1
MutexBased,1800,104000,91737,14644,0
MutexBased,1900,104000,104000,17341,1
MutexBased,1900,104000,74262,11902,0
MutexBased,2000,104000,104000,17291,1
MutexBased,2000,104000,81326,12981,0
MutexBased,100,105000,105000,21466,1
MutexBased,100,105000,72544,13497,0
MutexBased,200,105000,105000,21536,1
MutexBased,200,105000,79439,14434,0
MutexBased,300,105000,105000,19617,1
MutexBased,300,105000,79817,14698,0
MutexBased,400,105000,105000,17899,1
MutexBased,400,105000,73294,13682,0
MutexBased,500,105000,105000,16503,1
MutexBased,500,105000,62759,11376,0
MutexBased,600,105000,105000,18949,1
MutexBased,600,105000,99436,17131,0
MutexBased,700,105000,105000,18694,1
MutexBased,700,105000,83361,13856,0
MutexBased,800,105000,105000,19053,1
MutexBased,800,105000,93141,15975,0
MutexBased,900,105000,105000,15746,1
MutexBased,900,105000,59280,9095,0
MutexBased,1000,105000,105000,17697,1
MutexBased,1000,105000,74967,12850,0
MutexBased,1100,105000,105000,16715,1
MutexBased,1100,105000,55874,10279,0
MutexBased,1200,105000,105000,17965,1
MutexBased,1200,105000,100391,15895,0
MutexBased,1300,105000,105000,16065,1
MutexBased,1300,105000,67548,9438,0
MutexBased,1400,105000,105000,18236,1
MutexBased,1400,105000,102359,17627,0
MutexBased,1500,105000,105000,17931,1
MutexBased,1500,105000,89251,14812,0
MutexBased,1600,105000,105000,18289,1
MutexBased,1600,105000,90022,15362,0
MutexBased,1700,105000,105000,15216,1
MutexBased,1700,105000,78578,9979,0
MutexBased,1800,105000,105000,16751,1
MutexBased,1800,105000,83938,13574,0
MutexBased,1900,105000,105000,16147,1
MutexBased,1900,105000,91726,13677,0
MutexBased,2000,105000,105000,17576,1
MutexBased,2000,105000,86998,14271,0
MutexBased,100,106000,106000,21656,1
MutexBased,100,106000,63362,12168,0
MutexBased,200,106000,106000,20015,1
MutexBased,200,106000,90238,16589,0
MutexBased,300,106000,106000,18857,1
MutexBased,300,106000,73022,13528,0
MutexBased,400,106000,106000,22678,1
MutexBased,400,106000,62586,14123,0
MutexBased,500,106000,106000,18365,1
MutexBased,500,106000,91944,15338,0
MutexBased,600,106000,106000,28351,1
MutexBased,600,106000,95031,17717,0
MutexBased,700,106000,106000,22946,1
MutexBased,700,106000,85760,15424,0
MutexBased,800,106000,106000,17511,1
MutexBased,800,106000,79724,14916,0
MutexBased,900,106000,106000,16572,1
MutexBased,900,106000,87827,12843,0
MutexBased,1000,106000,106000,17093,1
MutexBased,1000,106000,100246,16285,0
MutexBased,1100,106000,106000,17794,1
MutexBased,1100,106000,77727,12937,0
MutexBased,1200,106000,106000,17637,1
MutexBased,1200,106000,91085,15124,0
MutexBased,1300,106000,106000,16690,1
MutexBased,1300,106000,77659,11287,0
MutexBased,1400,106000,106000,18922,1
MutexBased,1400,106000,97219,16382,0
MutexBased,1500,106000,106000,18478,1
MutexBased,1500,106000,92324,14644,0
MutexBased,1600,106000,106000,18456,1
MutexBased,1600,106000,93881,15596,0
MutexBased,1700,106000,106000,18668,1
MutexBased,1700,106000,74601,11466,0
MutexBased,1800,106000,106000,18031,1
MutexBased,1800,106000,74588,13412,0
MutexBased,1900,106000,106000,18529,1
MutexBased,1900,106000,91961,15055,0
MutexBased,2000,106000,106000,17213,1
MutexBased,2000,106000,85114,13521,0
MutexBased,100,107000,107000,20139,1
MutexBased,100,107000,51741,10044,0
MutexBased,200,107000,107000,19487,1
MutexBased,200,107000,63758,12244,0
MutexBased,300,107000,107000,20220,1
MutexBased,300,107000,69587,13407,0
MutexBased,400,107000,107000,20809,1
MutexBased,400,107000,55352,11306,0
MutexBased,500,107000,107000,18351,1
MutexBased,500,107000,75218,12422,0
MutexBased,600,107000,107000,18668,1
MutexBased,600,107000,68953,13197,0
MutexBased,700,107000,107000,20182,1
MutexBased,700,107000,45654,8291,0
MutexBased,800,107000,107000,26084,1
MutexBased,800,107000,100906,18243,0
MutexBased,900,107000,107000,17114,1
MutexBased,900,107000,70486,11994,0
MutexBased,1000,107000,107000,18566,1
MutexBased,1000,107000,90290,14680,0
MutexBased,1100,107000,107000,19330,1
MutexBased,1100,107000,89391,14810,0
MutexBased,1200,107000,107000,17858,1
MutexBased,1200,107000,79655,14413,0
MutexBased,1300,107000,107000,17144,1
MutexBased,1300,107000,94846,16198,0
MutexBased,1400,107000,107000,18763,1
MutexBased,1400,107000,86320,14668,0
MutexBased,1500,107000,107000,18834,1
MutexBased,1500,107000,46811,9882,0
MutexBased,1600,107000,107000,18693,1
MutexBased,1600,107000,88338,15299,0
MutexBased,1700,107000,107000,17828,1
MutexBased,1700,107000,79630,11616,0
MutexBased,1800,107000,107000,18968,1
MutexBased,1800,107000,101308,17793,0
MutexBased,1900,107000,107000,20404,1
MutexBased,1900,107000,53362,8350,0
MutexBased,2000,107000,107000,19345,1
MutexBased,2000,107000,45333,8168,0
MutexBased,100,108000,108000,29340,1
MutexBased,100,108000,56936,13297,0
MutexBased,200,108000,108000,23942,1
MutexBased,200,108000,60210,13868,0
MutexBased,300,108000,108000,21088,1
MutexBased,300,108000,69829,15057,0
MutexBased,400,108000,108000,21593,1
MutexBased,400,108000,76094,17198,0
MutexBased,500,108000,108000,23049,1
MutexBased,500,108000,55836,11457,0
MutexBased,600,108000,108000,23878,1
MutexBased,600,108000,41000,10037,0
MutexBased,700,108000,108000,21265,1
MutexBased,700,108000,76850,14901,0
MutexBased,800,108000,108000,18144,1
MutexBased,800,108000,55762,11187,0
MutexBased,900,108000,108000,18351,1
MutexBased,900,108000,79163,12838,0
MutexBased,1000,108000,108000,18680,1
MutexBased,1000,108000,78159,13295,0
MutexBased,1100,108000,108000,20157,1
MutexBased,1100,108000,59565,10072,0
MutexBased,1200,108000,108000,18928,1
MutexBased,1200,108000,84561,15593,0
MutexBased,1300,108000,108000,18748,1
MutexBased,1300,108000,75446,14815,0
MutexBased,1400,108000,108000,22625,1
MutexBased,1400,108000,86265,13248,0
MutexBased,1500,108000,108000,18427,1
MutexBased,1500,108000,77668,13522,0
MutexBased,1600,108000,108000,19004,1
MutexBased,1600,108000,63551,11042,0
MutexBased,1700,108000,108000,16261,1
MutexBased,1700,108000,73645,12495,0
MutexBased,1800,108000,108000,19406,1
MutexBased,1800,108000,60465,10248,0
MutexBased,1900,108000,108000,18538,1
MutexBased,1900,108000,67333,11612,0
MutexBased,2000,108000,108000,19398,1
MutexBased,2000,108000,66534,10687,0
MutexBased,100,109000,109000,23591,1
MutexBased,100,109000,49555,10818,0
MutexBased,200,109000,109000,21309,1
MutexBased,200,109000,56007,11826,0
MutexBased,300,109000,109000,22878,1
MutexBased,300,109000,78314,14877,0
MutexBased,400,109000,109000,20097,1
MutexBased,400,109000,69742,13100,0
MutexBased,500,109000,109000,20257,1
MutexBased,500,109000,75042,14760,0
MutexBased,600,109000,109000,20311,1
MutexBased,600,109000,61139,11617,0
MutexBased,700,109000,109000,19273,1
MutexBased,700,109000,85573,15563,0
MutexBased,800,109000,109000,22267,1
MutexBased,800,109000,73193,13180,0
MutexBased,900,109000,109000,16642,1
MutexBased,900,109000,77388,12016,0
MutexBased,1000,109000,109000,19390,1
MutexBased,1000,109000,73142,12583,0
MutexBased,1100,109000,109000,19177,1
MutexBased,1100,109000,56676,11339,0
MutexBased,1200,109000,109000,19356,1
MutexBased,1200,109000,81579,14662,0
MutexBased,1300,109000,109000,18232,1
MutexBased,1300,109000,67872,11890,0
MutexBased,1400,109000,109000,19363,1
MutexBased,1400,109000,61403,17067,0
MutexBased,1500,109000,109000,21096,1
MutexBased,1500,109000,60682,11142,0
MutexBased,1600,109000,109000,17939,1
MutexBased,1600,109000,67723,11703,0
MutexBased,1700,109000,109000,20225,1
MutexBased,1700,109000,81792,13175,0
MutexBased,1800,109000,109000,20715,1
MutexBased,1800,109000,49881,13325,0
MutexBased,1900,109000,109000,20567,1
MutexBased,1900,109000,86143,14678,0
MutexBased,2000,109000,109000,20982,1
MutexBased,2000,109000,88973,14800,0
MutexBased,100,110000,110000,22599,1
MutexBased,100,110000,57598,10761,0
MutexBased,200,110000,110000,24801,1
MutexBased,200,110000,69375,14271,0
MutexBased,300,110000,110000,22572,1
MutexBased,300,110000,45256,14893,0
MutexBased,400,110000,110000,21385,1
MutexBased,400,110000,72355,14959,0
MutexBased,500,110000,110000,22816,1
MutexBased,500,110000,70127,10967,0
MutexBased,600,110000,110000,19788,1
MutexBased,600,110000,81144,16066,0
MutexBased,700,110000,110000,20690,1
MutexBased,700,110000,94156,19227,0
MutexBased,800,110000,110000,17085,1
MutexBased,800,110000,60323,13356,0
MutexBased,900,110000,110000,23360,1
MutexBased,900,110000,80357,13516,0
MutexBased,1000,110000,110000,22226,1
MutexBased,1000,110000,92786,16846,0
MutexBased,1100,110000,110000,21095,1
MutexBased,1100,110000,80495,14300,0
MutexBased,1200,110000,110000,22823,1
MutexBased,1200,110000,59754,14512,0
MutexBased,1300,110000,110000,23271,1
MutexBased,1300,110000,94835,20208,0
MutexBased,1400,110000,110000,25092,1
MutexBased,1400,110000,95108,20038,0
MutexBased,1500,110000,110000,29479,1
MutexBased,1500,110000,89235,17830,0
MutexBased,1600,110000,110000,24215,1
MutexBased,1600,110000,64665,13213,0
MutexBased,1700,110000,110000,19046,1
MutexBased,1700,110000,96121,19044,0
MutexBased,1800,110000,110000,20650,1
MutexBased,1800,110000,70217,15728,0
MutexBased,1900,110000,110000,19481,1
MutexBased,1900,110000,64141,14556,0
MutexBased,2000,110000,110000,23307,1
MutexBased,2000,110000,90965,18949,0
MutexBased,100,111000,111000,29115,1
MutexBased,100,111000,66871,15098,0
MutexBased,200,111000,111000,27737,1
MutexBased,200,111000,52013,12445,0
MutexBased,300,111000,111000,25469,1
MutexBased,300,111000,64373,14607,0
MutexBased,400,111000,111000,25332,1
MutexBased,400,111000,67444,16956,0
MutexBased,500,111000,111000,24693,1
MutexBased,500,111000,77955,17815,0
MutexBased,600,111000,111000,22719,1
MutexBased,600,111000,57830,12660,0
MutexBased,700,111000,111000,24374,1
MutexBased,700,111000,69034,14263,0
MutexBased,800,111000,111000,22788,1
MutexBased,800,111000,51541,13566,0
MutexBased,900,111000,111000,23641,1
MutexBased,900,111000,59518,11808,0
MutexBased,1000,111000,111000,18290,1
MutexBased,1000,111000,88806,15429,0
MutexBased,1100,111000,111000,20446,1
MutexBased,1100,111000,69192,11823,0
MutexBased,1200,111000,111000,20353,1
MutexBased,1200,111000,79715,14641,0
MutexBased,1300,111000,111000,19401,1
MutexBased,1300,111000,84243,13967,0
MutexBased,1400,111000,111000,21668,1
MutexBased,1400,111000,62010,13558,0
MutexBased,1500,111000,111000,20656,1
MutexBased,1500,111000,101276,17696,0
MutexBased,1600,111000,111000,20766,1
MutexBased,1600,111000,82763,15891,0
MutexBased,1700,111000,111000,19258,1
MutexBased,1700,111000,64619,10280,0
MutexBased,1800,111000,111000,20350,1
MutexBased,1800,111000,83377,15217,0
MutexBased,1900,111000,111000,18873,1
MutexBased,1900,111000,76999,12949,0
MutexBased,2000,111000,111000,19621,1
MutexBased,2000,111000,71547,11593,0
MutexBased,100,112000,112000,23945,1
MutexBased,100,112000,61389,12308,0
MutexBased,200,112000,112000,23632,1
MutexBased,200,112000,78770,15891,0
MutexBased,300,112000,112000,22546,1
MutexBased,300,112000,65090,13383,0
MutexBased,400,112000,112000,21744,1
MutexBased,400,112000,76960,15930,0
MutexBased,500,112000,112000,22400,1
MutexBased,500,112000,59540,11821,0
MutexBased,600,112000,112000,22853,1
MutexBased,600,112000,74409,14313,0
MutexBased,700,112000,112000,21608,1
MutexBased,700,112000,100031,18462,0
MutexBased,800,112000,112000,20779,1
MutexBased,800,112000,85884,15825,0
MutexBased,900,112000,112000,18831,1
MutexBased,900,112000,73673,11185,0
MutexBased,1000,112000,112000,20834,1
MutexBased,1000,112000,79611,14404,0
MutexBased,1100,112000,112000,20601,1
MutexBased,1100,112000,82258,13820,0
MutexBased,1200,112000,112000,20828,1
MutexBased,1200,112000,45831,13176,0
MutexBased,1300,112000,112000,17931,1
MutexBased,1300,112000,87314,15672,0
MutexBased,1400,112000,112000,19200,1
MutexBased,1400,112000,79590,14913,0
MutexBased,1500,112000,112000,20970,1
MutexBased,1500,112000,69206,14054,0
MutexBased,1600,112000,112000,18977,1
MutexBased,1600,112000,67841,14568,0
MutexBased,1700,112000,112000,17881,1
MutexBased,1700,112000,50714,9087,0
MutexBased,1800,112000,112000,21245,1
MutexBased,1800,112000,66991,11817,0
MutexBased,1900,112000,112000,20678,1
MutexBased,1900,112000,72528,12101,0
MutexBased,2000,112000,112000,18486,1
MutexBased,2000,112000,90106,16506,0
MutexBased,100,113000,113000,25956,1
MutexBased,100,113000,50298,10885,0
MutexBased,200,113000,113000,22031,1
MutexBased,200,113000,38059,12614,0
MutexBased,300,113000,113000,26734,1
MutexBased,300,113000,75171,14743,0
MutexBased,400,113000,113000,21935,1
MutexBased,400,113000,51012,10743,0
MutexBased,500,113000,113000,19566,1
MutexBased,500,113000,82398,14331,0
MutexBased,600,113000,113000,20985,1
MutexBased,600,113000,86278,15462,0
MutexBased,700,113000,113000,21508,1
MutexBased,700,113000,104764,19104,0
MutexBased,800,113000,113000,18868,1
MutexBased,800,113000,78464,14012,0
MutexBased,900,113000,113000,19389,1
MutexBased,900,113000,87530,12475,0
MutexBased,1000,113000,113000,19060,1
MutexBased,1000,113000,87129,14546,0
MutexBased,1100,113000,113000,18291,1
MutexBased,1100,113000,92206,15403,0
MutexBased,1200,113000,113000,18751,1
MutexBased,1200,113000,91109,15664,0
MutexBased,1300,113000,113000,17749,1
MutexBased,1300,113000,112982,18627,0
MutexBased,1400,113000,113000,19558,1
MutexBased,1400,113000,86302,15647,0
MutexBased,1500,113000,113000,23015,1
MutexBased,1500,113000,78704,13584,0
MutexBased,1600,113000,113000,19476,1
MutexBased,1600,113000,107910,19602,0
MutexBased,1700,113000,113000,14326,1
MutexBased,1700,113000,86309,13132,0
MutexBased,1800,113000,113000,19645,1
MutexBased,1800,113000,93193,16272,0
MutexBased,1900,113000,113000,15915,1
MutexBased,1900,113000,98748,15666,0
MutexBased,2000,113000,113000,18675,1
MutexBased,2000,113000,111412,18597,0
MutexBased,100,114000,114000,22126,1
MutexBased,100,114000,70585,14788,0
MutexBased,200,114000,114000,21563,1
MutexBased,200,114000,66782,13778,0
MutexBased,300,114000,114000,21014,1
MutexBased,300,114000,60338,12349,0
MutexBased,400,114000,114000,20487,1
MutexBased,400,114000,79259,13581,0
MutexBased,500,114000,114000,18538,1
MutexBased,500,114000,93828,16226,0
MutexBased,600,114000,114000,19003,1
MutexBased,600,114000,96000,16208,0
MutexBased,700,114000,114000,20888,1
MutexBased,700,114000,103744,17784,0
MutexBased,800,114000,114000,18303,1
MutexBased,800,114000,94711,15785,0
MutexBased,900,114000,114000,15418,1
MutexBased,900,114000,98589,13943,0
MutexBased,1000,114000,114000,18742,1
MutexBased,1000,114000,101815,17796,0
MutexBased,1100,114000,114000,19771,1
MutexBased,1100,114000,111143,17801,0
MutexBased,1200,114000,114000,18635,1
MutexBased,1200,114000,77004,13053,0
MutexBased,1300,114000,114000,16843,1
MutexBased,1300,114000,59821,9405,0
MutexBased,1400,114000,114000,19438,1
MutexBased,1400,114000,98717,16505,0
MutexBased,1500,114000,114000,18757,1
MutexBased,1500,114000,93281,15541,0
MutexBased,1600,114000,114000,19431,1
MutexBased,1600,114000,79057,14153,0
MutexBased,1700,114000,114000,16774,1
MutexBased,1700,114000,103773,13856,0
MutexBased,1800,114000,114000,18861,1
MutexBased,1800,114000,96835,16314,0
MutexBased,1900,114000,114000,16727,1
MutexBased,1900,114000,87256,14145,0
MutexBased,2000,114000,114000,19089,1
MutexBased,2000,114000,89197,14791,0
MutexBased,100,115000,115000,22162,1
MutexBased,100,115000,59857,12338,0
MutexBased,200,115000,115000,22477,1
MutexBased,200,115000,79384,15023,0
MutexBased,300,115000,115000,21515,1
MutexBased,300,115000,64926,12096,0
MutexBased,400,115000,115000,19841,1
MutexBased,400,115000,92441,15369,0
MutexBased,500,115000,115000,19120,1
MutexBased,500,115000,86928,15720,0
MutexBased,600,115000,115000,18790,1
MutexBased,600,115000,94355,15754,0
MutexBased,700,115000,115000,20977,1
MutexBased,700,115000,99002,17012,0
MutexBased,800,115000,115000,20449,1
MutexBased,800,115000,101610,17560,0
MutexBased,900,115000,115000,17180,1
MutexBased,900,115000,96808,13337,0
MutexBased,1000,115000,115000,19140,1
MutexBased,1000,115000,83623,20199,0
MutexBased,1100,115000,115000,18153,1
MutexBased,1100,115000,108600,16821,0
MutexBased,1200,115000,115000,19563,1
MutexBased,1200,115000,101366,16160,0
MutexBased,1300,115000,115000,19225,1
MutexBased,1300,115000,88972,12278,0
MutexBased,1400,115000,115000,19721,1
MutexBased,1400,115000,72886,12860,0
MutexBased,1500,115000,115000,20585,1
MutexBased,1500,115000,101550,17241,0
MutexBased,1600,115000,115000,20660,1
MutexBased,1600,115000,75857,13856,0
MutexBased,1700,115000,115000,18883,1
MutexBased,1700,115000,94005,13194,0
MutexBased,1800,115000,115000,20860,1
MutexBased,1800,115000,85917,14301,0
MutexBased,1900,115000,115000,19159,1
MutexBased,1900,115000,95501,14840,0
MutexBased,2000,115000,115000,19038,1
MutexBased,2000,115000,91726,14630,0
MutexBased,100,116000,116000,21939,1
MutexBased,100,116000,55997,11501,0
MutexBased,200,116000,116000,21587,1
MutexBased,200,116000,99302,18091,0
MutexBased,300,116000,116000,21586,1
MutexBased,300,116000,72260,14195,0
MutexBased,400,116000,116000,22906,1
MutexBased,400,116000,64709,12811,0
MutexBased,500,116000,116000,20135,1
MutexBased,500,116000,86746,15718,0
MutexBased,600,116000,116000,20818,1
MutexBased,600,116000,112983,19433,0
MutexBased,700,116000,116000,21674,1
MutexBased,700,116000,63159,16803,0
MutexBased,800,116000,116000,18866,1
MutexBased,800,116000,92426,15865,0
MutexBased,900,116000,116000,16726,1
MutexBased,900,116000,103988,14622,0
MutexBased,1000,116000,116000,19984,1
MutexBased,1000,116000,96731,15755,0
MutexBased,1100,116000,116000,19407,1
MutexBased,1100,116000,80502,13697,0
MutexBased,1200,116000,116000,19660,1
MutexBased,1200,116000,77797,13772,0
MutexBased,1300,116000,116000,17779,1
MutexBased,1300,116000,112747,19287,0
MutexBased,1400,116000,116000,18997,1
MutexBased,1400,116000,99573,16697,0
MutexBased,1500,116000,116000,19507,1
MutexBased,1500,116000,91281,15412,0
MutexBased,1600,116000,116000,20290,1
MutexBased,1600,116000,87993,15144,0
MutexBased,1700,116000,116000,16681,1
MutexBased,1700,116000,113662,15196,0
MutexBased,1800,116000,116000,20221,1
MutexBased,1800,116000,75646,12919,0
MutexBased,1900,116000,116000,19969,1
MutexBased,1900,116000,84687,14987,0
MutexBased,2000,116000,116000,18664,1
MutexBased,2000,116000,81517,14197,0
MutexBased,100,117000,117000,21450,1
MutexBased,100,117000,43163,9292,0
MutexBased,200,117000,117000,23180,1
MutexBased,200,117000,91240,16789,0
MutexBased,300,117000,117000,21716,1
MutexBased,300,117000,81524,14823,0
MutexBased,400,117000,117000,21503,1
MutexBased,400,117000,51804,11423,0
MutexBased,500,117000,117000,18535,1
MutexBased,500,117000,68084,11564,0
MutexBased,600,117000,117000,19623,1
MutexBased,600,117000,97881,17166,0
MutexBased,700,117000,117000,21055,1
MutexBased,700,117000,100379,17878,0
MutexBased,800,117000,117000,19796,1
MutexBased,800,117000,77737,14361,0
MutexBased,900,117000,117000,22636,1
MutexBased,900,117000,105684,15319,0
MutexBased,1000,117000,117000,18562,1
MutexBased,1000,117000,91267,15226,0
MutexBased,1100,117000,117000,20919,1
MutexBased,1100,117000,106517,17641,0
MutexBased,1200,117000,117000,19268,1
MutexBased,1200,117000,80905,14084,0
MutexBased,1300,117000,117000,17912,1
MutexBased,1300,117000,89427,13812,0
MutexBased,1400,117000,117000,20295,1
MutexBased,1400,117000,109462,18476,0
MutexBased,1500,117000,117000,19727,1
MutexBased,1500,117000,96027,16056,0
MutexBased,1600,117000,117000,21065,1
MutexBased,1600,117000,105192,17620,0
MutexBased,1700,117000,117000,15159,1
MutexBased,1700,117000,103121,16330,0
MutexBased,1800,117000,117000,20594,1
MutexBased,1800,117000,107088,18072,0
MutexBased,1900,117000,117000,19058,1
MutexBased,1900,117000,101728,14746,0
MutexBased,2000,117000,117000,18703,1
MutexBased,2000,117000,78052,12948,0
MutexBased,100,118000,118000,23562,1
MutexBased,100,118000,61657,12234,0
MutexBased,200,118000,118000,21517,1
MutexBased,200,118000,88316,17583,0
MutexBased,300,118000,118000,22201,1
MutexBased,300,118000,85437,15104,0
MutexBased,400,118000,118000,22303,1
MutexBased,400,118000,92122,16619,0
MutexBased,500,118000,118000,17963,1
MutexBased,500,118000,89570,15503,0
MutexBased,600,118000,118000,20443,1
MutexBased,600,118000,61899,15833,0
MutexBased,700,118000,118000,19068,1
MutexBased,700,118000,87098,15993,0
MutexBased,800,118000,118000,20880,1
MutexBased,800,118000,116647,19229,0
MutexBased,900,118000,118000,18557,1
MutexBased,900,118000,91499,14690,0
MutexBased,1000,118000,118000,18910,1
MutexBased,1000,118000,91564,15628,0
MutexBased,1100,118000,118000,19112,1
MutexBased,1100,118000,72302,12522,0
MutexBased,1200,118000,118000,20145,1
MutexBased,1200,118000,109614,17529,0
MutexBased,1300,118000,118000,18511,1
MutexBased,1300,118000,81138,11555,0
MutexBased,1400,118000,118000,20823,1
MutexBased,1400,118000,109955,19466,0
MutexBased,1500,118000,118000,23744,1
MutexBased,1500,118000,97862,17176,0
MutexBased,1600,118000,118000,21160,1
MutexBased,1600,118000,92707,16432,0
MutexBased,1700,118000,118000,17581,1
MutexBased,1700,118000,93048,12915,0
MutexBased,1800,118000,118000,20692,1
MutexBased,1800,118000,89876,16559,0
MutexBased,1900,118000,118000,20597,1
MutexBased,1900,118000,83512,14183,0
MutexBased,2000,118000,118000,19737,1
MutexBased,2000,118000,93557,18984,0
MutexBased,100,119000,119000,22717,1
MutexBased,100,119000,53485,11769,0
MutexBased,200,119000,119000,24227,1
MutexBased,200,119000,80202,14946,0
MutexBased,300,119000,119000,26298,1
MutexBased,300,119000,89789,15739,0
MutexBased,400,119000,119000,20625,1
MutexBased,400,119000,84654,14982,0
MutexBased,500,119000,119000,29795,1
MutexBased,500,119000,66570,13192,0
MutexBased,600,119000,119000,20066,1
MutexBased,600,119000,89700,15607,0
MutexBased,700,119000,119000,23332,1
MutexBased,700,119000,94932,20274,0
MutexBased,800,119000,119000,19783,1
MutexBased,800,119000,105169,18220,0
MutexBased,900,119000,119000,19160,1
MutexBased,900,119000,101976,14675,0
MutexBased,1000,119000,119000,21682,1
MutexBased,1000,119000,96961,16767,0
MutexBased,1100,119000,119000,19959,1
MutexBased,1100,119000,98197,16191,0
MutexBased,1200,119000,119000,20492,1
MutexBased,1200,119000,107591,17745,0
MutexBased,1300,119000,119000,17528,1
MutexBased,1300,119000,99213,16154,0
MutexBased,1400,119000,119000,22394,1
MutexBased,1400,119000,112856,19219,0
MutexBased,1500,119000,119000,20442,1
MutexBased,1500,119000,79593,14011,0
MutexBased,1600,119000,119000,19786,1
MutexBased,1600,119000,67429,11253,0
MutexBased,1700,119000,119000,17117,1
MutexBased,1700,119000,93770,13448,0
MutexBased,1800,119000,119000,20273,1
MutexBased,1800,119000,107800,18515,0
MutexBased,1900,119000,119000,17463,1
MutexBased,1900,119000,101377,15950,0
MutexBased,2000,119000,119000,20184,1
MutexBased,2000,119000,83268,14203,0
MutexBased,100,120000,120000,24154,1
MutexBased,100,120000,69056,13724,0
MutexBased,200,120000,120000,24836,1
MutexBased,200,120000,76294,15704,0
MutexBased,300,120000,120000,22796,1
MutexBased,300,120000,84913,15712,0
MutexBased,400,120000,120000,21489,1
MutexBased,400,120000,60725,14206,0
MutexBased,500,120000,120000,21144,1
MutexBased,500,120000,80756,13446,0
MutexBased,600,120000,120000,21769,1
MutexBased,600,120000,87164,15511,0
MutexBased,700,120000,120000,20179,1
MutexBased,700,120000,101283,17401,0
MutexBased,800,120000,120000,24261,1
MutexBased,800,120000,71874,12636,0
MutexBased,900,120000,120000,18458,1
MutexBased,900,120000,105614,14788,0
MutexBased,1000,120000,120000,20097,1
MutexBased,1000,120000,118539,19036,0
MutexBased,1100,120000,120000,20213,1
MutexBased,1100,120000,107412,17744,0
MutexBased,1200,120000,120000,20372,1
MutexBased,1200,120000,73901,12890,0
MutexBased,1300,120000,120000,17695,1
MutexBased,1300,120000,99500,14753,0
MutexBased,1400,120000,120000,19869,1
MutexBased,1400,120000,85288,14551,0
MutexBased,1500,120000,120000,20591,1
MutexBased,1500,120000,79809,14029,0
MutexBased,1600,120000,120000,21001,1
MutexBased,1600,120000,87381,15536,0
MutexBased,1700,120000,120000,21398,1
MutexBased,1700,120000,54327,10428,0
MutexBased,1800,120000,120000,31996,1
MutexBased,1800,120000,117588,20385,0
MutexBased,1900,120000,120000,19030,1
MutexBased,1900,120000,101060,17352,0
MutexBased,2000,120000,120000,21315,1
MutexBased,2000,120000,100253,17179,0
MutexBased,100,121000,121000,23610,1
MutexBased,100,121000,70352,13784,0
MutexBased,200,121000,121000,22096,1
MutexBased,200,121000,81975,15094,0
MutexBased,300,121000,121000,21859,1
MutexBased,300,121000,76600,14839,0
MutexBased,400,121000,121000,22172,1
MutexBased,400,121000,66037,12428,0
MutexBased,500,121000,121000,19803,1
MutexBased,500,121000,105599,18255,0
MutexBased,600,121000,121000,20595,1
MutexBased,600,121000,92390,15582,0
MutexBased,700,121000,121000,20973,1
MutexBased,700,121000,89484,15425,0
MutexBased,800,121000,121000,20920,1
MutexBased,800,121000,99601,16807,0
MutexBased,900,121000,121000,17213,1
MutexBased,900,121000,104013,15739,0
MutexBased,1000,121000,121000,21091,1
MutexBased,1000,121000,117621,20083,0
MutexBased,1100,121000,121000,21846,1
MutexBased,1100,121000,111485,18857,0
MutexBased,1200,121000,121000,20569,1
MutexBased,1200,121000,103874,17407,0
MutexBased,1300,121000,121000,25196,1
MutexBased,1300,121000,99426,14417,0
MutexBased,1400,121000,121000,21671,1
MutexBased,1400,121000,107629,18410,0
MutexBased,1500,121000,121000,21166,1
MutexBased,1500,121000,95722,16430,0
MutexBased,1600,121000,121000,20635,1
MutexBased,1600,121000,75442,14256,0
MutexBased,1700,121000,121000,20875,1
MutexBased,1700,121000,72928,10416,0
MutexBased,1800,121000,121000,21610,1
MutexBased,1800,121000,104761,17563,0
MutexBased,1900,121000,121000,19909,1
MutexBased,1900,121000,121000,19091,0
MutexBased,2000,121000,121000,20888,1
MutexBased,2000,121000,84509,13852,0
MutexBased,100,122000,122000,23169,1
MutexBased,100,122000,60367,12352,0
MutexBased,200,122000,122000,23129,1
MutexBased,200,122000,59403,12075,0
MutexBased,300,122000,122000,21675,1
MutexBased,300,122000,69985,14840,0
MutexBased,400,122000,122000,22555,1
MutexBased,400,122000,106281,19869,0
MutexBased,500,122000,122000,19891,1
MutexBased,500,122000,103408,16859,0
MutexBased,600,122000,122000,20286,1
MutexBased,600,122000,109961,17056,0
MutexBased,700,122000,122000,21880,1
MutexBased,700,122000,82764,16800,0
MutexBased,800,122000,122000,21364,1
MutexBased,800,122000,90753,16171,0
MutexBased,900,122000,122000,18836,1
MutexBased,900,122000,99447,14320,0
MutexBased,1000,122000,122000,21114,1
MutexBased,1000,122000,120022,19429,0
MutexBased,1100,122000,122000,20971,1
MutexBased,1100,122000,89120,14710,0
MutexBased,1200,122000,122000,20984,1
MutexBased,1200,122000,93087,16553,0
MutexBased,1300,122000,122000,20122,1
MutexBased,1300,122000,72331,11920,0
MutexBased,1400,122000,122000,21633,1
MutexBased,1400,122000,93445,16131,0
MutexBased,1500,122000,122000,24780,1
MutexBased,1500,122000,100473,16650,0
MutexBased,1600,122000,122000,22314,1
MutexBased,1600,122000,103720,18195,0
MutexBased,1700,122000,122000,17634,1
MutexBased,1700,122000,78921,13738,0
MutexBased,1800,122000,122000,24104,1
MutexBased,1800,122000,121280,19671,0
MutexBased,1900,122000,122000,18939,1
MutexBased,1900,122000,102710,14919,0
MutexBased,2000,122000,122000,19707,1
MutexBased,2000,122000,92766,16763,0
MutexBased,100,123000,123000,23695,1
MutexBased,100,123000,68177,12939,0
MutexBased,200,123000,123000,24153,1
MutexBased,200,123000,106845,20168,0
MutexBased,300,123000,123000,23204,1
MutexBased,300,123000,103596,18586,0
MutexBased,400,123000,123000,24019,1
MutexBased,400,123000,82878,17052,0
MutexBased,500,123000,123000,19372,1
MutexBased,500,123000,90929,15047,0
MutexBased,600,123000,123000,19768,1
MutexBased,600,123000,88042,14463,0
MutexBased,700,123000,123000,21432,1
MutexBased,700,123000,89566,15416,0
MutexBased,800,123000,123000,21724,1
MutexBased,800,123000,112511,19451,0
MutexBased,900,123000,123000,20263,1
MutexBased,900,123000,97197,14374,0
MutexBased,1000,123000,123000,21129,1
MutexBased,1000,123000,113139,19056,0
MutexBased,1100,123000,123000,19303,1
MutexBased,1100,123000,75106,13786,0
MutexBased,1200,123000,123000,19897,1
MutexBased,1200,123000,94908,16500,0
MutexBased,1300,123000,123000,20485,1
MutexBased,1300,123000,99838,15800,0
MutexBased,1400,123000,123000,21126,1
MutexBased,1400,123000,52636,13174,0
MutexBased,1500,123000,123000,23070,1
MutexBased,1500,123000,82295,13493,0
MutexBased,1600,123000,123000,23369,1
MutexBased,1600,123000,95928,15912,0
MutexBased,1700,123000,123000,16994,1
MutexBased,1700,123000,107617,14997,0
MutexBased,1800,123000,123000,21428,1
MutexBased,1800,123000,99959,17196,0
MutexBased,1900,123000,123000,18384,1
MutexBased,1900,123000,115124,17512,0
MutexBased,2000,123000,123000,20439,1
MutexBased,2000,123000,105633,17144,0
MutexBased,100,124000,124000,24998,1
MutexBased,100,124000,71199,13238,0
MutexBased,200,124000,124000,24074,1
MutexBased,200,124000,102124,18172,0
MutexBased,300,124000,124000,23651,1
MutexBased,300,124000,97315,17782,0
MutexBased,400,124000,124000,23122,1
MutexBased,400,124000,82285,15898,0
MutexBased,500,124000,124000,22109,1
MutexBased,500,124000,100227,15864,0
MutexBased,600,124000,124000,23854,1
MutexBased,600,124000,79035,13761,0
MutexBased,700,124000,124000,21051,1
MutexBased,700,124000,114687,20511,0
MutexBased,800,124000,124000,21941,1
MutexBased,800,124000,77095,14177,0
MutexBased,900,124000,124000,19868,1
MutexBased,900,124000,104256,14977,0
MutexBased,1000,124000,124000,21246,1
MutexBased,1000,124000,72985,12701,0
MutexBased,1100,124000,124000,27601,1
MutexBased,1100,124000,87403,14692,0
MutexBased,1200,124000,124000,20924,1
MutexBased,1200,124000,85624,15287,0
MutexBased,1300,124000,124000,19702,1
MutexBased,1300,124000,96739,17738,0
MutexBased,1400,124000,124000,20661,1
MutexBased,1400,124000,108799,18675,0
MutexBased,1500,124000,124000,22274,1
MutexBased,1500,124000,83274,15528,0
MutexBased,1600,124000,124000,21341,1
MutexBased,1600,124000,72221,12403,0
MutexBased,1700,124000,124000,18762,1
MutexBased,1700,124000,117608,15941,0
MutexBased,1800,124000,124000,20392,1
MutexBased,1800,124000,93333,15875,0
MutexBased,1900,124000,124000,20291,1
MutexBased,1900,124000,100371,15296,0
MutexBased,2000,124000,124000,22078,1
MutexBased,2000,124000,114164,18543,0
MutexBased,100,125000,125000,24966,1
MutexBased,100,125000,78806,15326,0
MutexBased,200,125000,125000,22662,1
MutexBased,200,125000,99861,19652,0
MutexBased,300,125000,125000,23567,1
MutexBased,300,125000,88244,16260,0
MutexBased,400,125000,125000,23407,1
MutexBased,400,125000,107873,18960,0
MutexBased,500,125000,125000,22569,1
MutexBased,500,125000,84015,13378,0
MutexBased,600,125000,125000,21648,1
MutexBased,600,125000,84211,14929,0
MutexBased,700,125000,125000,21163,1
MutexBased,700,125000,99789,17215,0
MutexBased,800,125000,125000,21018,1
MutexBased,800,125000,111355,19425,0
MutexBased,900,125000,125000,21451,1
MutexBased,900,125000,112903,15811,0
MutexBased,1000,125000,125000,23736,1
MutexBased,1000,125000,115122,18007,0
MutexBased,1100,125000,125000,20967,1
MutexBased,1100,125000,90369,14593,0
MutexBased,1200,125000,125000,21033,1
MutexBased,1200,125000,100887,17280,0
MutexBased,1300,125000,125000,20693,1
MutexBased,1300,125000,86678,12855,0
MutexBased,1400,125000,125000,21539,1
MutexBased,1400,125000,86651,15616,0
MutexBased,1500,125000,125000,21473,1
MutexBased,1500,125000,90107,17196,0
MutexBased,1600,125000,125000,21885,1
MutexBased,1600,125000,108387,17789,0
MutexBased,1700,125000,125000,17996,1
MutexBased,1700,125000,64123,11433,0
MutexBased,1800,125000,125000,20202,1
MutexBased,1800,125000,115092,19266,0
MutexBased,1900,125000,125000,20444,1
MutexBased,1900,125000,107526,18259,0
MutexBased,2000,125000,125000,21544,1
MutexBased,2000,125000,106294,18350,0
MutexBased,100,126000,126000,24985,1
MutexBased,100,126000,80945,15509,0
MutexBased,200,126000,126000,23068,1
MutexBased,200,126000,97384,18465,0
MutexBased,300,126000,126000,22852,1
MutexBased,300,126000,111180,21309,0
MutexBased,400,126000,126000,23386,1
MutexBased,400,126000,79520,17872,0
MutexBased,500,126000,126000,20625,1
MutexBased,500,126000,57341,9867,0
MutexBased,600,126000,126000,20181,1
MutexBased,600,126000,91116,15314,0
MutexBased,700,126000,126000,21351,1
MutexBased,700,126000,86250,16084,0
MutexBased,800,126000,126000,21735,1
MutexBased,800,126000,88097,15899,0
MutexBased,900,126000,126000,19798,1
MutexBased,900,126000,69629,11523,0
MutexBased,1000,126000,126000,21220,1
MutexBased,1000,126000,77387,15393,0
MutexBased,1100,126000,126000,21942,1
MutexBased,1100,126000,94989,16062,0
MutexBased,1200,126000,126000,21534,1
MutexBased,1200,126000,109745,18933,0
MutexBased,1300,126000,126000,21835,1
MutexBased,1300,126000,97950,14434,0
MutexBased,1400,126000,126000,21991,1
MutexBased,1400,126000,109563,19055,0
MutexBased,1500,126000,126000,22935,1
MutexBased,1500,126000,116073,19362,0
MutexBased,1600,126000,126000,21009,1
MutexBased,1600,126000,91497,15491,0
MutexBased,1700,126000,126000,17601,1
MutexBased,1700,126000,102041,13962,0
MutexBased,1800,126000,126000,21384,1
MutexBased,1800,126000,80393,13313,0
MutexBased,1900,126000,126000,21462,1
MutexBased,1900,126000,114335,17404,0
MutexBased,2000,126000,126000,20494,1
MutexBased,2000,126000,71720,12950,0
MutexBased,100,127000,127000,26186,1
MutexBased,100,127000,59984,15779,0
MutexBased,200,127000,127000,23652,1
MutexBased,200,127000,100072,20518,0
MutexBased,300,127000,127000,23750,1
MutexBased,300,127000,85421,16195,0
MutexBased,400,127000,127000,22906,1
MutexBased,400,127000,93741,18424,0
MutexBased,500,127000,127000,21228,1
MutexBased,500,127000,102242,16983,0
MutexBased,600,127000,127000,21886,1
MutexBased,600,127000,96896,17604,0
MutexBased,700,127000,127000,23154,1
MutexBased,700,127000,93486,16162,0
MutexBased,800,127000,127000,23359,1
MutexBased,800,127000,96001,16491,0
MutexBased,900,127000,127000,20546,1
MutexBased,900,127000,91721,13520,0
MutexBased,1000,127000,127000,21532,1
MutexBased,1000,127000,119955,19765,0
MutexBased,1100,127000,127000,20663,1
MutexBased,1100,127000,92225,15118,0
MutexBased,1200,127000,127000,22205,1
MutexBased,1200,127000,104434,17349,0
MutexBased,1300,127000,127000,20181,1
MutexBased,1300,127000,109127,17083,0
MutexBased,1400,127000,127000,21029,1
MutexBased,1400,127000,85049,16044,0
MutexBased,1500,127000,127000,21227,1
MutexBased,1500,127000,55247,9589,0
MutexBased,1600,127000,127000,21448,1
MutexBased,1600,127000,118266,20210,0
MutexBased,1700,127000,127000,16722,1
MutexBased,1700,127000,89071,11908,0
MutexBased,1800,127000,127000,21305,1
MutexBased,1800,127000,112484,19444,0
MutexBased,1900,127000,127000,20214,1
MutexBased,1900,127000,122427,20110,0
MutexBased,2000,127000,127000,21038,1
MutexBased,2000,127000,75465,13430,0
MutexBased,100,128000,128000,25360,1
MutexBased,100,128000,75200,14057,0
MutexBased,200,128000,128000,22275,1
MutexBased,200,128000,107910,19775,0
MutexBased,300,128000,128000,23043,1
MutexBased,300,128000,72534,13954,0
MutexBased,400,128000,128000,22178,1
MutexBased,400,128000,115798,20731,0
MutexBased,500,128000,128000,24670,1
MutexBased,500,128000,86811,14953,0
MutexBased,600,128000,128000,21141,1
MutexBased,600,128000,96859,16156,0
MutexBased,700,128000,128000,22720,1
MutexBased,700,128000,102427,17102,0
MutexBased,800,128000,128000,21352,1
MutexBased,800,128000,101980,17185,0
MutexBased,900,128000,128000,18506,1
MutexBased,900,128000,94884,15336,0
MutexBased,1000,128000,128000,21779,1
MutexBased,1000,128000,84684,14548,0
MutexBased,1100,128000,128000,21103,1
MutexBased,1100,128000,107296,17233,0
MutexBased,1200,128000,128000,21250,1
MutexBased,1200,128000,84072,15315,0
MutexBased,1300,128000,128000,20073,1
MutexBased,1300,128000,93744,16067,0
MutexBased,1400,128000,128000,22013,1
MutexBased,1400,128000,79783,14914,0
MutexBased,1500,128000,128000,23036,1
MutexBased,1500,128000,94655,17546,0
MutexBased,1600,128000,128000,21888,1
MutexBased,1600,128000,115496,18527,0
MutexBased,1700,128000,128000,18565,1
MutexBased,1700,128000,66783,8068,0
MutexBased,1800,128000,128000,20119,1
MutexBased,1800,128000,121945,20479,0
MutexBased,1900,128000,128000,19191,1
MutexBased,1900,128000,97705,15559,0
MutexBased,2000,128000,128000,20223,1
MutexBased,2000,128000,127597,21311,0
MutexBased,100,129000,129000,27163,1
MutexBased,100,129000,63471,12896,0
MutexBased,200,129000,129000,22540,1
MutexBased,200,129000,67051,13176,0
MutexBased,300,129000,129000,23887,1
MutexBased,300,129000,78746,14353,0
MutexBased,400,129000,129000,23130,1
MutexBased,400,129000,97084,16984,0
MutexBased,500,129000,129000,22129,1
MutexBased,500,129000,77161,12761,0
MutexBased,600,129000,129000,21821,1
MutexBased,600,129000,101807,17259,0
MutexBased,700,129000,129000,22914,1
MutexBased,700,129000,115924,21003,0
MutexBased,800,129000,129000,23007,1
MutexBased,800,129000,102080,17713,0
MutexBased,900,129000,129000,19041,1
MutexBased,900,129000,120647,17448,0
MutexBased,1000,129000,129000,23100,1
MutexBased,1000,129000,99180,16668,0
MutexBased,1100,129000,129000,22411,1
MutexBased,1100,129000,117841,19476,0
MutexBased,1200,129000,129000,21966,1
MutexBased,1200,129000,103341,17543,0
MutexBased,1300,129000,129000,20365,1
MutexBased,1300,129000,93011,14334,0
MutexBased,1400,129000,129000,21504,1
MutexBased,1400,129000,81253,14729,0
MutexBased,1500,129000,129000,23236,1
MutexBased,1500,129000,95193,18128,0
MutexBased,1600,129000,129000,22046,1
MutexBased,1600,129000,100249,16779,0
MutexBased,1700,129000,129000,21246,1
MutexBased,1700,129000,74114,15039,0
MutexBased,1800,129000,129000,22031,1
MutexBased,1800,129000,95372,17093,0
MutexBased,1900,129000,129000,21058,1
MutexBased,1900,129000,99192,14520,0
MutexBased,2000,129000,129000,21193,1
MutexBased,2000,129000,107147,17330,0
MutexBased,100,130000,130000,25410,1
MutexBased,100,130000,74047,14073,0
MutexBased,200,130000,130000,24081,1
MutexBased,200,130000,117662,21218,0
MutexBased,300,130000,130000,24784,1
MutexBased,300,130000,101559,19336,0
MutexBased,400,130000,130000,22525,1
MutexBased,400,130000,111138,19511,0
MutexBased,500,130000,130000,26864,1
MutexBased,500,130000,79487,14571,0
MutexBased,600,130000,130000,24448,1
MutexBased,600,130000,127674,21643,0
MutexBased,700,130000,130000,23322,1
MutexBased,700,130000,94427,16721,0
MutexBased,800,130000,130000,23259,1
MutexBased,800,130000,122388,22133,0
MutexBased,900,130000,130000,18753,1
MutexBased,900,130000,116055,16928,0
MutexBased,1000,130000,130000,21515,1
MutexBased,1000,130000,105479,18072,0
MutexBased,1100,130000,130000,21719,1
MutexBased,1100,130000,100970,17152,0
MutexBased,1200,130000,130000,22099,1
MutexBased,1200,130000,102874,17912,0
MutexBased,1300,130000,130000,20144,1
MutexBased,1300,130000,121408,17608,0
MutexBased,1400,130000,130000,25827,1
MutexBased,1400,130000,96635,18356,0
MutexBased,1500,130000,130000,22773,1
MutexBased,1500,130000,122681,21272,0
MutexBased,1600,130000,130000,24470,1
MutexBased,1600,130000,75028,12717,0
MutexBased,1700,130000,130000,18474,1
MutexBased,1700,130000,91543,13335,0
MutexBased,1800,130000,130000,21137,1
MutexBased,1800,130000,103978,18494,0
MutexBased,1900,130000,130000,21073,1
MutexBased,1900,130000,122546,19247,0
MutexBased,2000,130000,130000,22781,1
MutexBased,2000,130000,118410,19316,0
MutexBased,100,131000,131000,24621,1
MutexBased,100,131000,63638,12505,0
MutexBased,200,131000,131000,23750,1
MutexBased,200,131000,90442,17489,0
MutexBased,300,131000,131000,24374,1
MutexBased,300,131000,97584,18137,0
MutexBased,400,131000,131000,22779,1
MutexBased,400,131000,79243,14019,0
MutexBased,500,131000,131000,22539,1
MutexBased,500,131000,101258,15490,0
MutexBased,600,131000,131000,21522,1
MutexBased,600,131000,95208,16008,0
MutexBased,700,131000,131000,22243,1
MutexBased,700,131000,95613,15740,0
MutexBased,800,131000,131000,21769,1
MutexBased,800,131000,91307,16257,0
MutexBased,900,131000,131000,19338,1
MutexBased,900,131000,123879,17109,0
MutexBased,1000,131000,131000,24030,1
MutexBased,1000,131000,102994,17632,0
MutexBased,1100,131000,131000,21395,1
MutexBased,1100,131000,75462,13246,0
MutexBased,1200,131000,131000,22329,1
MutexBased,1200,131000,114536,18863,0
MutexBased,1300,131000,131000,19902,1
MutexBased,1300,131000,104530,14936,0
MutexBased,1400,131000,131000,23164,1
MutexBased,1400,131000,114228,18944,0
MutexBased,1500,131000,131000,23400,1
MutexBased,1500,131000,103135,18117,0
MutexBased,1600,131000,131000,21578,1
MutexBased,1600,131000,70755,12758,0
MutexBased,1700,131000,131000,17748,1
MutexBased,1700,131000,127338,16588,0
MutexBased,1800,131000,131000,23007,1
MutexBased,1800,131000,95741,17919,0
MutexBased,1900,131000,131000,19651,1
MutexBased,1900,131000,125177,21152,0
MutexBased,2000,131000,131000,20593,1
MutexBased,2000,131000,65250,11543,0
MutexBased,100,132000,132000,25336,1
MutexBased,100,132000,49847,10707,0
MutexBased,200,132000,132000,24824,1
MutexBased,200,132000,81827,16021,0
MutexBased,300,132000,132000,25014,1
MutexBased,300,132000,92822,17778,0
MutexBased,400,132000,132000,25214,1
MutexBased,400,132000,88602,16266,0
MutexBased,500,132000,132000,20749,1
MutexBased,500,132000,92041,16349,0
MutexBased,600,132000,132000,22666,1
MutexBased,600,132000,104202,18751,0
MutexBased,700,132000,132000,24829,1
MutexBased,700,132000,102470,18487,0
MutexBased,800,132000,132000,22282,1
MutexBased,800,132000,79854,16692,0
MutexBased,900,132000,132000,20633,1
MutexBased,900,132000,90753,15922,0
MutexBased,1000,132000,132000,25767,1
MutexBased,1000,132000,77089,13360,0
MutexBased,1100,132000,132000,22352,1
MutexBased,1100,132000,128869,22041,0
MutexBased,1200,132000,132000,23784,1
MutexBased,1200,132000,90933,15172,0
MutexBased,1300,132000,132000,20573,1
MutexBased,1300,132000,82460,14598,0
MutexBased,1400,132000,132000,22483,1
MutexBased,1400,132000,89864,15047,0
MutexBased,1500,132000,132000,21541,1
MutexBased,1500,132000,103982,18352,0
MutexBased,1600,132000,132000,22047,1
MutexBased,1600,132000,105773,18378,0
MutexBased,1700,132000,132000,19413,1
MutexBased,1700,132000,99171,13014,0
MutexBased,1800,132000,132000,22038,1
MutexBased,1800,132000,98525,17061,0
MutexBased,1900,132000,132000,20776,1
MutexBased,1900,132000,105009,16693,0
MutexBased,2000,132000,132000,22772,1
MutexBased,2000,132000,98904,15938,0
MutexBased,100,133000,133000,25429,1
MutexBased,100,133000,67318,15403,0
MutexBased,200,133000,133000,25014,1
MutexBased,200,133000,97394,18909,0
MutexBased,300,133000,133000,24613,1
MutexBased,300,133000,110176,19695,0
MutexBased,400,133000,133000,25311,1
MutexBased,400,133000,69741,13562,0
MutexBased,500,133000,133000,20917,1
MutexBased,500,133000,83065,14319,0
MutexBased,600,133000,133000,23554,1
MutexBased,600,133000,122679,20265,0
MutexBased,700,133000,133000,23183,1
MutexBased,700,133000,116765,20636,0
MutexBased,800,133000,133000,23358,1
MutexBased,800,133000,95292,16639,0
MutexBased,900,133000,133000,19022,1
MutexBased,900,133000,100112,14598,0
MutexBased,1000,133000,133000,22805,1
MutexBased,1000,133000,119656,19171,0
MutexBased,1100,133000,133000,21697,1
MutexBased,1100,133000,93495,16014,0
MutexBased,1200,133000,133000,22984,1
MutexBased,1200,133000,88896,17153,0
MutexBased,1300,133000,133000,21101,1
MutexBased,1300,133000,107743,15409,0
MutexBased,1400,133000,133000,22423,1
MutexBased,1400,133000,100798,18297,0
MutexBased,1500,133000,133000,22248,1
MutexBased,1500,133000,95274,16270,0
MutexBased,1600,133000,133000,22614,1
MutexBased,1600,133000,107039,17472,0
MutexBased,1700,133000,133000,18137,1
MutexBased,1700,133000,98959,14074,0
MutexBased,1800,133000,133000,21563,1
MutexBased,1800,133000,123980,20177,0
MutexBased,1900,133000,133000,19647,1
MutexBased,1900,133000,112662,17631,0
MutexBased,2000,133000,133000,21346,1
MutexBased,2000,133000,131207,21575,0
MutexBased,100,134000,134000,25634,1
MutexBased,100,134000,83093,15625,0
MutexBased,200,134000,134000,25414,1
MutexBased,200,134000,103972,19126,0
MutexBased,300,134000,134000,26314,1
MutexBased,300,134000,97647,18626,0
MutexBased,400,134000,134000,24145,1
MutexBased,400,134000,108502,19247,0
MutexBased,500,134000,134000,22124,1
MutexBased,500,134000,71281,13228,0
MutexBased,600,134000,134000,23244,1
MutexBased,600,134000,112447,19315,0
MutexBased,700,134000,134000,22354,1
MutexBased,700,134000,107335,19083,0
MutexBased,800,134000,134000,24467,1
MutexBased,800,134000,110825,18786,0
MutexBased,900,134000,134000,21392,1
MutexBased,900,134000,71676,12088,0
MutexBased,1000,134000,134000,22484,1
MutexBased,1000,134000,104801,17253,0
MutexBased,1100,134000,134000,23270,1
MutexBased,1100,134000,77728,13333,0
MutexBased,1200,134000,134000,22471,1
MutexBased,1200,134000,101231,17128,0
MutexBased,1300,134000,134000,22839,1
MutexBased,1300,134000,82080,12572,0
MutexBased,1400,134000,134000,23382,1
MutexBased,1400,134000,105826,18074,0
MutexBased,1500,134000,134000,22059,1
MutexBased,1500,134000,106092,17319,0
MutexBased,1600,134000,134000,22304,1
MutexBased,1600,134000,114509,18301,0
MutexBased,1700,134000,134000,20885,1
MutexBased,1700,134000,65724,9637,0
MutexBased,1800,134000,134000,22224,1
MutexBased,1800,134000,76040,14377,0
MutexBased,1900,134000,134000,21982,1
MutexBased,1900,134000,105694,17493,0
MutexBased,2000,134000,134000,21718,1
MutexBased,2000,134000,111784,18532,0
MutexBased,100,135000,135000,26173,1
MutexBased,100,135000,76049,15196,0
MutexBased,200,135000,135000,24804,1
MutexBased,200,135000,101517,19174,0
MutexBased,300,135000,135000,26310,1
MutexBased,300,135000,110506,19153,0
MutexBased,400,135000,135000,24067,1
MutexBased,400,135000,107698,19307,0
MutexBased,500,135000,135000,21492,1
MutexBased,500,135000,90081,15366,0
MutexBased,600,135000,135000,23876,1
MutexBased,600,135000,110172,18862,0
MutexBased,700,135000,135000,24003,1
MutexBased,700,135000,128638,21609,0
MutexBased,800,135000,135000,23339,1
MutexBased,800,135000,112920,19055,0
MutexBased,900,135000,135000,20491,1
MutexBased,900,135000,122951,17493,0
MutexBased,1000,135000,135000,24457,1
MutexBased,1000,135000,95522,16998,0
MutexBased,1100,135000,135000,23099,1
MutexBased,1100,135000,119586,19640,0
MutexBased,1200,135000,135000,22688,1
MutexBased,1200,135000,92039,17323,0
MutexBased,1300,135000,135000,20083,1
MutexBased,1300,135000,91022,13571,0
MutexBased,1400,135000,135000,22864,1
MutexBased,1400,135000,113440,18717,0
MutexBased,1500,135000,135000,26478,1
MutexBased,1500,135000,112898,18885,0
MutexBased,1600,135000,135000,24187,1
MutexBased,1600,135000,133560,22449,0
MutexBased,1700,135000,135000,18444,1
MutexBased,1700,135000,76604,11906,0
MutexBased,1800,135000,135000,23811,1
MutexBased,1800,135000,122618,22659,0
MutexBased,1900,135000,135000,20642,1
MutexBased,1900,135000,111496,18594,0
MutexBased,2000,135000,135000,28961,1
MutexBased,2000,135000,109498,17953,0
MutexBased,100,136000,136000,28056,1
MutexBased,100,136000,71346,14370,0
MutexBased,200,136000,136000,26359,1
MutexBased,200,136000,86508,17301,0
MutexBased,300,136000,136000,25379,1
MutexBased,300,136000,113285,20305,0
MutexBased,400,136000,136000,24803,1
MutexBased,400,136000,101758,18014,0
MutexBased,500,136000,136000,21174,1
MutexBased,500,136000,105828,17169,0
MutexBased,600,136000,136000,22296,1
MutexBased,600,136000,70340,12942,0
MutexBased,700,136000,136000,23524,1
MutexBased,700,136000,127909,21705,0
MutexBased,800,136000,136000,22597,1
MutexBased,800,136000,100270,16928,0
MutexBased,900,136000,136000,19410,1
MutexBased,900,136000,115007,16036,0
MutexBased,1000,136000,136000,21996,1
MutexBased,1000,136000,106670,17893,0
MutexBased,1100,136000,136000,23707,1
MutexBased,1100,136000,123344,20278,0
MutexBased,1200,136000,136000,23052,1
MutexBased,1200,136000,125720,21191,0
MutexBased,1300,136000,136000,21207,1
MutexBased,1300,136000,130521,22292,0
MutexBased,1400,136000,136000,22836,1
MutexBased,1400,136000,129543,22138,0
MutexBased,1500,136000,136000,25304,1
MutexBased,1500,136000,99550,18685,0
MutexBased,1600,136000,136000,22957,1
MutexBased,1600,136000,124115,20911,0
MutexBased,1700,136000,136000,17520,1
MutexBased,1700,136000,97138,14498,0
MutexBased,1800,136000,136000,22587,1
MutexBased,1800,136000,112911,20642,0
MutexBased,1900,136000,136000,20161,1
MutexBased,1900,136000,119333,18227,0
MutexBased,2000,136000,136000,23800,1
MutexBased,2000,136000,91509,15465,0
MutexBased,100,137000,137000,27433,1
MutexBased,100,137000,73862,14487,0
MutexBased,200,137000,137000,24542,1
MutexBased,200,137000,106914,19814,0
MutexBased,300,137000,137000,27592,1
MutexBased,300,137000,115987,21468,0
MutexBased,400,137000,137000,25767,1
MutexBased,400,137000,118127,21573,0
MutexBased,500,137000,137000,22586,1
MutexBased,500,137000,104868,18377,0
MutexBased,600,137000,137000,22526,1
MutexBased,600,137000,87556,16128,0
MutexBased,700,137000,137000,24923,1
MutexBased,700,137000,125910,21885,0
MutexBased,800,137000,137000,30211,1
MutexBased,800,137000,106097,18010,0
MutexBased,900,137000,137000,21771,1
MutexBased,900,137000,103685,15915,0
MutexBased,1000,137000,137000,22665,1
MutexBased,1000,137000,86215,15206,0
MutexBased,1100,137000,137000,22540,1
MutexBased,1100,137000,123773,20915,0
MutexBased,1200,137000,137000,24394,1
MutexBased,1200,137000,86756,15029,0
MutexBased,1300,137000,137000,23210,1
MutexBased,1300,137000,80043,13452,0
MutexBased,1400,137000,137000,23528,1
MutexBased,1400,137000,136266,23429,0
MutexBased,1500,137000,137000,24431,1
MutexBased,1500,137000,103361,17702,0
MutexBased,1600,137000,137000,23609,1
MutexBased,1600,137000,111738,18826,0
MutexBased,1700,137000,137000,20613,1
MutexBased,1700,137000,118985,16100,0
MutexBased,1800,137000,137000,22886,1
MutexBased,1800,137000,100616,17555,0
MutexBased,1900,137000,137000,22309,1
MutexBased,1900,137000,118056,19569,0
MutexBased,2000,137000,137000,22045,1
MutexBased,2000,137000,119645,20171,0
MutexBased,100,138000,138000,25246,1
MutexBased,100,138000,87242,16614,0
MutexBased,200,138000,138000,25470,1
MutexBased,200,138000,97078,17241,0
MutexBased,300,138000,138000,25522,1
MutexBased,300,138000,111224,20380,0
MutexBased,400,138000,138000,25234,1
MutexBased,400,138000,98519,18389,0
MutexBased,500,138000,138000,22327,1
MutexBased,500,138000,110151,18322,0
MutexBased,600,138000,138000,23253,1
MutexBased,600,138000,95351,16442,0
MutexBased,700,138000,138000,26317,1
MutexBased,700,138000,91405,16051,0
MutexBased,800,138000,138000,23411,1
MutexBased,800,138000,111251,19568,0
MutexBased,900,138000,138000,20587,1
MutexBased,900,138000,108351,16691,0
MutexBased,1000,138000,138000,24078,1
MutexBased,1000,138000,126675,20147,0
MutexBased,1100,138000,138000,23548,1
MutexBased,1100,138000,131116,21979,0
MutexBased,1200,138000,138000,22913,1
MutexBased,1200,138000,132194,22748,0
MutexBased,1300,138000,138000,21247,1
MutexBased,1300,138000,94782,13635,0
MutexBased,1400,138000,138000,23918,1
MutexBased,1400,138000,131371,23402,0
MutexBased,1500,138000,138000,25184,1
MutexBased,1500,138000,117997,20218,0
MutexBased,1600,138000,138000,24130,1
MutexBased,1600,138000,138000,24194,0
MutexBased,1700,138000,138000,19254,1
MutexBased,1700,138000,126656,17040,0
MutexBased,1800,138000,138000,25406,1
MutexBased,1800,138000,113699,19131,0
MutexBased,1900,138000,138000,22665,1
MutexBased,1900,138000,134172,22062,0
MutexBased,2000,138000,138000,23245,1
MutexBased,2000,138000,134196,21778,0
MutexBased,100,139000,139000,26328,1
MutexBased,100,139000,89070,17163,0
MutexBased,200,139000,139000,27259,1
MutexBased,200,139000,87856,15951,0
MutexBased,300,139000,139000,26608,1
MutexBased,300,139000,108508,20512,0
MutexBased,400,139000,139000,26226,1
MutexBased,400,139000,114636,22197,0
MutexBased,500,139000,139000,22268,1
MutexBased,500,139000,113601,18502,0
MutexBased,600,139000,139000,24113,1
MutexBased,600,139000,118020,19613,0
MutexBased,700,139000,139000,23976,1
MutexBased,700,139000,113037,19832,0
MutexBased,800,139000,139000,24375,1
MutexBased,800,139000,108153,19337,0
MutexBased,900,139000,139000,20353,1
MutexBased,900,139000,107949,17925,0
MutexBased,1000,139000,139000,24018,1
MutexBased,1000,139000,114915,19374,0
MutexBased,1100,139000,139000,23678,1
MutexBased,1100,139000,96806,16350,0
MutexBased,1200,139000,139000,24824,1
MutexBased,1200,139000,136245,22678,0
MutexBased,1300,139000,139000,21322,1
MutexBased,1300,139000,96928,14420,0
MutexBased,1400,139000,139000,23889,1
MutexBased,1400,139000,100321,17835,0
MutexBased,1500,139000,139000,24329,1
MutexBased,1500,139000,105180,18893,0
MutexBased,1600,139000,139000,24204,1
MutexBased,1600,139000,96343,16931,0
MutexBased,1700,139000,139000,20318,1
MutexBased,1700,139000,99893,15716,0
MutexBased,1800,139000,139000,26283,1
MutexBased,1800,139000,103445,17745,0
MutexBased,1900,139000,139000,22638,1
MutexBased,1900,139000,100150,16649,0
MutexBased,2000,139000,139000,23409,1
MutexBased,2000,139000,126227,21213,0
MutexBased,100,140000,140000,28285,1
MutexBased,100,140000,56007,12471,0
MutexBased,200,140000,140000,25271,1
MutexBased,200,140000,86623,17463,0
MutexBased,300,140000,140000,27218,1
MutexBased,300,140000,111455,21213,0
MutexBased,400,140000,140000,26366,1
MutexBased,400,140000,120266,22085,0
MutexBased,500,140000,140000,21831,1
MutexBased,500,140000,76671,13537,0
MutexBased,600,140000,140000,26040,1
MutexBased,600,140000,117529,19815,0
MutexBased,700,140000,140000,23935,1
MutexBased,700,140000,129128,23939,0
MutexBased,800,140000,140000,25111,1
MutexBased,800,140000,125018,21635,0
MutexBased,900,140000,140000,19763,1
MutexBased,900,140000,112859,17091,0
MutexBased,1000,140000,140000,22974,1
MutexBased,1000,140000,133867,21464,0
MutexBased,1100,140000,140000,25783,1
MutexBased,1100,140000,95102,19627,0
MutexBased,1200,140000,140000,26819,1
MutexBased,1200,140000,118341,20480,0
MutexBased,1300,140000,140000,24208,1
MutexBased,1300,140000,133608,24543,0
MutexBased,1400,140000,140000,23737,1
MutexBased,1400,140000,122477,21294,0
MutexBased,1500,140000,140000,23938,1
MutexBased,1500,140000,116459,19882,0
MutexBased,1600,140000,140000,24324,1
MutexBased,1600,140000,126183,21621,0
MutexBased,1700,140000,140000,21088,1
MutexBased,1700,140000,133180,16852,0
MutexBased,1800,140000,140000,25131,1
MutexBased,1800,140000,115152,19936,0
MutexBased,1900,140000,140000,22319,1
MutexBased,1900,140000,122221,19443,0
MutexBased,2000,140000,140000,24836,1
MutexBased,2000,140000,137662,21673,0
MutexBased,100,141000,141000,25728,1
MutexBased,100,141000,91190,16425,0
MutexBased,200,141000,141000,26021,1
MutexBased,200,141000,114439,20906,0
MutexBased,300,141000,141000,26225,1
MutexBased,300,141000,93471,17466,0
MutexBased,400,141000,141000,23918,1
MutexBased,400,141000,114263,19302,0
MutexBased,500,141000,141000,22173,1
MutexBased,500,141000,121775,19133,0
MutexBased,600,141000,141000,23982,1
MutexBased,600,141000,125048,20534,0
MutexBased,700,141000,141000,25174,1
MutexBased,700,141000,120778,20262,0
MutexBased,800,141000,141000,23222,1
MutexBased,800,141000,77647,14932,0
MutexBased,900,141000,141000,21170,1
MutexBased,900,141000,124524,17990,0
MutexBased,1000,141000,141000,25318,1
MutexBased,1000,141000,109239,17507,0
MutexBased,1100,141000,141000,24022,1
MutexBased,1100,141000,95737,15965,0
MutexBased,1200,141000,141000,24148,1
MutexBased,1200,141000,91582,16380,0
MutexBased,1300,141000,141000,21930,1
MutexBased,1300,141000,101097,14459,0
MutexBased,1400,141000,141000,26574,1
MutexBased,1400,141000,120031,20458,0
MutexBased,1500,141000,141000,24104,1
MutexBased,1500,141000,127966,21453,0
MutexBased,1600,141000,141000,29273,1
MutexBased,1600,141000,109195,20051,0
MutexBased,1700,141000,141000,19168,1
MutexBased,1700,141000,83743,12583,0
MutexBased,1800,141000,141000,25093,1
MutexBased,1800,141000,112677,20308,0
MutexBased,1900,141000,141000,21843,1
MutexBased,1900,141000,133824,21206,0
MutexBased,2000,141000,141000,24218,1
MutexBased,2000,141000,110785,18498,0
MutexBased,100,142000,142000,27461,1
MutexBased,100,142000,91935,18281,0
MutexBased,200,142000,142000,25930,1
MutexBased,200,142000,124774,22498,0
MutexBased,300,142000,142000,25833,1
MutexBased,300,142000,84859,16092,0
MutexBased,400,142000,142000,26052,1
MutexBased,400,142000,126923,21965,0
MutexBased,500,142000,142000,25042,1
MutexBased,500,142000,115694,18785,0
MutexBased,600,142000,142000,23965,1
MutexBased,600,142000,93488,17331,0
MutexBased,700,142000,142000,25004,1
MutexBased,700,142000,115620,20510,0
MutexBased,800,142000,142000,24665,1
MutexBased,800,142000,81122,14715,0
MutexBased,900,142000,142000,19795,1
MutexBased,900,142000,119266,17306,0
MutexBased,1000,142000,142000,23386,1
MutexBased,1000,142000,105522,18534,0
MutexBased,1100,142000,142000,23555,1
MutexBased,1100,142000,115430,19253,0
MutexBased,1200,142000,142000,24696,1
MutexBased,1200,142000,118507,21064,0
MutexBased,1300,142000,142000,21027,1
MutexBased,1300,142000,117469,17509,0
MutexBased,1400,142000,142000,25827,1
MutexBased,1400,142000,126364,23000,0
MutexBased,1500,142000,142000,25028,1
MutexBased,1500,142000,127496,21541,0
MutexBased,1600,142000,142000,24344,1
MutexBased,1600,142000,134437,22355,0
MutexBased,1700,142000,142000,19954,1
MutexBased,1700,142000,115584,15451,0
MutexBased,1800,142000,142000,24915,1
MutexBased,1800,142000,137568,23305,0
MutexBased,1900,142000,142000,24464,1
MutexBased,1900,142000,108248,17215,0
MutexBased,2000,142000,142000,23937,1
MutexBased,2000,142000,119736,19826,0
MutexBased,100,143000,143000,26648,1
MutexBased,100,143000,107796,20703,0
MutexBased,200,143000,143000,26807,1
MutexBased,200,143000,96211,18901,0
MutexBased,300,143000,143000,25380,1
MutexBased,300,143000,72196,15648,0
MutexBased,400,143000,143000,27708,1
MutexBased,400,143000,79798,15913,0
MutexBased,500,143000,143000,22789,1
MutexBased,500,143000,72825,13613,0
MutexBased,600,143000,143000,24084,1
MutexBased,600,143000,129271,22160,0
MutexBased,700,143000,143000,24424,1
MutexBased,700,143000,122599,20580,0
MutexBased,800,143000,143000,24330,1
MutexBased,800,143000,101875,17761,0
MutexBased,900,143000,143000,20917,1
MutexBased,900,143000,109611,15840,0
MutexBased,1000,143000,143000,23753,1
MutexBased,1000,143000,125478,20494,0
MutexBased,1100,143000,143000,22629,1
MutexBased,1100,143000,102770,17359,0
MutexBased,1200,143000,143000,23421,1
MutexBased,1200,143000,109932,19019,0
MutexBased,1300,143000,143000,23031,1
MutexBased,1300,143000,117838,17394,0
MutexBased,1400,143000,143000,26368,1
MutexBased,1400,143000,108012,19385,0
MutexBased,1500,143000,143000,24752,1
MutexBased,1500,143000,113842,20786,0
MutexBased,1600,143000,143000,24732,1
MutexBased,1600,143000,133161,22123,0
MutexBased,1700,143000,143000,18927,1
MutexBased,1700,143000,113998,16476,0
MutexBased,1800,143000,143000,24492,1
MutexBased,1800,143000,133386,22333,0
MutexBased,1900,143000,143000,22746,1
MutexBased,1900,143000,108478,17471,0
MutexBased,2000,143000,143000,24733,1
MutexBased,2000,143000,110890,17885,0
MutexBased,100,144000,144000,27150,1
MutexBased,100,144000,82715,16164,0
MutexBased,200,144000,144000,26006,1
MutexBased,200,144000,91129,17717,0
MutexBased,300,144000,144000,27897,1
MutexBased,300,144000,95651,18761,0
MutexBased,400,144000,144000,25332,1
MutexBased,400,144000,124367,22131,0
MutexBased,500,144000,144000,22942,1
MutexBased,500,144000,101224,16540,0
MutexBased,600,144000,144000,24694,1
MutexBased,600,144000,113073,19950,0
MutexBased,700,144000,144000,25708,1
MutexBased,700,144000,70360,13537,0
MutexBased,800,144000,144000,23221,1
MutexBased,800,144000,115702,20540,0
MutexBased,900,144000,144000,22844,1
MutexBased,900,144000,97303,14790,0
MutexBased,1000,144000,144000,24393,1
MutexBased,1000,144000,103092,19218,0
MutexBased,1100,144000,144000,22675,1
MutexBased,1100,144000,102032,18117,0
MutexBased,1200,144000,144000,25204,1
MutexBased,1200,144000,108897,18410,0
MutexBased,1300,144000,144000,21724,1
MutexBased,1300,144000,98052,13992,0
MutexBased,1400,144000,144000,24844,1
MutexBased,1400,144000,133736,22904,0
MutexBased,1500,144000,144000,25054,1
MutexBased,1500,144000,117269,20921,0
MutexBased,1600,144000,144000,25040,1
MutexBased,1600,144000,116064,19877,0
MutexBased,1700,144000,144000,21309,1
MutexBased,1700,144000,128723,18867,0
MutexBased,1800,144000,144000,25187,1
MutexBased,1800,144000,87596,16242,0
MutexBased,1900,144000,144000,21781,1
MutexBased,1900,144000,104400,17506,0
MutexBased,2000,144000,144000,23801,1
MutexBased,2000,144000,115906,18329,0
MutexBased,100,145000,145000,28428,1
MutexBased,100,145000,89420,17761,0
MutexBased,200,145000,145000,29408,1
MutexBased,200,145000,97238,18337,0
MutexBased,300,145000,145000,25517,1
MutexBased,300,145000,85426,16234,0
MutexBased,400,145000,145000,25715,1
MutexBased,400,145000,109352,20300,0
MutexBased,500,145000,145000,24424,1
MutexBased,500,145000,95340,16040,0
MutexBased,600,145000,145000,25203,1
MutexBased,600,145000,110886,20070,0
MutexBased,700,145000,145000,26520,1
MutexBased,700,145000,122155,21605,0
MutexBased,800,145000,145000,24746,1
MutexBased,800,145000,130094,22993,0
MutexBased,900,145000,145000,22170,1
MutexBased,900,145000,105906,15348,0
MutexBased,1000,145000,145000,23163,1
MutexBased,1000,145000,126681,19959,0
MutexBased,1100,145000,145000,25080,1
MutexBased,1100,145000,137104,22918,0
MutexBased,1200,145000,145000,24743,1
MutexBased,1200,145000,89542,16352,0
MutexBased,1300,145000,145000,22276,1
MutexBased,1300,145000,106886,17033,0
MutexBased,1400,145000,145000,24366,1
MutexBased,1400,145000,117783,20485,0
MutexBased,1500,145000,145000,25365,1
MutexBased,1500,145000,129209,23371,0
MutexBased,1600,145000,145000,24407,1
MutexBased,1600,145000,100010,17300,0
MutexBased,1700,145000,145000,19895,1
MutexBased,1700,145000,123466,17338,0
MutexBased,1800,145000,145000,24792,1
MutexBased,1800,145000,107851,18788,0
MutexBased,1900,145000,145000,22389,1
MutexBased,1900,145000,115385,18570,0
MutexBased,2000,145000,145000,23896,1
MutexBased,2000,145000,112426,18157,0
MutexBased,100,146000,146000,28719,1
MutexBased,100,146000,67619,13631,0
MutexBased,200,146000,146000,27665,1
MutexBased,200,146000,94991,19735,0
MutexBased,300,146000,146000,27144,1
MutexBased,300,146000,105654,20125,0
MutexBased,400,146000,146000,28422,1
MutexBased,400,146000,86593,16892,0
MutexBased,500,146000,146000,23362,1
MutexBased,500,146000,116491,18881,0
MutexBased,600,146000,146000,23908,1
MutexBased,600,146000,115985,20024,0
MutexBased,700,146000,146000,27173,1
MutexBased,700,146000,116662,20658,0
MutexBased,800,146000,146000,25589,1
MutexBased,800,146000,75950,13802,0
MutexBased,900,146000,146000,22033,1
MutexBased,900,146000,73235,13534,0
MutexBased,1000,146000,146000,23490,1
MutexBased,1000,146000,91119,15647,0
MutexBased,1100,146000,146000,23535,1
MutexBased,1100,146000,107582,17792,0
MutexBased,1200,146000,146000,25668,1
MutexBased,1200,146000,115540,19309,0
MutexBased,1300,146000,146000,23590,1
MutexBased,1300,146000,129373,19763,0
MutexBased,1400,146000,146000,26233,1
MutexBased,1400,146000,131084,21690,0
MutexBased,1500,146000,146000,24647,1
MutexBased,1500,146000,108182,19601,0
MutexBased,1600,146000,146000,24325,1
MutexBased,1600,146000,110832,18417,0
MutexBased,1700,146000,146000,22030,1
MutexBased,1700,146000,125875,18551,0
MutexBased,1800,146000,146000,25499,1
MutexBased,1800,146000,98829,18481,0
MutexBased,1900,146000,146000,23310,1
MutexBased,1900,146000,123366,20441,0
MutexBased,2000,146000,146000,25031,1
MutexBased,2000,146000,96349,18175,0
MutexBased,100,147000,147000,28234,1
MutexBased,100,147000,92912,17257,0
MutexBased,200,147000,147000,29056,1
MutexBased,200,147000,107892,20519,0
MutexBased,300,147000,147000,29232,1
MutexBased,300,147000,126757,23868,0
MutexBased,400,147000,147000,24829,1
MutexBased,400,147000,139001,24219,0
MutexBased,500,147000,147000,27105,1
MutexBased,500,147000,90757,22384,0
MutexBased,600,147000,147000,24347,1
MutexBased,600,147000,108929,18304,0
MutexBased,700,147000,147000,27531,1
MutexBased,700,147000,123058,21704,0
MutexBased,800,147000,147000,24242,1
MutexBased,800,147000,106653,18526,0
MutexBased,900,147000,147000,20968,1
MutexBased,900,147000,103833,14940,0
MutexBased,1000,147000,147000,25478,1
MutexBased,1000,147000,119948,19518,0
MutexBased,1100,147000,147000,23510,1
MutexBased,1100,147000,108104,17562,0
MutexBased,1200,147000,147000,24353,1
MutexBased,1200,147000,134221,22603,0
MutexBased,1300,147000,147000,22623,1
MutexBased,1300,147000,98903,15727,0
MutexBased,1400,147000,147000,24790,1
MutexBased,1400,147000,124900,21723,0
MutexBased,1500,147000,147000,25180,1
MutexBased,1500,147000,117395,20402,0
MutexBased,1600,147000,147000,25650,1
MutexBased,1600,147000,86233,16022,0
MutexBased,1700,147000,147000,19092,1
MutexBased,1700,147000,112165,16832,0
MutexBased,1800,147000,147000,25957,1
MutexBased,1800,147000,116453,20421,0
MutexBased,1900,147000,147000,23573,1
MutexBased,1900,147000,132429,20978,0
MutexBased,2000,147000,147000,25625,1
MutexBased,2000,147000,77423,13493,0
MutexBased,100,148000,148000,27862,1
MutexBased,100,148000,80350,16617,0
MutexBased,200,148000,148000,29663,1
MutexBased,200,148000,104493,20814,0
MutexBased,300,148000,148000,27564,1
MutexBased,300,148000,106491,19733,0
MutexBased,400,148000,148000,27973,1
MutexBased,400,148000,104315,19659,0
MutexBased,500,148000,148000,24641,1
MutexBased,500,148000,82842,13371,0
MutexBased,600,148000,148000,24877,1
MutexBased,600,148000,122015,19842,0
MutexBased,700,148000,148000,25825,1
MutexBased,700,148000,140971,24542,0
MutexBased,800,148000,148000,27855,1
MutexBased,800,148000,117517,19086,0
MutexBased,900,148000,148000,23802,1
MutexBased,900,148000,123068,17965,0
MutexBased,1000,148000,148000,23950,1
MutexBased,1000,148000,120564,20528,0
MutexBased,1100,148000,148000,24376,1
MutexBased,1100,148000,125084,20361,0
MutexBased,1200,148000,148000,24908,1
MutexBased,1200,148000,138682,22617,0
MutexBased,1300,148000,148000,23169,1
MutexBased,1300,148000,94879,14994,0
MutexBased,1400,148000,148000,24881,1
MutexBased,1400,148000,114167,20313,0
MutexBased,1500,148000,148000,25158,1
MutexBased,1500,148000,112859,20244,0
MutexBased,1600,148000,148000,25021,1
MutexBased,1600,148000,119970,20444,0
MutexBased,1700,148000,148000,20981,1
MutexBased,1700,148000,109802,15629,0
MutexBased,1800,148000,148000,24223,1
MutexBased,1800,148000,119046,20081,0
MutexBased,1900,148000,148000,22896,1
MutexBased,1900,148000,108370,18094,0
MutexBased,2000,148000,148000,23822,1
MutexBased,2000,148000,102237,17496,0
MutexBased,100,149000,149000,29559,1
MutexBased,100,149000,84491,17190,0
MutexBased,200,149000,149000,28253,1
MutexBased,200,149000,111367,20816,0
MutexBased,300,149000,149000,28715,1
MutexBased,300,149000,105348,22260,0
MutexBased,400,149000,149000,27381,1
MutexBased,400,149000,88751,17476,0
MutexBased,500,149000,149000,22703,1
MutexBased,500,149000,126231,19740,0
MutexBased,600,149000,149000,27224,1
MutexBased,600,149000,90778,17075,0
MutexBased,700,149000,149000,29540,1
MutexBased,700,149000,116379,20902,0
MutexBased,800,149000,149000,26390,1
MutexBased,800,149000,101727,18409,0
MutexBased,900,149000,149000,24151,1
MutexBased,900,149000,98502,15432,0
MutexBased,1000,149000,149000,25464,1
MutexBased,1000,149000,88843,15555,0
MutexBased,1100,149000,149000,25514,1
MutexBased,1100,149000,115565,19088,0
MutexBased,1200,149000,149000,25499,1
MutexBased,1200,149000,121990,20750,0
MutexBased,1300,149000,149000,24150,1
MutexBased,1300,149000,142906,21562,0
MutexBased,1400,149000,149000,26042,1
MutexBased,1400,149000,109973,19518,0
MutexBased,1500,149000,149000,26751,1
MutexBased,1500,149000,128093,22222,0
MutexBased,1600,149000,149000,25718,1
MutexBased,1600,149000,139729,24468,0
MutexBased,1700,149000,149000,21464,1
MutexBased,1700,149000,104466,15529,0
MutexBased,1800,149000,149000,28019,1
MutexBased,1800,149000,114878,20563,0
MutexBased,1900,149000,149000,23260,1
MutexBased,1900,149000,79797,12850,0
MutexBased,2000,149000,149000,23161,1
MutexBased,2000,149000,123094,19965,0
MutexBased,100,150000,150000,30302,1
MutexBased,100,150000,71817,13556,0
MutexBased,200,150000,150000,29711,1
MutexBased,200,150000,106771,22020,0
MutexBased,300,150000,150000,27150,1
MutexBased,300,150000,99398,19468,0
MutexBased,400,150000,150000,26785,1
MutexBased,400,150000,106815,19367,0
MutexBased,500,150000,150000,24172,1
MutexBased,500,150000,74502,12732,0
MutexBased,600,150000,150000,25923,1
MutexBased,600,150000,111830,19128,0
MutexBased,700,150000,150000,27938,1
MutexBased,700,150000,145010,25245,0
MutexBased,800,150000,150000,25672,1
MutexBased,800,150000,75211,16587,0
MutexBased,900,150000,150000,25799,1
MutexBased,900,150000,122478,20759,0
MutexBased,1000,150000,150000,25582,1
MutexBased,1000,150000,139570,23526,0
MutexBased,1100,150000,150000,24947,1
MutexBased,1100,150000,100836,17690,0
MutexBased,1200,150000,150000,25673,1
MutexBased,1200,150000,116715,19899,0
MutexBased,1300,150000,150000,24152,1
MutexBased,1300,150000,97147,20396,0
MutexBased,1400,150000,150000,24448,1
MutexBased,1400,150000,118945,20710,0
MutexBased,1500,150000,150000,28222,1
MutexBased,1500,150000,127432,21133,0
MutexBased,1600,150000,150000,25282,1
MutexBased,1600,150000,75469,20815,0
MutexBased,1700,150000,150000,23999,1
MutexBased,1700,150000,127314,18030,0
MutexBased,1800,150000,150000,25689,1
MutexBased,1800,150000,118350,21309,0
MutexBased,1900,150000,150000,23708,1
MutexBased,1900,150000,127546,19049,0
MutexBased,2000,150000,150000,24197,1
MutexBased,2000,150000,119109,19434,0
MutexBased,100,151000,151000,30011,1
MutexBased,100,151000,87588,16770,0
MutexBased,200,151000,151000,29017,1
MutexBased,200,151000,80496,17806,0
MutexBased,300,151000,151000,29112,1
MutexBased,300,151000,109008,20682,0
MutexBased,400,151000,151000,26956,1
MutexBased,400,151000,123695,23158,0
MutexBased,500,151000,151000,26079,1
MutexBased,500,151000,104243,20703,0
MutexBased,600,151000,151000,25527,1
MutexBased,600,151000,115336,21451,0
MutexBased,700,151000,151000,26253,1
MutexBased,700,151000,119022,20807,0
MutexBased,800,151000,151000,27252,1
MutexBased,800,151000,136301,24207,0
MutexBased,900,151000,151000,22083,1
MutexBased,900,151000,114374,16615,0
MutexBased,1000,151000,151000,25656,1
MutexBased,1000,151000,110413,18425,0
MutexBased,1100,151000,151000,26208,1
MutexBased,1100,151000,146606,25351,0
MutexBased,1200,151000,151000,33307,1
MutexBased,1200,151000,115403,18698,0
MutexBased,1300,151000,151000,24050,1
MutexBased,1300,151000,98875,16005,0
MutexBased,1400,151000,151000,26221,1
MutexBased,1400,151000,108120,18834,0
MutexBased,1500,151000,151000,28194,1
MutexBased,1500,151000,79988,17967,0
MutexBased,1600,151000,151000,24815,1
MutexBased,1600,151000,128467,22029,0
MutexBased,1700,151000,151000,20987,1
MutexBased,1700,151000,104330,14787,0
MutexBased,1800,151000,151000,25192,1
MutexBased,1800,151000,106474,19342,0
MutexBased,1900,151000,151000,23297,1
MutexBased,1900,151000,112740,18650,0
MutexBased,2000,151000,151000,25028,1
MutexBased,2000,151000,111454,17975,0
MutexBased,100,152000,152000,30877,1
MutexBased,100,152000,83583,16995,0
MutexBased,200,152000,152000,29282,1
MutexBased,200,152000,134443,25210,0
MutexBased,300,152000,152000,28472,1
MutexBased,300,152000,85246,16660,0
MutexBased,400,152000,152000,29059,1
MutexBased,400,152000,112048,20538,0
MutexBased,500,152000,152000,23623,1
MutexBased,500,152000,116441,20292,0
MutexBased,600,152000,152000,28856,1
MutexBased,600,152000,122674,20940,0
MutexBased,700,152000,152000,32633,1
MutexBased,700,152000,96126,19108,0
MutexBased,800,152000,152000,25374,1
MutexBased,800,152000,131106,23224,0
MutexBased,900,152000,152000,25985,1
MutexBased,900,152000,102056,15904,0
MutexBased,1000,152000,152000,25902,1
MutexBased,1000,152000,106584,20526,0
MutexBased,1100,152000,152000,26310,1
MutexBased,1100,152000,112871,19637,0
MutexBased,1200,152000,152000,26000,1
MutexBased,1200,152000,111162,19606,0
MutexBased,1300,152000,152000,25712,1
MutexBased,1300,152000,80671,13948,0
MutexBased,1400,152000,152000,26744,1
MutexBased,1400,152000,117265,20889,0
MutexBased,1500,152000,152000,26538,1
MutexBased,1500,152000,131373,21622,0
MutexBased,1600,152000,152000,26237,1
MutexBased,1600,152000,132195,22397,0
MutexBased,1700,152000,152000,23230,1
MutexBased,1700,152000,128875,17187,0
MutexBased,1800,152000,152000,27819,1
MutexBased,1800,152000,122011,20152,0
MutexBased,1900,152000,152000,23334,1
MutexBased,1900,152000,111536,18008,0
MutexBased,2000,152000,152000,23456,1
MutexBased,2000,152000,135310,21711,0
MutexBased,100,153000,153000,31854,1
MutexBased,100,153000,82397,16803,0
MutexBased,200,153000,153000,31167,1
MutexBased,200,153000,116589,22739,0
MutexBased,300,153000,153000,30128,1
MutexBased,300,153000,93228,18299,0
MutexBased,400,153000,153000,28395,1
MutexBased,400,153000,122036,23193,0
MutexBased,500,153000,153000,26128,1
MutexBased,500,153000,86361,14864,0
MutexBased,600,153000,153000,27656,1
MutexBased,600,153000,110256,19576,0
MutexBased,700,153000,153000,27397,1
MutexBased,700,153000,110304,18995,0
MutexBased,800,153000,153000,26830,1
MutexBased,800,153000,118418,20842,0
MutexBased,900,153000,153000,21777,1
MutexBased,900,153000,128632,18520,0
MutexBased,1000,153000,153000,24385,1
MutexBased,1000,153000,120474,21497,0
MutexBased,1100,153000,153000,26074,1
MutexBased,1100,153000,110253,18263,0
MutexBased,1200,153000,153000,27704,1
MutexBased,1200,153000,116550,20069,0
MutexBased,1300,153000,153000,27936,1
MutexBased,1300,153000,123009,16991,0
MutexBased,1400,153000,153000,26802,1
MutexBased,1400,153000,126301,22414,0
MutexBased,1500,153000,153000,26449,1
MutexBased,1500,153000,130135,23430,0
MutexBased,1600,153000,153000,28292,1
MutexBased,1600,153000,115926,20662,0
MutexBased,1700,153000,153000,20853,1
MutexBased,1700,153000,128384,20912,0
MutexBased,1800,153000,153000,27372,1
MutexBased,1800,153000,114061,20275,0
MutexBased,1900,153000,153000,23986,1
MutexBased,1900,153000,124192,21402,0
MutexBased,2000,153000,153000,25424,1
MutexBased,2000,153000,122882,20871,0
MutexBased,100,154000,154000,32826,1
MutexBased,100,154000,90349,16644,0
MutexBased,200,154000,154000,29937,1
MutexBased,200,154000,106764,20523,0
MutexBased,300,154000,154000,28442,1
MutexBased,300,154000,108655,21041,0
MutexBased,400,154000,154000,27743,1
MutexBased,400,154000,76043,17903,0
MutexBased,500,154000,154000,29067,1
MutexBased,500,154000,79720,13656,0
MutexBased,600,154000,154000,25825,1
MutexBased,600,154000,106055,19005,0
MutexBased,700,154000,154000,26396,1
MutexBased,700,154000,130684,23821,0
MutexBased,800,154000,154000,25183,1
MutexBased,800,154000,102118,17553,0
MutexBased,900,154000,154000,25804,1
MutexBased,900,154000,130594,20942,0
MutexBased,1000,154000,154000,26208,1
MutexBased,1000,154000,102859,17739,0
MutexBased,1100,154000,154000,28450,1
MutexBased,1100,154000,125943,19718,0
MutexBased,1200,154000,154000,27015,1
MutexBased,1200,154000,139424,23097,0
MutexBased,1300,154000,154000,26013,1
MutexBased,1300,154000,111877,17813,0
MutexBased,1400,154000,154000,27899,1
MutexBased,1400,154000,121577,21817,0
MutexBased,1500,154000,154000,32101,1
MutexBased,1500,154000,117070,21461,0
MutexBased,1600,154000,154000,28852,1
MutexBased,1600,154000,116954,19121,0
MutexBased,1700,154000,154000,21656,1
MutexBased,1700,154000,130971,17982,0
MutexBased,1800,154000,154000,28662,1
MutexBased,1800,154000,125160,21209,0
MutexBased,1900,154000,154000,24836,1
MutexBased,1900,154000,111870,18109,0
MutexBased,2000,154000,154000,25545,1
MutexBased,2000,154000,137393,21629,0
MutexBased,100,155000,155000,29822,1
MutexBased,100,155000,63496,12813,0
MutexBased,200,155000,155000,29090,1
MutexBased,200,155000,118708,22105,0
MutexBased,300,155000,155000,29899,1
MutexBased,300,155000,125806,22577,0
MutexBased,400,155000,155000,31492,1
MutexBased,400,155000,96076,17971,0
MutexBased,500,155000,155000,25318,1
MutexBased,500,155000,101543,18773,0
MutexBased,600,155000,155000,26588,1
MutexBased,600,155000,128933,21080,0
MutexBased,700,155000,155000,27590,1
MutexBased,700,155000,122856,21952,0
MutexBased,800,155000,155000,25180,1
MutexBased,800,155000,105873,18628,0
MutexBased,900,155000,155000,24617,1
MutexBased,900,155000,105443,17889,0
MutexBased,1000,155000,155000,24754,1
MutexBased,1000,155000,116183,18973,0
MutexBased,1100,155000,155000,26578,1
MutexBased,1100,155000,142579,23255,0
MutexBased,1200,155000,155000,27355,1
MutexBased,1200,155000,91336,16641,0
MutexBased,1300,155000,155000,25088,1
MutexBased,1300,155000,107760,19061,0
MutexBased,1400,155000,155000,26864,1
MutexBased,1400,155000,106781,19062,0
MutexBased,1500,155000,155000,27059,1
MutexBased,1500,155000,114572,20724,0
MutexBased,1600,155000,155000,28080,1
MutexBased,1600,155000,87986,14988,0
MutexBased,1700,155000,155000,23051,1
MutexBased,1700,155000,128725,18140,0
MutexBased,1800,155000,155000,27804,1
MutexBased,1800,155000,120998,20759,0
MutexBased,1900,155000,155000,24568,1
MutexBased,1900,155000,130980,20698,0
MutexBased,2000,155000,155000,24963,1
MutexBased,2000,155000,104454,15730,0
MutexBased,100,156000,156000,30170,1
MutexBased,100,156000,87890,16810,0
MutexBased,200,156000,156000,30959,1
MutexBased,200,156000,131049,24894,0
MutexBased,300,156000,156000,31713,1
MutexBased,300,156000,133632,25140,0
MutexBased,400,156000,156000,28523,1
MutexBased,400,156000,115934,20259,0
MutexBased,500,156000,156000,27287,1
MutexBased,500,156000,89119,16133,0
MutexBased,600,156000,156000,27138,1
MutexBased,600,156000,143936,24778,0
MutexBased,700,156000,156000,27776,1
MutexBased,700,156000,128275,22439,0
MutexBased,800,156000,156000,28094,1
MutexBased,800,156000,130553,22956,0
MutexBased,900,156000,156000,26887,1
MutexBased,900,156000,111838,17456,0
MutexBased,1000,156000,156000,28307,1
MutexBased,1000,156000,103821,17676,0
MutexBased,1100,156000,156000,25415,1
MutexBased,1100,156000,115758,19092,0
MutexBased,1200,156000,156000,25294,1
MutexBased,1200,156000,136677,23977,0
MutexBased,1300,156000,156000,25431,1
MutexBased,1300,156000,115638,17218,0
MutexBased,1400,156000,156000,26707,1
MutexBased,1400,156000,113570,21496,0
MutexBased,1500,156000,156000,26785,1
MutexBased,1500,156000,115600,20603,0
MutexBased,1600,156000,156000,25973,1
MutexBased,1600,156000,131816,22574,0
MutexBased,1700,156000,156000,22640,1
MutexBased,1700,156000,150997,20150,0
MutexBased,1800,156000,156000,28015,1
MutexBased,1800,156000,114064,19688,0
MutexBased,1900,156000,156000,24293,1
MutexBased,1900,156000,130501,20005,0
MutexBased,2000,156000,156000,26365,1
MutexBased,2000,156000,103834,18210,0
MutexBased,100,157000,157000,29994,1
MutexBased,100,157000,81719,15557,0
MutexBased,200,157000,157000,31773,1
MutexBased,200,157000,107346,20494,0
MutexBased,300,157000,157000,32968,1
MutexBased,300,157000,127504,23704,0
MutexBased,400,157000,157000,28526,1
MutexBased,400,157000,125186,23414,0
MutexBased,500,157000,157000,26318,1
MutexBased,500,157000,124061,19404,0
MutexBased,600,157000,157000,28103,1
MutexBased,600,157000,114432,19499,0
MutexBased,700,157000,157000,26978,1
MutexBased,700,157000,90041,15875,0
MutexBased,800,157000,157000,26881,1
MutexBased,800,157000,123804,22407,0
MutexBased,900,157000,157000,24094,1
MutexBased,900,157000,153876,22987,0
MutexBased,1000,157000,157000,28081,1
MutexBased,1000,157000,145692,23925,0
MutexBased,1100,157000,157000,26746,1
MutexBased,1100,157000,144531,24063,0
MutexBased,1200,157000,157000,26285,1
MutexBased,1200,157000,143442,23436,0
MutexBased,1300,157000,157000,25124,1
MutexBased,1300,157000,111467,17777,0
MutexBased,1400,157000,157000,27413,1
MutexBased,1400,157000,151383,25609,0
MutexBased,1500,157000,157000,29163,1
MutexBased,1500,157000,136103,23791,0
MutexBased,1600,157000,157000,26321,1
MutexBased,1600,157000,114665,19304,0
MutexBased,1700,157000,157000,22615,1
MutexBased,1700,157000,130713,19285,0
MutexBased,1800,157000,157000,28312,1
MutexBased,1800,157000,133843,23737,0
MutexBased,1900,157000,157000,26118,1
MutexBased,1900,157000,139928,21979,0
MutexBased,2000,157000,157000,25512,1
MutexBased,2000,157000,111539,18928,0
MutexBased,100,158000,158000,29187,1
MutexBased,100,158000,77251,15004,0
MutexBased,200,158000,158000,31126,1
MutexBased,200,158000,117826,22812,0
MutexBased,300,158000,158000,29223,1
MutexBased,300,158000,61926,16294,0
MutexBased,400,158000,158000,31450,1
MutexBased,400,158000,98361,20558,0
MutexBased,500,158000,158000,32816,1
MutexBased,500,158000,94928,16610,0
MutexBased,600,158000,158000,27121,1
MutexBased,600,158000,145587,25888,0
MutexBased,700,158000,158000,26738,1
MutexBased,700,158000,141425,24137,0
MutexBased,800,158000,158000,25772,1
MutexBased,800,158000,98121,17105,0
MutexBased,900,158000,158000,25912,1
MutexBased,900,158000,140867,21361,0
MutexBased,1000,158000,158000,26323,1
MutexBased,1000,158000,112623,18156,0
MutexBased,1100,158000,158000,26399,1
MutexBased,1100,158000,89800,15744,0
MutexBased,1200,158000,158000,27824,1
MutexBased,1200,158000,114037,19649,0
MutexBased,1300,158000,158000,29517,1
MutexBased,1300,158000,117559,18312,0
MutexBased,1400,158000,158000,26900,1
MutexBased,1400,158000,142447,25218,0
MutexBased,1500,158000,158000,27419,1
MutexBased,1500,158000,111987,20496,0
MutexBased,1600,158000,158000,27859,1
MutexBased,1600,158000,138804,24030,0
MutexBased,1700,158000,158000,21513,1
MutexBased,1700,158000,129472,18025,0
MutexBased,1800,158000,158000,26899,1
MutexBased,1800,158000,131177,24627,0
MutexBased,1900,158000,158000,24885,1
MutexBased,1900,158000,145446,23133,0
MutexBased,2000,158000,158000,27144,1
MutexBased,2000,158000,143508,24159,0
MutexBased,100,159000,159000,30283,1
MutexBased,100,159000,80143,18569,0
MutexBased,200,159000,159000,28537,1
MutexBased,200,159000,98037,19030,0
MutexBased,300,159000,159000,29784,1
MutexBased,300,159000,122745,23554,0
MutexBased,400,159000,159000,30785,1
MutexBased,400,159000,113408,23114,0
MutexBased,500,159000,159000,26591,1
MutexBased,500,159000,70507,14275,0
MutexBased,600,159000,159000,26297,1
MutexBased,600,159000,118346,19669,0
MutexBased,700,159000,159000,27583,1
MutexBased,700,159000,119600,21425,0
MutexBased,800,159000,159000,26892,1
MutexBased,800,159000,76820,18847,0
MutexBased,900,159000,159000,22177,1
MutexBased,900,159000,95277,15942,0
MutexBased,1000,159000,159000,26565,1
MutexBased,1000,159000,126198,20200,0
MutexBased,1100,159000,159000,27895,1
MutexBased,1100,159000,104783,17679,0
MutexBased,1200,159000,159000,27202,1
MutexBased,1200,159000,109540,19583,0
MutexBased,1300,159000,159000,24940,1
MutexBased,1300,159000,107369,16253,0
MutexBased,1400,159000,159000,26175,1
MutexBased,1400,159000,145097,24204,0
MutexBased,1500,159000,159000,28893,1
MutexBased,1500,159000,119026,21378,0
MutexBased,1600,159000,159000,28441,1
MutexBased,1600,159000,105598,18854,0
MutexBased,1700,159000,159000,23216,1
MutexBased,1700,159000,123800,17196,0
MutexBased,1800,159000,159000,27502,1
MutexBased,1800,159000,130296,23304,0
MutexBased,1900,159000,159000,23211,1
MutexBased,1900,159000,112706,17916,0
MutexBased,2000,159000,159000,25901,1
MutexBased,2000,159000,149956,24870,0
MutexBased,100,160000,160000,30775,1
MutexBased,100,160000,78150,15433,0
MutexBased,200,160000,160000,29768,1
MutexBased,200,160000,97066,18457,0
MutexBased,300,160000,160000,30214,1
MutexBased,300,160000,85360,17462,0
MutexBased,400,160000,160000,30633,1
MutexBased,400,160000,120463,23102,0
MutexBased,500,160000,160000,26779,1
MutexBased,500,160000,121578,19748,0
MutexBased,600,160000,160000,27252,1
MutexBased,600,160000,96131,18482,0
MutexBased,700,160000,160000,30064,1
MutexBased,700,160000,110809,19476,0
MutexBased,800,160000,160000,29837,1
MutexBased,800,160000,116362,19792,0
MutexBased,900,160000,160000,24573,1
MutexBased,900,160000,125763,19781,0
MutexBased,1000,160000,160000,27408,1
MutexBased,1000,160000,111177,18594,0
MutexBased,1100,160000,160000,29959,1
MutexBased,1100,160000,109719,18014,0
MutexBased,1200,160000,160000,26961,1
MutexBased,1200,160000,121282,20802,0
MutexBased,1300,160000,160000,25584,1
MutexBased,1300,160000,100815,16593,0
MutexBased,1400,160000,160000,27375,1
MutexBased,1400,160000,123204,21434,0
MutexBased,1500,160000,160000,28500,1
MutexBased,1500,160000,141131,24146,0
MutexBased,1600,160000,160000,26637,1
MutexBased,1600,160000,126685,20916,0
MutexBased,1700,160000,160000,22187,1
MutexBased,1700,160000,94430,14751,0
MutexBased,1800,160000,160000,30656,1
MutexBased,1800,160000,135809,22676,0
MutexBased,1900,160000,160000,26138,1
MutexBased,1900,160000,130424,19498,0
MutexBased,2000,160000,160000,25869,1
MutexBased,2000,160000,152111,25065,0
MutexBased,100,161000,161000,30524,1
MutexBased,100,161000,97595,19777,0
MutexBased,200,161000,161000,31897,1
MutexBased,200,161000,141908,26699,0
MutexBased,300,161000,161000,30606,1
MutexBased,300,161000,106356,20637,0
MutexBased,400,161000,161000,29879,1
MutexBased,400,161000,101414,19738,0
MutexBased,500,161000,161000,25707,1
MutexBased,500,161000,124406,20149,0
MutexBased,600,161000,161000,27515,1
MutexBased,600,161000,115794,21362,0
MutexBased,700,161000,161000,27802,1
MutexBased,700,161000,125209,21991,0
MutexBased,800,161000,161000,28999,1
MutexBased,800,161000,108811,18960,0
MutexBased,900,161000,161000,24013,1
MutexBased,900,161000,117768,18243,0
MutexBased,1000,161000,161000,27552,1
MutexBased,1000,161000,122203,20560,0
MutexBased,1100,161000,161000,27595,1
MutexBased,1100,161000,135216,22581,0
MutexBased,1200,161000,161000,25898,1
MutexBased,1200,161000,147008,24841,0
MutexBased,1300,161000,161000,25689,1
MutexBased,1300,161000,136049,21900,0
MutexBased,1400,161000,161000,28297,1
MutexBased,1400,161000,127124,22138,0
MutexBased,1500,161000,161000,29979,1
MutexBased,1500,161000,127674,23315,0
MutexBased,1600,161000,161000,30819,1
MutexBased,1600,161000,143960,23945,0
MutexBased,1700,161000,161000,21323,1
MutexBased,1700,161000,130052,17748,0
MutexBased,1800,161000,161000,28095,1
MutexBased,1800,161000,150403,25000,0
MutexBased,1900,161000,161000,25780,1
MutexBased,1900,161000,150477,24755,0
MutexBased,2000,161000,161000,27766,1
MutexBased,2000,161000,130429,20524,0
MutexBased,100,162000,162000,32110,1
MutexBased,100,162000,84077,17640,0
MutexBased,200,162000,162000,30743,1
MutexBased,200,162000,121263,24214,0
MutexBased,300,162000,162000,30691,1
MutexBased,300,162000,123934,23450,0
MutexBased,400,162000,162000,29260,1
MutexBased,400,162000,126890,24095,0
MutexBased,500,162000,162000,26413,1
MutexBased,500,162000,82795,15995,0
MutexBased,600,162000,162000,29096,1
MutexBased,600,162000,137021,23451,0
MutexBased,700,162000,162000,29330,1
MutexBased,700,162000,118023,20825,0
MutexBased,800,162000,162000,26974,1
MutexBased,800,162000,111171,21104,0
MutexBased,900,162000,162000,29529,1
MutexBased,900,162000,129482,22426,0
MutexBased,1000,162000,162000,27744,1
MutexBased,1000,162000,142397,24377,0
MutexBased,1100,162000,162000,26698,1
MutexBased,1100,162000,84220,14328,0
MutexBased,1200,162000,162000,27279,1
MutexBased,1200,162000,111320,18466,0
MutexBased,1300,162000,162000,26555,1
MutexBased,1300,162000,122275,19296,0
MutexBased,1400,162000,162000,28473,1
MutexBased,1400,162000,93966,16458,0
MutexBased,1500,162000,162000,26686,1
MutexBased,1500,162000,139744,23925,0
MutexBased,1600,162000,162000,27546,1
MutexBased,1600,162000,141601,22903,0
MutexBased,1700,162000,162000,25024,1
MutexBased,1700,162000,120640,18823,0
MutexBased,1800,162000,162000,30043,1
MutexBased,1800,162000,123096,21288,0
MutexBased,1900,162000,162000,26029,1
MutexBased,1900,162000,108669,19276,0
MutexBased,2000,162000,162000,28072,1
MutexBased,2000,162000,124663,21489,0
MutexBased,100,163000,163000,34637,1
MutexBased,100,163000,102538,20165,0
MutexBased,200,163000,163000,31233,1
MutexBased,200,163000,101703,20044,0
MutexBased,300,163000,163000,30292,1
MutexBased,300,163000,132714,25588,0
MutexBased,400,163000,163000,30591,1
MutexBased,400,163000,79212,15004,0
MutexBased,500,163000,163000,27965,1
MutexBased,500,163000,117678,18241,0
MutexBased,600,163000,163000,28606,1
MutexBased,600,163000,111166,19335,0
MutexBased,700,163000,163000,28484,1
MutexBased,700,163000,139082,24684,0
MutexBased,800,163000,163000,27726,1
MutexBased,800,163000,142345,25275,0
MutexBased,900,163000,163000,26007,1
MutexBased,900,163000,78786,13780,0
MutexBased,1000,163000,163000,26636,1
MutexBased,1000,163000,122429,21907,0
MutexBased,1100,163000,163000,26935,1
MutexBased,1100,163000,147883,24326,0
MutexBased,1200,163000,163000,27686,1
MutexBased,1200,163000,140753,24181,0
MutexBased,1300,163000,163000,27729,1
MutexBased,1300,163000,134588,20497,0
MutexBased,1400,163000,163000,29277,1
MutexBased,1400,163000,138601,23546,0
MutexBased,1500,163000,163000,35080,1
MutexBased,1500,163000,118555,21996,0
MutexBased,1600,163000,163000,27134,1
MutexBased,1600,163000,149362,24823,0
MutexBased,1700,163000,163000,23897,1
MutexBased,1700,163000,150233,20407,0
MutexBased,1800,163000,163000,28254,1
MutexBased,1800,163000,123871,20941,0
MutexBased,1900,163000,163000,25444,1
MutexBased,1900,163000,111905,18810,0
MutexBased,2000,163000,163000,27071,1
MutexBased,2000,163000,120665,20703,0
MutexBased,100,164000,164000,31932,1
MutexBased,100,164000,101756,21128,0
MutexBased,200,164000,164000,32421,1
MutexBased,200,164000,88516,24333,0
MutexBased,300,164000,164000,29817,1
MutexBased,300,164000,118649,21989,0
MutexBased,400,164000,164000,29126,1
MutexBased,400,164000,104536,19684,0
MutexBased,500,164000,164000,28555,1
MutexBased,500,164000,115556,19340,0
MutexBased,600,164000,164000,43140,1
MutexBased,600,164000,96841,18060,0
MutexBased,700,164000,164000,30844,1
MutexBased,700,164000,97201,17739,0
MutexBased,800,164000,164000,29400,1
MutexBased,800,164000,110630,19505,0
MutexBased,900,164000,164000,26937,1
MutexBased,900,164000,96840,16439,0
MutexBased,1000,164000,164000,30023,1
MutexBased,1000,164000,121864,20383,0
MutexBased,1100,164000,164000,27808,1
MutexBased,1100,164000,148816,24942,0
MutexBased,1200,164000,164000,28605,1
MutexBased,1200,164000,137636,23715,0
MutexBased,1300,164000,164000,23996,1
MutexBased,1300,164000,113327,18680,0
MutexBased,1400,164000,164000,29767,1
MutexBased,1400,164000,153716,26371,0
MutexBased,1500,164000,164000,28773,1
MutexBased,1500,164000,117330,20371,0
MutexBased,1600,164000,164000,29420,1
MutexBased,1600,164000,134797,23098,0
MutexBased,1700,164000,164000,24587,1
MutexBased,1700,164000,103117,13498,0
MutexBased,1800,164000,164000,29344,1
MutexBased,1800,164000,139269,23764,0
MutexBased,1900,164000,164000,25929,1
MutexBased,1900,164000,137137,20846,0
MutexBased,2000,164000,164000,27384,1
MutexBased,2000,164000,113641,19594,0
MutexBased,100,165000,165000,32862,1
MutexBased,100,165000,97522,19368,0
MutexBased,200,165000,165000,32698,1
MutexBased,200,165000,55551,12432,0
MutexBased,300,165000,165000,29992,1
MutexBased,300,165000,94319,18493,0
MutexBased,400,165000,165000,28461,1
MutexBased,400,165000,147611,26181,0
MutexBased,500,165000,165000,27264,1
MutexBased,500,165000,97010,18278,0
MutexBased,600,165000,165000,27795,1
MutexBased,600,165000,110603,19093,0
MutexBased,700,165000,165000,28916,1
MutexBased,700,165000,123991,22611,0
MutexBased,800,165000,165000,28346,1
MutexBased,800,165000,111212,20694,0
MutexBased,900,165000,165000,25754,1
MutexBased,900,165000,120238,18527,0
MutexBased,1000,165000,165000,27522,1
MutexBased,1000,165000,103766,19859,0
MutexBased,1100,165000,165000,27844,1
MutexBased,1100,165000,136447,22862,0
MutexBased,1200,165000,165000,29587,1
MutexBased,1200,165000,155220,25890,0
MutexBased,1300,165000,165000,27279,1
MutexBased,1300,165000,90306,15066,0
MutexBased,1400,165000,165000,27888,1
MutexBased,1400,165000,126793,23686,0
MutexBased,1500,165000,165000,28790,1
MutexBased,1500,165000,126681,21959,0
MutexBased,1600,165000,165000,29468,1
MutexBased,1600,165000,115887,19515,0
MutexBased,1700,165000,165000,22460,1
MutexBased,1700,165000,136640,18878,0
MutexBased,1800,165000,165000,28480,1
MutexBased,1800,165000,121216,21641,0
MutexBased,1900,165000,165000,26180,1
MutexBased,1900,165000,96618,15579,0
MutexBased,2000,165000,165000,26801,1
MutexBased,2000,165000,142397,23063,0
MutexBased,100,166000,166000,33549,1
MutexBased,100,166000,107922,20945,0
MutexBased,200,166000,166000,33727,1
MutexBased,200,166000,138191,27433,0
MutexBased,300,166000,166000,32141,1
MutexBased,300,166000,136795,25191,0
MutexBased,400,166000,166000,31917,1
MutexBased,400,166000,136264,24974,0
MutexBased,500,166000,166000,26762,1
MutexBased,500,166000,98183,18604,0
MutexBased,600,166000,166000,28688,1
MutexBased,600,166000,110503,20156,0
MutexBased,700,166000,166000,28774,1
MutexBased,700,166000,112894,20981,0
MutexBased,800,166000,166000,29462,1
MutexBased,800,166000,119040,20200,0
MutexBased,900,166000,166000,27966,1
MutexBased,900,166000,121253,18598,0
MutexBased,1000,166000,166000,27622,1
MutexBased,1000,166000,135616,22217,0
MutexBased,1100,166000,166000,29252,1
MutexBased,1100,166000,117326,19832,0
MutexBased,1200,166000,166000,28519,1
MutexBased,1200,166000,115376,20623,0
MutexBased,1300,166000,166000,26010,1
MutexBased,1300,166000,143675,22021,0
MutexBased,1400,166000,166000,29075,1
MutexBased,1400,166000,147205,26163,0
MutexBased,1500,166000,166000,29611,1
MutexBased,1500,166000,140553,24738,0
MutexBased,1600,166000,166000,28638,1
MutexBased,1600,166000,146765,25539,0
MutexBased,1700,166000,166000,24223,1
MutexBased,1700,166000,148250,20657,0
MutexBased,1800,166000,166000,28952,1
MutexBased,1800,166000,113381,22342,0
MutexBased,1900,166000,166000,25597,1
MutexBased,1900,166000,135473,21202,0
MutexBased,2000,166000,166000,25591,1
MutexBased,2000,166000,116497,19637,0
MutexBased,100,167000,167000,33282,1
MutexBased,100,167000,82917,16493,0
MutexBased,200,167000,167000,31090,1
MutexBased,200,167000,113739,23751,0
MutexBased,300,167000,167000,33653,1
MutexBased,300,167000,108308,21932,0
MutexBased,400,167000,167000,30448,1
MutexBased,400,167000,109561,23188,0
MutexBased,500,167000,167000,27752,1
MutexBased,500,167000,152679,25118,0
MutexBased,600,167000,167000,27912,1
MutexBased,600,167000,95696,17199,0
MutexBased,700,167000,167000,31449,1
MutexBased,700,167000,140262,25179,0
MutexBased,800,167000,167000,28943,1
MutexBased,800,167000,120099,21048,0
MutexBased,900,167000,167000,24390,1
MutexBased,900,167000,160249,24285,0
MutexBased,1000,167000,167000,27025,1
MutexBased,1000,167000,147093,24194,0
MutexBased,1100,167000,167000,29806,1
MutexBased,1100,167000,129339,21128,0
MutexBased,1200,167000,167000,27014,1
MutexBased,1200,167000,139402,23568,0
MutexBased,1300,167000,167000,25531,1
MutexBased,1300,167000,136135,20765,0
MutexBased,1400,167000,167000,29225,1
MutexBased,1400,167000,149401,23722,0
MutexBased,1500,167000,167000,30752,1
MutexBased,1500,167000,145578,26275,0
MutexBased,1600,167000,167000,27936,1
MutexBased,1600,167000,134103,23047,0
MutexBased,1700,167000,167000,24576,1
MutexBased,1700,167000,117960,18796,0
MutexBased,1800,167000,167000,29463,1
MutexBased,1800,167000,125534,21808,0
MutexBased,1900,167000,167000,26917,1
MutexBased,1900,167000,132790,21202,0
MutexBased,2000,167000,167000,27629,1
MutexBased,2000,167000,117781,20126,0
MutexBased,100,168000,168000,35841,1
MutexBased,100,168000,89415,17879,0
MutexBased,200,168000,168000,31358,1
MutexBased,200,168000,122842,23096,0
MutexBased,300,168000,168000,32445,1
MutexBased,300,168000,104500,20404,0
MutexBased,400,168000,168000,32633,1
MutexBased,400,168000,117089,22539,0
MutexBased,500,168000,168000,25673,1
MutexBased,500,168000,150534,23591,0
MutexBased,600,168000,168000,32213,1
MutexBased,600,168000,125966,21762,0
MutexBased,700,168000,168000,28331,1
MutexBased,700,168000,131212,23777,0
MutexBased,800,168000,168000,31147,1
MutexBased,800,168000,118390,20274,0
MutexBased,900,168000,168000,24913,1
MutexBased,900,168000,95153,14425,0
MutexBased,1000,168000,168000,27708,1
MutexBased,1000,168000,135504,22512,0
MutexBased,1100,168000,168000,30589,1
MutexBased,1100,168000,135562,23355,0
MutexBased,1200,168000,168000,28942,1
MutexBased,1200,168000,116445,20267,0
MutexBased,1300,168000,168000,26789,1
MutexBased,1300,168000,86826,16305,0
MutexBased,1400,168000,168000,29563,1
MutexBased,1400,168000,120679,24120,0
MutexBased,1500,168000,168000,28598,1
MutexBased,1500,168000,130722,24713,0
MutexBased,1600,168000,168000,28835,1
MutexBased,1600,168000,127009,22618,0
MutexBased,1700,168000,168000,25020,1
MutexBased,1700,168000,136288,20340,0
MutexBased,1800,168000,168000,29675,1
MutexBased,1800,168000,139424,24267,0
MutexBased,1900,168000,168000,32763,1
MutexBased,1900,168000,131500,20789,0
MutexBased,2000,168000,168000,28016,1
MutexBased,2000,168000,133858,22164,0
MutexBased,100,169000,169000,35196,1
MutexBased,100,169000,103761,19835,0
MutexBased,200,169000,169000,33187,1
MutexBased,200,169000,112370,21830,0
MutexBased,300,169000,169000,32199,1
MutexBased,300,169000,120778,23757,0
MutexBased,400,169000,169000,30859,1
MutexBased,400,169000,112792,20406,0
MutexBased,500,169000,169000,29338,1
MutexBased,500,169000,94406,15886,0
MutexBased,600,169000,169000,29115,1
MutexBased,600,169000,118422,21041,0
MutexBased,700,169000,169000,32655,1
MutexBased,700,169000,95644,17770,0
MutexBased,800,169000,169000,30550,1
MutexBased,800,169000,162306,28463,0
MutexBased,900,169000,169000,28704,1
MutexBased,900,169000,94558,14688,0
MutexBased,1000,169000,169000,28247,1
MutexBased,1000,169000,116819,21480,0
MutexBased,1100,169000,169000,28698,1
MutexBased,1100,169000,130817,22672,0
MutexBased,1200,169000,169000,28578,1
MutexBased,1200,169000,117766,24872,0
MutexBased,1300,169000,169000,27956,1
MutexBased,1300,169000,104468,16559,0
MutexBased,1400,169000,169000,28472,1
MutexBased,1400,169000,107287,19578,0
MutexBased,1500,169000,169000,29102,1
MutexBased,1500,169000,119914,21763,0
MutexBased,1600,169000,169000,28710,1
MutexBased,1600,169000,156333,26426,0
MutexBased,1700,169000,169000,22835,1
MutexBased,1700,169000,143933,19852,0
MutexBased,1800,169000,169000,31177,1
MutexBased,1800,169000,151191,27428,0
MutexBased,1900,169000,169000,26580,1
MutexBased,1900,169000,113016,22086,0
MutexBased,2000,169000,169000,28844,1
MutexBased,2000,169000,121730,20661,0
MutexBased,100,170000,170000,34900,1
MutexBased,100,170000,82152,16823,0
MutexBased,200,170000,170000,31073,1
MutexBased,200,170000,111197,21939,0
MutexBased,300,170000,170000,32217,1
MutexBased,300,170000,122077,22845,0
MutexBased,400,170000,170000,31174,1
MutexBased,400,170000,121218,22885,0
MutexBased,500,170000,170000,27310,1
MutexBased,500,170000,138846,21738,0
MutexBased,600,170000,170000,29451,1
MutexBased,600,170000,158254,25757,0
MutexBased,700,170000,170000,29316,1
MutexBased,700,170000,141293,24748,0
MutexBased,800,170000,170000,30388,1
MutexBased,800,170000,145572,25447,0
MutexBased,900,170000,170000,27109,1
MutexBased,900,170000,141965,20440,0
MutexBased,1000,170000,170000,28574,1
MutexBased,1000,170000,134995,22116,0
MutexBased,1100,170000,170000,28781,1
MutexBased,1100,170000,119375,19700,0
MutexBased,1200,170000,170000,29042,1
MutexBased,1200,170000,115516,19924,0
MutexBased,1300,170000,170000,25640,1
MutexBased,1300,170000,135170,20901,0
MutexBased,1400,170000,170000,31967,1
MutexBased,1400,170000,123730,21170,0
MutexBased,1500,170000,170000,31001,1
MutexBased,1500,170000,116609,19391,0
MutexBased,1600,170000,170000,31675,1
MutexBased,1600,170000,106604,25554,0
MutexBased,1700,170000,170000,37254,1
MutexBased,1700,170000,110685,20439,0
MutexBased,1800,170000,170000,31258,1
MutexBased,1800,170000,147658,28339,0
MutexBased,1900,170000,170000,27965,1
MutexBased,1900,170000,130289,20705,0
MutexBased,2000,170000,170000,28920,1
MutexBased,2000,170000,137280,22660,0
MutexBased,100,171000,171000,34827,1
MutexBased,100,171000,105660,20140,0
MutexBased,200,171000,171000,35085,1
MutexBased,200,171000,141335,25472,0
MutexBased,300,171000,171000,30908,1
MutexBased,300,171000,106787,21317,0
MutexBased,400,171000,171000,29774,1
MutexBased,400,171000,113239,23593,0
MutexBased,500,171000,171000,28725,1
MutexBased,500,171000,93583,16332,0
MutexBased,600,171000,171000,30334,1
MutexBased,600,171000,118646,21367,0
MutexBased,700,171000,171000,31254,1
MutexBased,700,171000,146750,26333,0
MutexBased,800,171000,171000,29428,1
MutexBased,800,171000,107748,20773,0
MutexBased,900,171000,171000,25897,1
MutexBased,900,171000,134012,20239,0
MutexBased,1000,171000,171000,29353,1
MutexBased,1000,171000,126086,22576,0
MutexBased,1100,171000,171000,29334,1
MutexBased,1100,171000,112167,20428,0
MutexBased,1200,171000,171000,28913,1
MutexBased,1200,171000,107899,19096,0
MutexBased,1300,171000,171000,26684,1
MutexBased,1300,171000,104467,17378,0
MutexBased,1400,171000,171000,29843,1
MutexBased,1400,171000,154036,25620,0
MutexBased,1500,171000,171000,32399,1
MutexBased,1500,171000,151909,26216,0
MutexBased,1600,171000,171000,28492,1
MutexBased,1600,171000,129912,21928,0
MutexBased,1700,171000,171000,24450,1
MutexBased,1700,171000,98509,17321,0
MutexBased,1800,171000,171000,28980,1
MutexBased,1800,171000,119584,20697,0
MutexBased,1900,171000,171000,27013,1
MutexBased,1900,171000,145379,22312,0
MutexBased,2000,171000,171000,28644,1
MutexBased,2000,171000,139775,22396,0
MutexBased,100,172000,172000,35752,1
MutexBased,100,172000,80309,16895,0
MutexBased,200,172000,172000,33827,1
MutexBased,200,172000,138088,25699,0
MutexBased,300,172000,172000,32399,1
MutexBased,300,172000,153190,28705,0
MutexBased,400,172000,172000,31538,1
MutexBased,400,172000,145553,27525,0
MutexBased,500,172000,172000,27999,1
MutexBased,500,172000,129552,20201,0
MutexBased,600,172000,172000,28340,1
MutexBased,600,172000,121894,21976,0
MutexBased,700,172000,172000,30210,1
MutexBased,700,172000,120593,22495,0
MutexBased,800,172000,172000,29011,1
MutexBased,800,172000,151546,26656,0
MutexBased,900,172000,172000,26725,1
MutexBased,900,172000,103843,16824,0
MutexBased,1000,172000,172000,28205,1
MutexBased,1000,172000,119318,21146,0
MutexBased,1100,172000,172000,27692,1
MutexBased,1100,172000,90122,18574,0
MutexBased,1200,172000,172000,30096,1
MutexBased,1200,172000,117381,24521,0
MutexBased,1300,172000,172000,29523,1
MutexBased,1300,172000,133405,22243,0
MutexBased,1400,172000,172000,29947,1
MutexBased,1400,172000,125489,22318,0
MutexBased,1500,172000,172000,33767,1
MutexBased,1500,172000,115247,22075,0
MutexBased,1600,172000,172000,30496,1
MutexBased,1600,172000,164065,28029,0
MutexBased,1700,172000,172000,28030,1
MutexBased,1700,172000,151433,20702,0
MutexBased,1800,172000,172000,31792,1
MutexBased,1800,172000,125782,22062,0
MutexBased,1900,172000,172000,25523,1
MutexBased,1900,172000,148164,22642,0
MutexBased,2000,172000,172000,27675,1
MutexBased,2000,172000,156071,25222,0
MutexBased,100,173000,173000,33811,1
MutexBased,100,173000,88948,17157,0
MutexBased,200,173000,173000,34941,1
MutexBased,200,173000,90936,18887,0
MutexBased,300,173000,173000,32764,1
MutexBased,300,173000,146076,27763,0
MutexBased,400,173000,173000,31732,1
MutexBased,400,173000,133207,24946,0
MutexBased,500,173000,173000,27531,1
MutexBased,500,173000,158947,24019,0
MutexBased,600,173000,173000,30152,1
MutexBased,600,173000,146833,23939,0
MutexBased,700,173000,173000,31457,1
MutexBased,700,173000,90899,17722,0
MutexBased,800,173000,173000,30421,1
MutexBased,800,173000,141533,23937,0
MutexBased,900,173000,173000,26742,1
MutexBased,900,173000,112398,16695,0
MutexBased,1000,173000,173000,29504,1
MutexBased,1000,173000,103068,18560,0
MutexBased,1100,173000,173000,29446,1
MutexBased,1100,173000,141126,23772,0
MutexBased,1200,173000,173000,28641,1
MutexBased,1200,173000,136677,22950,0
MutexBased,1300,173000,173000,27810,1
MutexBased,1300,173000,116840,18701,0
MutexBased,1400,173000,173000,31124,1
MutexBased,1400,173000,152879,26292,0
MutexBased,1500,173000,173000,31334,1
MutexBased,1500,173000,118511,21432,0
MutexBased,1600,173000,173000,30389,1
MutexBased,1600,173000,140678,24256,0
MutexBased,1700,173000,173000,23299,1
MutexBased,1700,173000,123100,16894,0
MutexBased,1800,173000,173000,31524,1
MutexBased,1800,173000,142199,23727,0
MutexBased,1900,173000,173000,27872,1
MutexBased,1900,173000,94016,14778,0
MutexBased,2000,173000,173000,29486,1
MutexBased,2000,173000,116255,19598,0
MutexBased,100,174000,174000,34198,1
MutexBased,100,174000,92135,18214,0
MutexBased,200,174000,174000,32976,1
MutexBased,200,174000,120743,24519,0
MutexBased,300,174000,174000,34221,1
MutexBased,300,174000,118141,23249,0
MutexBased,400,174000,174000,32421,1
MutexBased,400,174000,108174,21178,0
MutexBased,500,174000,174000,28269,1
MutexBased,500,174000,119930,18915,0
MutexBased,600,174000,174000,31091,1
MutexBased,600,174000,74736,19435,0
MutexBased,700,174000,174000,31689,1
MutexBased,700,174000,144925,24928,0
MutexBased,800,174000,174000,31110,1
MutexBased,800,174000,137270,24278,0
MutexBased,900,174000,174000,26314,1
MutexBased,900,174000,129519,20310,0
MutexBased,1000,174000,174000,30576,1
MutexBased,1000,174000,153016,26151,0
MutexBased,1100,174000,174000,28833,1
MutexBased,1100,174000,146613,24436,0
MutexBased,1200,174000,174000,32009,1
MutexBased,1200,174000,119576,20679,0
MutexBased,1300,174000,174000,26596,1
MutexBased,1300,174000,106846,17978,0
MutexBased,1400,174000,174000,30507,1
MutexBased,1400,174000,112754,20634,0
MutexBased,1500,174000,174000,30257,1
MutexBased,1500,174000,157751,27016,0
MutexBased,1600,174000,174000,29991,1
MutexBased,1600,174000,156010,27593,0
MutexBased,1700,174000,174000,24659,1
MutexBased,1700,174000,131858,20498,0
MutexBased,1800,174000,174000,30725,1
MutexBased,1800,174000,136054,24153,0
MutexBased,1900,174000,174000,26752,1
MutexBased,1900,174000,146881,23450,0
MutexBased,2000,174000,174000,30580,1
MutexBased,2000,174000,125053,20924,0
MutexBased,100,175000,175000,34210,1
MutexBased,100,175000,105442,22058,0
MutexBased,200,175000,175000,34427,1
MutexBased,200,175000,118348,23880,0
MutexBased,300,175000,175000,33420,1
MutexBased,300,175000,136539,25428,0
MutexBased,400,175000,175000,32248,1
MutexBased,400,175000,137082,24703,0
MutexBased,500,175000,175000,37536,1
MutexBased,500,175000,141105,24994,0
MutexBased,600,175000,175000,30678,1
MutexBased,600,175000,142899,25083,0
MutexBased,700,175000,175000,30893,1
MutexBased,700,175000,131850,23478,0
MutexBased,800,175000,175000,29915,1
MutexBased,800,175000,134020,24652,0
MutexBased,900,175000,175000,25196,1
MutexBased,900,175000,147844,23925,0
MutexBased,1000,175000,175000,29983,1
MutexBased,1000,175000,142719,24234,0
MutexBased,1100,175000,175000,28680,1
MutexBased,1100,175000,141694,22999,0
MutexBased,1200,175000,175000,29196,1
MutexBased,1200,175000,148709,27849,0
MutexBased,1300,175000,175000,27657,1
MutexBased,1300,175000,154674,25029,0
MutexBased,1400,175000,175000,35522,1
MutexBased,1400,175000,144745,24755,0
MutexBased,1500,175000,175000,36891,1
MutexBased,1500,175000,100947,18695,0
MutexBased,1600,175000,175000,29436,1
MutexBased,1600,175000,115863,20137,0
MutexBased,1700,175000,175000,27004,1
MutexBased,1700,175000,140601,19882,0
MutexBased,1800,175000,175000,29878,1
MutexBased,1800,175000,145568,24286,0
MutexBased,1900,175000,175000,29343,1
MutexBased,1900,175000,150706,22744,0
MutexBased,2000,175000,175000,29849,1
MutexBased,2000,175000,149600,24012,0
MutexBased,100,176000,176000,32068,1
MutexBased,100,176000,98603,20683,0
MutexBased,200,176000,176000,35762,1
MutexBased,200,176000,105104,20887,0
MutexBased,300,176000,176000,32276,1
MutexBased,300,176000,147493,26263,0
MutexBased,400,176000,176000,32431,1
MutexBased,400,176000,100648,20618,0
MutexBased,500,176000,176000,29587,1
MutexBased,500,176000,127892,21725,0
MutexBased,600,176000,176000,29910,1
MutexBased,600,176000,137579,27514,0
MutexBased,700,176000,176000,36020,1
MutexBased,700,176000,133381,23706,0
MutexBased,800,176000,176000,30155,1
MutexBased,800,176000,134385,23372,0
MutexBased,900,176000,176000,25242,1
MutexBased,900,176000,136371,20070,0
MutexBased,1000,176000,176000,29970,1
MutexBased,1000,176000,156509,28341,0
MutexBased,1100,176000,176000,28850,1
MutexBased,1100,176000,122547,20234,0
MutexBased,1200,176000,176000,30630,1
MutexBased,1200,176000,129888,22244,0
MutexBased,1300,176000,176000,28559,1
MutexBased,1300,176000,131954,20174,0
MutexBased,1400,176000,176000,30687,1
MutexBased,1400,176000,154976,26477,0
MutexBased,1500,176000,176000,30577,1
MutexBased,1500,176000,105294,21287,0
MutexBased,1600,176000,176000,31446,1
MutexBased,1600,176000,155856,25821,0
MutexBased,1700,176000,176000,25405,1
MutexBased,1700,176000,136503,17516,0
MutexBased,1800,176000,176000,31372,1
MutexBased,1800,176000,113598,21501,0
MutexBased,1900,176000,176000,29702,1
MutexBased,1900,176000,132726,21631,0
MutexBased,2000,176000,176000,29360,1
MutexBased,2000,176000,116243,20880,0
MutexBased,100,177000,177000,34841,1
MutexBased,100,177000,97510,20922,0
MutexBased,200,177000,177000,36636,1
MutexBased,200,177000,127651,23771,0
MutexBased,300,177000,177000,37230,1
MutexBased,300,177000,135739,27117,0
MutexBased,400,177000,177000,35220,1
MutexBased,400,177000,123371,21737,0
MutexBased,500,177000,177000,29089,1
MutexBased,500,177000,120039,19924,0
MutexBased,600,177000,177000,30969,1
MutexBased,600,177000,134665,23557,0
MutexBased,700,177000,177000,33526,1
MutexBased,700,177000,55664,17626,0
MutexBased,800,177000,177000,30252,1
MutexBased,800,177000,110241,19636,0
MutexBased,900,177000,177000,27448,1
MutexBased,900,177000,126848,18746,0
MutexBased,1000,177000,177000,30865,1
MutexBased,1000,177000,139963,26340,0
MutexBased,1100,177000,177000,30017,1
MutexBased,1100,177000,139911,22779,0
MutexBased,1200,177000,177000,30394,1
MutexBased,1200,177000,148156,26552,0
MutexBased,1300,177000,177000,28414,1
MutexBased,1300,177000,142456,23494,0
MutexBased,1400,177000,177000,31489,1
MutexBased,1400,177000,151210,26207,0
MutexBased,1500,177000,177000,32274,1
MutexBased,1500,177000,114015,20231,0
MutexBased,1600,177000,177000,30875,1
MutexBased,1600,177000,120502,21620,0
MutexBased,1700,177000,177000,26596,1
MutexBased,1700,177000,138625,19108,0
MutexBased,1800,177000,177000,31016,1
MutexBased,1800,177000,119774,21482,0
MutexBased,1900,177000,177000,28287,1
MutexBased,1900,177000,172120,25932,0
MutexBased,2000,177000,177000,30360,1
MutexBased,2000,177000,134865,21610,0
MutexBased,100,178000,178000,33674,1
MutexBased,100,178000,89260,18507,0
MutexBased,200,178000,178000,35341,1
MutexBased,200,178000,124814,24813,0
MutexBased,300,178000,178000,32013,1
MutexBased,300,178000,133325,29439,0
MutexBased,400,178000,178000,31585,1
MutexBased,400,178000,152042,26828,0
MutexBased,500,178000,178000,30983,1
MutexBased,500,178000,131888,22100,0
MutexBased,600,178000,178000,30946,1
MutexBased,600,178000,130787,23104,0
MutexBased,700,178000,178000,34906,1
MutexBased,700,178000,146943,27799,0
MutexBased,800,178000,178000,28247,1
MutexBased,800,178000,139870,22863,0
MutexBased,900,178000,178000,29809,1
MutexBased,900,178000,159005,24438,0
MutexBased,1000,178000,178000,30753,1
MutexBased,1000,178000,158137,28562,0
MutexBased,1100,178000,178000,29056,1
MutexBased,1100,178000,113849,19858,0
MutexBased,1200,178000,178000,31440,1
MutexBased,1200,178000,124868,21596,0
MutexBased,1300,178000,178000,31990,1
MutexBased,1300,178000,159288,27172,0
MutexBased,1400,178000,178000,29741,1
MutexBased,1400,178000,140501,26484,0
MutexBased,1500,178000,178000,33328,1
MutexBased,1500,178000,140752,24397,0
MutexBased,1600,178000,178000,29934,1
MutexBased,1600,178000,155038,26857,0
MutexBased,1700,178000,178000,26161,1
MutexBased,1700,178000,146062,22228,0
MutexBased,1800,178000,178000,32135,1
MutexBased,1800,178000,159281,28406,0
MutexBased,1900,178000,178000,28648,1
MutexBased,1900,178000,152255,24205,0
MutexBased,2000,178000,178000,28200,1
MutexBased,2000,178000,147343,23896,0
MutexBased,100,179000,179000,33167,1
MutexBased,100,179000,100913,19043,0
MutexBased,200,179000,179000,34000,1
MutexBased,200,179000,148839,29303,0
MutexBased,300,179000,179000,31894,1
MutexBased,300,179000,91499,19210,0
MutexBased,400,179000,179000,33781,1
MutexBased,400,179000,118174,24906,0
MutexBased,500,179000,179000,28837,1
MutexBased,500,179000,145502,27365,0
MutexBased,600,179000,179000,31136,1
MutexBased,600,179000,145170,25018,0
MutexBased,700,179000,179000,31484,1
MutexBased,700,179000,151944,27602,0
MutexBased,800,179000,179000,30670,1
MutexBased,800,179000,125287,22531,0
MutexBased,900,179000,179000,27445,1
MutexBased,900,179000,151112,21527,0
MutexBased,1000,179000,179000,30138,1
MutexBased,1000,179000,153506,25937,0
MutexBased,1100,179000,179000,28765,1
MutexBased,1100,179000,137144,25483,0
MutexBased,1200,179000,179000,30203,1
MutexBased,1200,179000,144715,23600,0
MutexBased,1300,179000,179000,29733,1
MutexBased,1300,179000,131509,21411,0
MutexBased,1400,179000,179000,32493,1
MutexBased,1400,179000,118720,21417,0
MutexBased,1500,179000,179000,32743,1
MutexBased,1500,179000,119138,23028,0
MutexBased,1600,179000,179000,30363,1
MutexBased,1600,179000,154234,25805,0
MutexBased,1700,179000,179000,24923,1
MutexBased,1700,179000,162926,21760,0
MutexBased,1800,179000,179000,32874,1
MutexBased,1800,179000,161895,28025,0
MutexBased,1900,179000,179000,29753,1
MutexBased,1900,179000,155569,24094,0
MutexBased,2000,179000,179000,29281,1
MutexBased,2000,179000,172679,27981,0
MutexBased,100,180000,180000,33544,1
MutexBased,100,180000,112956,23235,0
MutexBased,200,180000,180000,36097,1
MutexBased,200,180000,106251,21601,0
MutexBased,300,180000,180000,34037,1
MutexBased,300,180000,89383,17458,0
MutexBased,400,180000,180000,34762,1
MutexBased,400,180000,112553,21823,0
MutexBased,500,180000,180000,26793,1
MutexBased,500,180000,110417,19589,0
MutexBased,600,180000,180000,32921,1
MutexBased,600,180000,111926,29256,0
MutexBased,700,180000,180000,32415,1
MutexBased,700,180000,159478,28233,0
MutexBased,800,180000,180000,32324,1
MutexBased,800,180000,134247,23897,0
MutexBased,900,180000,180000,26696,1
MutexBased,900,180000,126944,18977,0
MutexBased,1000,180000,180000,31549,1
MutexBased,1000,180000,135359,23668,0
MutexBased,1100,180000,180000,34831,1
MutexBased,1100,180000,129123,21587,0
MutexBased,1200,180000,180000,31611,1
MutexBased,1200,180000,118409,20154,0
MutexBased,1300,180000,180000,30032,1
MutexBased,1300,180000,118403,22106,0
MutexBased,1400,180000,180000,32360,1
MutexBased,1400,180000,162414,28011,0
MutexBased,1500,180000,180000,32280,1
MutexBased,1500,180000,123867,23264,0
MutexBased,1600,180000,180000,29297,1
MutexBased,1600,180000,122285,22904,0
MutexBased,1700,180000,180000,23502,1
MutexBased,1700,180000,176551,24537,0
MutexBased,1800,180000,180000,32475,1
MutexBased,1800,180000,107293,20798,0
MutexBased,1900,180000,180000,28301,1
MutexBased,1900,180000,163713,26026,0
MutexBased,2000,180000,180000,30923,1
MutexBased,2000,180000,137135,23145,0
MutexBased,100,181000,181000,35599,1
MutexBased,100,181000,84175,17475,0
MutexBased,200,181000,181000,37723,1
MutexBased,200,181000,143567,28742,0
MutexBased,300,181000,181000,32609,1
MutexBased,300,181000,125787,29850,0
MutexBased,400,181000,181000,34541,1
MutexBased,400,181000,115299,21717,0
MutexBased,500,181000,181000,33272,1
MutexBased,500,181000,147080,25110,0
MutexBased,600,181000,181000,30887,1
MutexBased,600,181000,162177,26959,0
MutexBased,700,181000,181000,32251,1
MutexBased,700,181000,152075,27576,0
MutexBased,800,181000,181000,30731,1
MutexBased,800,181000,43212,13192,0
MutexBased,900,181000,181000,28731,1
MutexBased,900,181000,150570,25250,0
MutexBased,1000,181000,181000,30911,1
MutexBased,1000,181000,141430,23209,0
MutexBased,1100,181000,181000,32459,1
MutexBased,1100,181000,152281,25600,0
MutexBased,1200,181000,181000,31360,1
MutexBased,1200,181000,174398,27826,0
MutexBased,1300,181000,181000,28989,1
MutexBased,1300,181000,134593,20939,0
MutexBased,1400,181000,181000,32197,1
MutexBased,1400,181000,167212,30185,0
MutexBased,1500,181000,181000,32767,1
MutexBased,1500,181000,133459,23963,0
MutexBased,1600,181000,181000,27251,1
MutexBased,1600,181000,129797,23973,0
MutexBased,1700,181000,181000,28128,1
MutexBased,1700,181000,149803,22165,0
MutexBased,1800,181000,181000,30632,1
MutexBased,1800,181000,119248,21673,0
MutexBased,1900,181000,181000,28682,1
MutexBased,1900,181000,116350,19582,0
MutexBased,2000,181000,181000,28909,1
MutexBased,2000,181000,161553,26435,0
MutexBased,100,182000,182000,34683,1
MutexBased,100,182000,123632,25745,0
MutexBased,200,182000,182000,35303,1
MutexBased,200,182000,127804,26669,0
MutexBased,300,182000,182000,36309,1
MutexBased,300,182000,120488,23784,0
MutexBased,400,182000,182000,37263,1
MutexBased,400,182000,142994,27331,0
MutexBased,500,182000,182000,36157,1
MutexBased,500,182000,124133,22924,0
MutexBased,600,182000,182000,31612,1
MutexBased,600,182000,90004,21164,0
MutexBased,700,182000,182000,32654,1
MutexBased,700,182000,128116,22659,0
MutexBased,800,182000,182000,33726,1
MutexBased,800,182000,147306,28125,0
MutexBased,900,182000,182000,34334,1
MutexBased,900,182000,152846,23343,0
MutexBased,1000,182000,182000,36051,1
MutexBased,1000,182000,166593,28871,0
MutexBased,1100,182000,182000,29927,1
MutexBased,1100,182000,105063,19276,0
MutexBased,1200,182000,182000,32177,1
MutexBased,1200,182000,173793,28673,0
MutexBased,1300,182000,182000,28811,1
MutexBased,1300,182000,113033,18098,0
MutexBased,1400,182000,182000,32626,1
MutexBased,1400,182000,160712,27995,0
MutexBased,1500,182000,182000,33926,1
MutexBased,1500,182000,144600,25609,0
MutexBased,1600,182000,182000,31473,1
MutexBased,1600,182000,103899,18943,0
MutexBased,1700,182000,182000,28375,1
MutexBased,1700,182000,151156,22165,0
MutexBased,1800,182000,182000,32327,1
MutexBased,1800,182000,151974,26623,0
MutexBased,1900,182000,182000,34779,1
MutexBased,1900,182000,180914,30244,0
MutexBased,2000,182000,182000,30644,1
MutexBased,2000,182000,149628,25653,0
MutexBased,100,183000,183000,38252,1
MutexBased,100,183000,119727,23690,0
MutexBased,200,183000,183000,35555,1
MutexBased,200,183000,130691,25776,0
MutexBased,300,183000,183000,34015,1
MutexBased,300,183000,143590,27299,0
MutexBased,400,183000,183000,33059,1
MutexBased,400,183000,126288,24199,0
MutexBased,500,183000,183000,33217,1
MutexBased,500,183000,85668,15439,0
MutexBased,600,183000,183000,33253,1
MutexBased,600,183000,156722,27833,0
MutexBased,700,183000,183000,31991,1
MutexBased,700,183000,130518,23190,0
MutexBased,800,183000,183000,32200,1
MutexBased,800,183000,115111,22091,0
MutexBased,900,183000,183000,27097,1
MutexBased,900,183000,133859,20879,0
MutexBased,1000,183000,183000,31382,1
MutexBased,1000,183000,155774,26025,0
MutexBased,1100,183000,183000,30441,1
MutexBased,1100,183000,130926,22861,0
MutexBased,1200,183000,183000,31252,1
MutexBased,1200,183000,164026,27044,0
MutexBased,1300,183000,183000,28546,1
MutexBased,1300,183000,106306,16771,0
MutexBased,1400,183000,183000,31971,1
MutexBased,1400,183000,139713,24781,0
MutexBased,1500,183000,183000,31517,1
MutexBased,1500,183000,135687,24855,0
MutexBased,1600,183000,183000,32045,1
MutexBased,1600,183000,126018,22521,0
MutexBased,1700,183000,183000,26681,1
MutexBased,1700,183000,147458,22208,0
MutexBased,1800,183000,183000,33264,1
MutexBased,1800,183000,159584,28714,0
MutexBased,1900,183000,183000,29243,1
MutexBased,1900,183000,159591,25291,0
MutexBased,2000,183000,183000,31628,1
MutexBased,2000,183000,145610,26990,0
MutexBased,100,184000,184000,41317,1
MutexBased,100,184000,111466,22826,0
MutexBased,200,184000,184000,36006,1
MutexBased,200,184000,138514,27072,0
MutexBased,300,184000,184000,44062,1
MutexBased,300,184000,117225,23106,0
MutexBased,400,184000,184000,36226,1
MutexBased,400,184000,144339,27500,0
MutexBased,500,184000,184000,31256,1
MutexBased,500,184000,132397,21856,0
MutexBased,600,184000,184000,32175,1
MutexBased,600,184000,141392,24423,0
MutexBased,700,184000,184000,33577,1
MutexBased,700,184000,143922,25417,0
MutexBased,800,184000,184000,32429,1
MutexBased,800,184000,165812,28800,0
MutexBased,900,184000,184000,28764,1
MutexBased,900,184000,177602,27426,0
MutexBased,1000,184000,184000,28809,1
MutexBased,1000,184000,143957,24440,0
MutexBased,1100,184000,184000,30510,1
MutexBased,1100,184000,125745,20887,0
MutexBased,1200,184000,184000,32676,1
MutexBased,1200,184000,146369,25939,0
MutexBased,1300,184000,184000,30289,1
MutexBased,1300,184000,175461,27467,0
MutexBased,1400,184000,184000,31697,1
MutexBased,1400,184000,173856,30397,0
MutexBased,1500,184000,184000,32824,1
MutexBased,1500,184000,149191,26485,0
MutexBased,1600,184000,184000,32500,1
MutexBased,1600,184000,129328,22247,0
MutexBased,1700,184000,184000,27432,1
MutexBased,1700,184000,155417,21672,0
MutexBased,1800,184000,184000,32325,1
MutexBased,1800,184000,156227,29095,0
MutexBased,1900,184000,184000,29091,1
MutexBased,1900,184000,148163,24065,0
MutexBased,2000,184000,184000,31222,1
MutexBased,2000,184000,143309,24598,0
MutexBased,100,185000,185000,35903,1
MutexBased,100,185000,91112,18882,0
MutexBased,200,185000,185000,35781,1
MutexBased,200,185000,143007,27769,0
MutexBased,300,185000,185000,34429,1
MutexBased,300,185000,123738,24901,0
MutexBased,400,185000,185000,35217,1
MutexBased,400,185000,149092,27501,0
MutexBased,500,185000,185000,30213,1
MutexBased,500,185000,155321,23491,0
MutexBased,600,185000,185000,35036,1
MutexBased,600,185000,150305,26844,0
MutexBased,700,185000,185000,36239,1
MutexBased,700,185000,57304,12259,0
MutexBased,800,185000,185000,30287,1
MutexBased,800,185000,162248,28006,0
MutexBased,900,185000,185000,28817,1
MutexBased,900,185000,138263,23049,0
MutexBased,1000,185000,185000,31251,1
MutexBased,1000,185000,134690,22285,0
MutexBased,1100,185000,185000,31078,1
MutexBased,1100,185000,141061,24743,0
MutexBased,1200,185000,185000,31113,1
MutexBased,1200,185000,115023,20894,0
MutexBased,1300,185000,185000,28564,1
MutexBased,1300,185000,116791,18503,0
MutexBased,1400,185000,185000,30799,1
MutexBased,1400,185000,161955,28625,0
MutexBased,1500,185000,185000,46181,1
MutexBased,1500,185000,140232,28064,0
MutexBased,1600,185000,185000,32669,1
MutexBased,1600,185000,169698,30589,0
MutexBased,1700,185000,185000,28245,1
MutexBased,1700,185000,131356,22770,0
MutexBased,1800,185000,185000,34719,1
MutexBased,1800,185000,137647,24323,0
MutexBased,1900,185000,185000,28951,1
MutexBased,1900,185000,112550,20856,0
MutexBased,2000,185000,185000,31025,1
MutexBased,2000,185000,134877,22980,0
MutexBased,100,186000,186000,36299,1
MutexBased,100,186000,95892,19318,0
MutexBased,200,186000,186000,35885,1
MutexBased,200,186000,135192,27267,0
MutexBased,300,186000,186000,36403,1
MutexBased,300,186000,142141,26210,0
MutexBased,400,186000,186000,33878,1
MutexBased,400,186000,144722,27541,0
MutexBased,500,186000,186000,29810,1
MutexBased,500,186000,135368,22569,0
MutexBased,600,186000,186000,31721,1
MutexBased,600,186000,137961,23989,0
MutexBased,700,186000,186000,33894,1
MutexBased,700,186000,122288,22890,0
MutexBased,800,186000,186000,34090,1
MutexBased,800,186000,136028,22461,0
MutexBased,900,186000,186000,31956,1
MutexBased,900,186000,138041,22602,0
MutexBased,1000,186000,186000,31959,1
MutexBased,1000,186000,151035,24804,0
MutexBased,1100,186000,186000,30327,1
MutexBased,1100,186000,128564,21128,0
MutexBased,1200,186000,186000,31176,1
MutexBased,1200,186000,149291,26284,0
MutexBased,1300,186000,186000,29275,1
MutexBased,1300,186000,120615,20042,0
MutexBased,1400,186000,186000,34166,1
MutexBased,1400,186000,125543,22419,0
MutexBased,1500,186000,186000,34227,1
MutexBased,1500,186000,145314,25010,0
MutexBased,1600,186000,186000,31779,1
MutexBased,1600,186000,124088,22457,0
MutexBased,1700,186000,186000,27798,1
MutexBased,1700,186000,139449,20110,0
MutexBased,1800,186000,186000,34946,1
MutexBased,1800,186000,141710,27103,0
MutexBased,1900,186000,186000,29083,1
MutexBased,1900,186000,150695,23003,0
MutexBased,2000,186000,186000,30636,1
MutexBased,2000,186000,123786,20929,0
MutexBased,100,187000,187000,40868,1
MutexBased,100,187000,105059,20764,0
MutexBased,200,187000,187000,36953,1
MutexBased,200,187000,129684,25656,0
MutexBased,300,187000,187000,34638,1
MutexBased,300,187000,150635,28012,0
MutexBased,400,187000,187000,36110,1
MutexBased,400,187000,152021,29217,0
MutexBased,500,187000,187000,31057,1
MutexBased,500,187000,149211,24402,0
MutexBased,600,187000,187000,32219,1
MutexBased,600,187000,132124,23056,0
MutexBased,700,187000,187000,35586,1
MutexBased,700,187000,145077,25146,0
MutexBased,800,187000,187000,32112,1
MutexBased,800,187000,80025,15166,0
MutexBased,900,187000,187000,28756,1
MutexBased,900,187000,123667,20327,0
MutexBased,1000,187000,187000,31412,1
MutexBased,1000,187000,146632,25157,0
MutexBased,1100,187000,187000,31345,1
MutexBased,1100,187000,128708,21187,0
MutexBased,1200,187000,187000,31583,1
MutexBased,1200,187000,158614,26851,0
MutexBased,1300,187000,187000,34266,1
MutexBased,1300,187000,112664,21086,0
MutexBased,1400,187000,187000,34055,1
MutexBased,1400,187000,158857,28471,0
MutexBased,1500,187000,187000,33643,1
MutexBased,1500,187000,156770,27299,0
MutexBased,1600,187000,187000,32145,1
MutexBased,1600,187000,117381,20286,0
MutexBased,1700,187000,187000,26702,1
MutexBased,1700,187000,99350,15495,0
MutexBased,1800,187000,187000,33410,1
MutexBased,1800,187000,112984,20659,0
MutexBased,1900,187000,187000,29968,1
MutexBased,1900,187000,102070,18752,0
MutexBased,2000,187000,187000,35374,1
MutexBased,2000,187000,127253,20892,0
MutexBased,100,188000,188000,37583,1
MutexBased,100,188000,78201,16334,0
MutexBased,200,188000,188000,37302,1
MutexBased,200,188000,125886,24417,0
MutexBased,300,188000,188000,34241,1
MutexBased,300,188000,114931,22616,0
MutexBased,400,188000,188000,33878,1
MutexBased,400,188000,136087,25756,0
MutexBased,500,188000,188000,31154,1
MutexBased,500,188000,167581,26281,0
MutexBased,600,188000,188000,32453,1
MutexBased,600,188000,161344,26966,0
MutexBased,700,188000,188000,32826,1
MutexBased,700,188000,156279,28574,0
MutexBased,800,188000,188000,32581,1
MutexBased,800,188000,126550,21243,0
MutexBased,900,188000,188000,27148,1
MutexBased,900,188000,64226,13882,0
MutexBased,1000,188000,188000,34080,1
MutexBased,1000,188000,143822,24195,0
MutexBased,1100,188000,188000,32522,1
MutexBased,1100,188000,149290,24466,0
MutexBased,1200,188000,188000,31065,1
MutexBased,1200,188000,139416,23856,0
MutexBased,1300,188000,188000,28564,1
MutexBased,1300,188000,103222,19466,0
MutexBased,1400,188000,188000,32851,1
MutexBased,1400,188000,131515,26332,0
MutexBased,1500,188000,188000,32156,1
MutexBased,1500,188000,142972,25290,0
MutexBased,1600,188000,188000,32134,1
MutexBased,1600,188000,143939,24624,0
MutexBased,1700,188000,188000,32233,1
MutexBased,1700,188000,163676,24685,0
MutexBased,1800,188000,188000,32560,1
MutexBased,1800,188000,152749,28428,0
MutexBased,1900,188000,188000,29619,1
MutexBased,1900,188000,155003,25812,0
MutexBased,2000,188000,188000,31263,1
MutexBased,2000,188000,124214,21491,0
MutexBased,100,189000,189000,36959,1
MutexBased,100,189000,121643,23831,0
MutexBased,200,189000,189000,36281,1
MutexBased,200,189000,120431,27340,0
MutexBased,300,189000,189000,35749,1
MutexBased,300,189000,82837,18872,0
MutexBased,400,189000,189000,37406,1
MutexBased,400,189000,81517,19287,0
MutexBased,500,189000,189000,36449,1
MutexBased,500,189000,137538,24263,0
MutexBased,600,189000,189000,34241,1
MutexBased,600,189000,138012,24818,0
MutexBased,700,189000,189000,33969,1
MutexBased,700,189000,150380,27362,0
MutexBased,800,189000,189000,34672,1
MutexBased,800,189000,149912,26154,0
MutexBased,900,189000,189000,32421,1
MutexBased,900,189000,131990,21095,0
MutexBased,1000,189000,189000,30865,1
MutexBased,1000,189000,122534,22656,0
MutexBased,1100,189000,189000,30120,1
MutexBased,1100,189000,153977,25475,0
MutexBased,1200,189000,189000,32486,1
MutexBased,1200,189000,132950,22143,0
MutexBased,1300,189000,189000,28091,1
MutexBased,1300,189000,142773,22738,0
MutexBased,1400,189000,189000,33449,1
MutexBased,1400,189000,183548,31466,0
MutexBased,1500,189000,189000,34103,1
MutexBased,1500,189000,155053,27629,0
MutexBased,1600,189000,189000,33586,1
MutexBased,1600,189000,137226,24465,0
MutexBased,1700,189000,189000,27637,1
MutexBased,1700,189000,96988,21252,0
MutexBased,1800,189000,189000,34954,1
MutexBased,1800,189000,136150,24141,0
MutexBased,1900,189000,189000,28844,1
MutexBased,1900,189000,133587,21431,0
MutexBased,2000,189000,189000,32638,1
MutexBased,2000,189000,132694,21684,0
MutexBased,100,190000,190000,40040,1
MutexBased,100,190000,71693,16443,0
MutexBased,200,190000,190000,39204,1
MutexBased,200,190000,148118,27961,0
MutexBased,300,190000,190000,36285,1
MutexBased,300,190000,145637,27894,0
MutexBased,400,190000,190000,33185,1
MutexBased,400,190000,149788,27164,0
MutexBased,500,190000,190000,29200,1
MutexBased,500,190000,127887,20783,0
MutexBased,600,190000,190000,33353,1
MutexBased,600,190000,159077,28326,0
MutexBased,700,190000,190000,33650,1
MutexBased,700,190000,118309,21551,0
MutexBased,800,190000,190000,32339,1
MutexBased,800,190000,135474,23844,0
MutexBased,900,190000,190000,28493,1
MutexBased,900,190000,92008,14569,0
MutexBased,1000,190000,190000,30751,1
MutexBased,1000,190000,154831,26147,0
MutexBased,1100,190000,190000,32799,1
MutexBased,1100,190000,154502,26191,0
MutexBased,1200,190000,190000,32608,1
MutexBased,1200,190000,128183,22413,0
MutexBased,1300,190000,190000,30533,1
MutexBased,1300,190000,147413,23809,0
MutexBased,1400,190000,190000,34567,1
MutexBased,1400,190000,163557,30248,0
MutexBased,1500,190000,190000,34034,1
MutexBased,1500,190000,158894,27397,0
MutexBased,1600,190000,190000,34192,1
MutexBased,1600,190000,173055,29353,0
MutexBased,1700,190000,190000,26481,1
MutexBased,1700,190000,126374,19176,0
MutexBased,1800,190000,190000,34523,1
MutexBased,1800,190000,163876,29103,0
MutexBased,1900,190000,190000,29960,1
MutexBased,1900,190000,146997,23856,0
MutexBased,2000,190000,190000,31741,1
MutexBased,2000,190000,131043,24186,0
MutexBased,100,191000,191000,39279,1
MutexBased,100,191000,103566,19886,0
MutexBased,200,191000,191000,36885,1
MutexBased,200,191000,131181,27455,0
MutexBased,300,191000,191000,36440,1
MutexBased,300,191000,125209,23812,0
MutexBased,400,191000,191000,37805,1
MutexBased,400,191000,139074,28084,0
MutexBased,500,191000,191000,38548,1
MutexBased,500,191000,142213,24260,0
MutexBased,600,191000,191000,35349,1
MutexBased,600,191000,143154,25326,0
MutexBased,700,191000,191000,33018,1
MutexBased,700,191000,155954,27671,0
MutexBased,800,191000,191000,34209,1
MutexBased,800,191000,169165,27778,0
MutexBased,900,191000,191000,31472,1
MutexBased,900,191000,130886,24174,0
MutexBased,1000,191000,191000,32246,1
MutexBased,1000,191000,127928,21854,0
MutexBased,1100,191000,191000,32638,1
MutexBased,1100,191000,169697,29135,0
MutexBased,1200,191000,191000,33176,1
MutexBased,1200,191000,113741,20432,0
MutexBased,1300,191000,191000,39736,1
MutexBased,1300,191000,129165,20944,0
MutexBased,1400,191000,191000,33056,1
MutexBased,1400,191000,147714,26309,0
MutexBased,1500,191000,191000,37221,1
MutexBased,1500,191000,150502,27250,0
MutexBased,1600,191000,191000,34337,1
MutexBased,1600,191000,111591,19606,0
MutexBased,1700,191000,191000,28590,1
MutexBased,1700,191000,142633,20728,0
MutexBased,1800,191000,191000,36075,1
MutexBased,1800,191000,171064,28532,0
MutexBased,1900,191000,191000,30742,1
MutexBased,1900,191000,160160,24873,0
MutexBased,2000,191000,191000,30577,1
MutexBased,2000,191000,114134,19343,0
MutexBased,100,192000,192000,40421,1
MutexBased,100,192000,104967,21215,0
MutexBased,200,192000,192000,38210,1
MutexBased,200,192000,147938,29310,0
MutexBased,300,192000,192000,35677,1
MutexBased,300,192000,119982,24075,0
MutexBased,400,192000,192000,35418,1
MutexBased,400,192000,105964,20021,0
MutexBased,500,192000,192000,30681,1
MutexBased,500,192000,162862,26020,0
MutexBased,600,192000,192000,34831,1
MutexBased,600,192000,161951,26911,0
MutexBased,700,192000,192000,34665,1
MutexBased,700,192000,166700,28787,0
MutexBased,800,192000,192000,32996,1
MutexBased,800,192000,137164,23204,0
MutexBased,900,192000,192000,28625,1
MutexBased,900,192000,153672,22634,0
MutexBased,1000,192000,192000,31743,1
MutexBased,1000,192000,147629,25898,0
MutexBased,1100,192000,192000,31231,1
MutexBased,1100,192000,145882,23892,0
MutexBased,1200,192000,192000,31773,1
MutexBased,1200,192000,136890,23664,0
MutexBased,1300,192000,192000,30725,1
MutexBased,1300,192000,146579,23731,0
MutexBased,1400,192000,192000,34560,1
MutexBased,1400,192000,116573,21334,0
MutexBased,1500,192000,192000,34901,1
MutexBased,1500,192000,162096,29030,0
MutexBased,1600,192000,192000,33693,1
MutexBased,1600,192000,161315,28501,0
MutexBased,1700,192000,192000,29427,1
MutexBased,1700,192000,168983,25403,0
MutexBased,1800,192000,192000,33406,1
MutexBased,1800,192000,177051,30755,0
MutexBased,1900,192000,192000,29567,1
MutexBased,1900,192000,164906,25110,0
MutexBased,2000,192000,192000,32147,1
MutexBased,2000,192000,130786,22515,0
MutexBased,100,193000,193000,39288,1
MutexBased,100,193000,84811,18151,0
MutexBased,200,193000,193000,39313,1
MutexBased,200,193000,149537,30236,0
MutexBased,300,193000,193000,36403,1
MutexBased,300,193000,122916,25026,0
MutexBased,400,193000,193000,35183,1
MutexBased,400,193000,124713,24708,0
MutexBased,500,193000,193000,31850,1
MutexBased,500,193000,158904,27714,0
MutexBased,600,193000,193000,34544,1
MutexBased,600,193000,167013,29480,0
MutexBased,700,193000,193000,34011,1
MutexBased,700,193000,165279,28402,0
MutexBased,800,193000,193000,33386,1
MutexBased,800,193000,135736,23535,0
MutexBased,900,193000,193000,32845,1
MutexBased,900,193000,129738,20319,0
MutexBased,1000,193000,193000,33208,1
MutexBased,1000,193000,162496,27163,0
MutexBased,1100,193000,193000,37969,1
MutexBased,1100,193000,154128,27580,0
MutexBased,1200,193000,193000,33945,1
MutexBased,1200,193000,172354,30307,0
MutexBased,1300,193000,193000,32451,1
MutexBased,1300,193000,104672,16991,0
MutexBased,1400,193000,193000,34401,1
MutexBased,1400,193000,170626,32528,0
MutexBased,1500,193000,193000,34949,1
MutexBased,1500,193000,143584,24830,0
MutexBased,1600,193000,193000,34988,1
MutexBased,1600,193000,136453,23649,0
MutexBased,1700,193000,193000,27434,1
MutexBased,1700,193000,111886,16584,0
MutexBased,1800,193000,193000,35200,1
MutexBased,1800,193000,166787,28925,0
MutexBased,1900,193000,193000,34847,1
MutexBased,1900,193000,174631,27808,0
MutexBased,2000,193000,193000,31689,1
MutexBased,2000,193000,147120,25053,0
MutexBased,100,194000,194000,37140,1
MutexBased,100,194000,128170,25357,0
MutexBased,200,194000,194000,38304,1
MutexBased,200,194000,146905,29583,0
MutexBased,300,194000,194000,37250,1
MutexBased,300,194000,138526,25491,0
MutexBased,400,194000,194000,35314,1
MutexBased,400,194000,177447,29985,0
MutexBased,500,194000,194000,32816,1
MutexBased,500,194000,100353,17395,0
MutexBased,600,194000,194000,32524,1
MutexBased,600,194000,133973,25211,0
MutexBased,700,194000,194000,33872,1
MutexBased,700,194000,140101,24271,0
MutexBased,800,194000,194000,33889,1
MutexBased,800,194000,150044,24478,0
MutexBased,900,194000,194000,31884,1
MutexBased,900,194000,148278,23793,0
MutexBased,1000,194000,194000,33100,1
MutexBased,1000,194000,160368,26671,0
MutexBased,1100,194000,194000,33139,1
MutexBased,1100,194000,176664,28651,0
MutexBased,1200,194000,194000,32423,1
MutexBased,1200,194000,178745,30335,0
MutexBased,1300,194000,194000,33180,1
MutexBased,1300,194000,121488,20084,0
MutexBased,1400,194000,194000,35276,1
MutexBased,1400,194000,159230,28350,0
MutexBased,1500,194000,194000,36809,1
MutexBased,1500,194000,140095,24494,0
MutexBased,1600,194000,194000,32212,1
MutexBased,1600,194000,117476,20901,0
MutexBased,1700,194000,194000,25340,1
MutexBased,1700,194000,115783,16942,0
MutexBased,1800,194000,194000,34609,1
MutexBased,1800,194000,180696,31998,0
MutexBased,1900,194000,194000,31638,1
MutexBased,1900,194000,178235,28459,0
MutexBased,2000,194000,194000,32952,1
MutexBased,2000,194000,150765,25896,0
MutexBased,100,195000,195000,37489,1
MutexBased,100,195000,97034,19103,0
MutexBased,200,195000,195000,39101,1
MutexBased,200,195000,133121,27077,0
MutexBased,300,195000,195000,36370,1
MutexBased,300,195000,108528,20934,0
MutexBased,400,195000,195000,35004,1
MutexBased,400,195000,143834,26229,0
MutexBased,500,195000,195000,33193,1
MutexBased,500,195000,151328,24255,0
MutexBased,600,195000,195000,33846,1
MutexBased,600,195000,153112,28132,0
MutexBased,700,195000,195000,34588,1
MutexBased,700,195000,129198,23702,0
MutexBased,800,195000,195000,39870,1
MutexBased,800,195000,151902,25465,0
MutexBased,900,195000,195000,28868,1
MutexBased,900,195000,159207,24239,0
MutexBased,1000,195000,195000,31724,1
MutexBased,1000,195000,144426,26159,0
MutexBased,1100,195000,195000,31634,1
MutexBased,1100,195000,163423,26658,0
MutexBased,1200,195000,195000,32517,1
MutexBased,1200,195000,167519,26628,0
MutexBased,1300,195000,195000,32052,1
MutexBased,1300,195000,139924,25684,0
MutexBased,1400,195000,195000,34467,1
MutexBased,1400,195000,162249,29019,0
MutexBased,1500,195000,195000,34475,1
MutexBased,1500,195000,170320,29959,0
MutexBased,1600,195000,195000,34445,1
MutexBased,1600,195000,141036,24993,0
MutexBased,1700,195000,195000,27533,1
MutexBased,1700,195000,126709,19162,0
MutexBased,1800,195000,195000,34597,1
MutexBased,1800,195000,145060,25496,0
MutexBased,1900,195000,195000,29993,1
MutexBased,1900,195000,175581,29038,0
MutexBased,2000,195000,195000,32280,1
MutexBased,2000,195000,150156,26319,0
MutexBased,100,196000,196000,40182,1
MutexBased,100,196000,92138,18618,0
MutexBased,200,196000,196000,37890,1
MutexBased,200,196000,133453,27248,0
MutexBased,300,196000,196000,38297,1
MutexBased,300,196000,162258,31900,0
MutexBased,400,196000,196000,36598,1
MutexBased,400,196000,178672,31531,0
MutexBased,500,196000,196000,34119,1
MutexBased,500,196000,150173,25353,0
MutexBased,600,196000,196000,33365,1
MutexBased,600,196000,147171,25433,0
MutexBased,700,196000,196000,34223,1
MutexBased,700,196000,157936,27451,0
MutexBased,800,196000,196000,33555,1
MutexBased,800,196000,164376,34681,0
MutexBased,900,196000,196000,32096,1
MutexBased,900,196000,132375,21473,0
MutexBased,1000,196000,196000,33244,1
MutexBased,1000,196000,136947,24018,0
MutexBased,1100,196000,196000,32703,1
MutexBased,1100,196000,144020,24043,0
MutexBased,1200,196000,196000,33841,1
MutexBased,1200,196000,124034,22484,0
MutexBased,1300,196000,196000,31035,1
MutexBased,1300,196000,102842,17107,0
MutexBased,1400,196000,196000,34177,1
MutexBased,1400,196000,156338,28770,0
MutexBased,1500,196000,196000,34054,1
MutexBased,1500,196000,155512,26434,0
MutexBased,1600,196000,196000,33847,1
MutexBased,1600,196000,150306,25876,0
MutexBased,1700,196000,196000,29302,1
MutexBased,1700,196000,156936,21488,0
MutexBased,1800,196000,196000,35484,1
MutexBased,1800,196000,144886,25399,0
MutexBased,1900,196000,196000,31611,1
MutexBased,1900,196000,187110,29927,0
MutexBased,2000,196000,196000,33594,1
MutexBased,2000,196000,156681,26029,0
MutexBased,100,197000,197000,38394,1
MutexBased,100,197000,105436,22599,0
MutexBased,200,197000,197000,38228,1
MutexBased,200,197000,126354,24927,0
MutexBased,300,197000,197000,38299,1
MutexBased,300,197000,135576,25649,0
MutexBased,400,197000,197000,42384,1
MutexBased,400,197000,139152,28269,0
MutexBased,500,197000,197000,33073,1
MutexBased,500,197000,125329,23234,0
MutexBased,600,197000,197000,32840,1
MutexBased,600,197000,137719,23132,0
MutexBased,700,197000,197000,35377,1
MutexBased,700,197000,157594,28146,0
MutexBased,800,197000,197000,33078,1
MutexBased,800,197000,161211,28239,0
MutexBased,900,197000,197000,28854,1
MutexBased,900,197000,156814,24538,0
MutexBased,1000,197000,197000,33819,1
MutexBased,1000,197000,188208,30855,0
MutexBased,1100,197000,197000,33186,1
MutexBased,1100,197000,194031,31783,0
MutexBased,1200,197000,197000,35379,1
MutexBased,1200,197000,180132,29821,0
MutexBased,1300,197000,197000,30091,1
MutexBased,1300,197000,111304,18208,0
MutexBased,1400,197000,197000,35063,1
MutexBased,1400,197000,185475,32215,0
MutexBased,1500,197000,197000,35410,1
MutexBased,1500,197000,178501,31427,0
MutexBased,1600,197000,197000,34860,1
MutexBased,1600,197000,183078,32696,0
MutexBased,1700,197000,197000,30474,1
MutexBased,1700,197000,175274,24304,0
MutexBased,1800,197000,197000,34919,1
MutexBased,1800,197000,154427,26758,0
MutexBased,1900,197000,197000,31979,1
MutexBased,1900,197000,164247,28831,0
MutexBased,2000,197000,197000,32511,1
MutexBased,2000,197000,142457,23973,0
MutexBased,100,198000,198000,37537,1
MutexBased,100,198000,128869,24440,0
MutexBased,200,198000,198000,39079,1
MutexBased,200,198000,116811,22104,0
MutexBased,300,198000,198000,36317,1
MutexBased,300,198000,148837,29738,0
MutexBased,400,198000,198000,39705,1
MutexBased,400,198000,136908,26132,0
MutexBased,500,198000,198000,34150,1
MutexBased,500,198000,132621,22543,0
MutexBased,600,198000,198000,34727,1
MutexBased,600,198000,136893,23898,0
MutexBased,700,198000,198000,35720,1
MutexBased,700,198000,164884,28316,0
MutexBased,800,198000,198000,34493,1
MutexBased,800,198000,145685,25142,0
MutexBased,900,198000,198000,29175,1
MutexBased,900,198000,129824,18945,0
MutexBased,1000,198000,198000,32210,1
MutexBased,1000,198000,159233,27176,0
MutexBased,1100,198000,198000,32329,1
MutexBased,1100,198000,125559,21038,0
MutexBased,1200,198000,198000,34578,1
MutexBased,1200,198000,169138,28462,0
MutexBased,1300,198000,198000,31327,1
MutexBased,1300,198000,113576,18402,0
MutexBased,1400,198000,198000,35619,1
MutexBased,1400,198000,156558,27336,0
MutexBased,1500,198000,198000,36921,1
MutexBased,1500,198000,165807,29528,0
MutexBased,1600,198000,198000,36260,1
MutexBased,1600,198000,183678,31055,0
MutexBased,1700,198000,198000,28308,1
MutexBased,1700,198000,159786,25197,0
MutexBased,1800,198000,198000,35064,1
MutexBased,1800,198000,175125,30118,0
MutexBased,1900,198000,198000,30974,1
MutexBased,1900,198000,186957,27363,0
MutexBased,2000,198000,198000,35499,1
MutexBased,2000,198000,141154,24304,0
MutexBased,100,199000,199000,39600,1
MutexBased,100,199000,101210,20647,0
MutexBased,200,199000,199000,40089,1
MutexBased,200,199000,129079,26124,0
MutexBased,300,199000,199000,35747,1
MutexBased,300,199000,158645,30063,0
MutexBased,400,199000,199000,35110,1
MutexBased,400,199000,147760,28628,0
MutexBased,500,199000,199000,32719,1
MutexBased,500,199000,115488,20909,0
MutexBased,600,199000,199000,34832,1
MutexBased,600,199000,157639,26958,0
MutexBased,700,199000,199000,34625,1
MutexBased,700,199000,182059,33158,0
MutexBased,800,199000,199000,42372,1
MutexBased,800,199000,134732,23926,0
MutexBased,900,199000,199000,28723,1
MutexBased,900,199000,142972,22606,0
MutexBased,1000,199000,199000,31781,1
MutexBased,1000,199000,172773,28377,0
MutexBased,1100,199000,199000,32525,1
MutexBased,1100,199000,154788,25618,0
MutexBased,1200,199000,199000,35034,1
MutexBased,1200,199000,147373,25126,0
MutexBased,1300,199000,199000,33294,1
MutexBased,1300,199000,129517,22045,0
MutexBased,1400,199000,199000,34867,1
MutexBased,1400,199000,166216,27890,0
MutexBased,1500,199000,199000,35182,1
MutexBased,1500,199000,142942,25714,0
MutexBased,1600,199000,199000,33878,1
MutexBased,1600,199000,162278,28940,0
MutexBased,1700,199000,199000,28977,1
MutexBased,1700,199000,125910,17694,0
MutexBased,1800,199000,199000,35328,1
MutexBased,1800,199000,180073,33145,0
MutexBased,1900,199000,199000,32474,1
MutexBased,1900,199000,154557,26495,0
MutexBased,2000,199000,199000,33601,1
MutexBased,2000,199000,124953,21679,0
MutexBased,100,200000,200000,44920,1
MutexBased,100,200000,127404,25332,0
MutexBased,200,200000,200000,40015,1
MutexBased,200,200000,124528,25058,0
MutexBased,300,200000,200000,38108,1
MutexBased,300,200000,144128,27287,0
MutexBased,400,200000,200000,35207,1
MutexBased,400,200000,153514,29868,0
MutexBased,500,200000,200000,33451,1
MutexBased,500,200000,176706,28944,0
MutexBased,600,200000,200000,32955,1
MutexBased,600,200000,174139,28997,0
MutexBased,700,200000,200000,34909,1
MutexBased,700,200000,109849,20811,0
MutexBased,800,200000,200000,33937,1
MutexBased,800,200000,143504,24895,0
MutexBased,900,200000,200000,32421,1
MutexBased,900,200000,151171,23213,0
MutexBased,1000,200000,200000,34260,1
MutexBased,1000,200000,169124,27956,0
MutexBased,1100,200000,200000,31820,1
MutexBased,1100,200000,179559,30858,0
MutexBased,1200,200000,200000,33647,1
MutexBased,1200,200000,173037,30187,0
MutexBased,1300,200000,200000,31330,1
MutexBased,1300,200000,140522,21685,0
MutexBased,1400,200000,200000,34723,1
MutexBased,1400,200000,192997,33987,0
MutexBased,1500,200000,200000,34648,1
MutexBased,1500,200000,116974,26638,0
MutexBased,1600,200000,200000,33207,1
MutexBased,1600,200000,175517,28939,0
MutexBased,1700,200000,200000,29234,1
MutexBased,1700,200000,146103,23422,0
MutexBased,1800,200000,200000,36851,1
MutexBased,1800,200000,130152,23940,0
MutexBased,1900,200000,200000,31803,1
MutexBased,1900,200000,188861,27953,0
MutexBased,2000,200000,200000,31571,1
MutexBased,2000,200000,181794,29056,0
LockFreeBased,100,1000,1000,311,1
LockFreeBased,100,1000,1000,233,0
LockFreeBased,200,1000,1000,218,1
LockFreeBased,200,1000,199,181,0
LockFreeBased,300,1000,1000,319,1
LockFreeBased,300,1000,1000,322,0
LockFreeBased,400,1000,1000,252,1
LockFreeBased,400,1000,1000,165,0
LockFreeBased,500,1000,1000,126,1
LockFreeBased,500,1000,1000,351,0
LockFreeBased,600,1000,1000,177,1
LockFreeBased,600,1000,599,91,0
LockFreeBased,700,1000,1000,137,1
LockFreeBased,700,1000,989,102,0
LockFreeBased,800,1000,1000,314,1
LockFreeBased,800,1000,799,264,0
LockFreeBased,900,1000,1000,361,1
LockFreeBased,900,1000,1000,250,0
LockFreeBased,1000,1000,1000,119,1
LockFreeBased,1000,1000,999,184,0
LockFreeBased,1100,1000,1000,127,1
LockFreeBased,1100,1000,1000,108,0
LockFreeBased,1200,1000,1000,122,1
LockFreeBased,1200,1000,1000,239,0
LockFreeBased,1300,1000,1000,119,1
LockFreeBased,1300,1000,1000,94,0
LockFreeBased,1400,1000,1000,123,1
LockFreeBased,1400,1000,1000,123,0
LockFreeBased,1500,1000,1000,139,1
LockFreeBased,1500,1000,1000,203,0
LockFreeBased,1600,1000,1000,109,1
LockFreeBased,1600,1000,1000,81,0
LockFreeBased,1700,1000,1000,119,1
LockFreeBased,1700,1000,1000,158,0
LockFreeBased,1800,1000,1000,101,1
LockFreeBased,1800,1000,1000,115,0
LockFreeBased,1900,1000,1000,102,1
LockFreeBased,1900,1000,1000,204,0
LockFreeBased,2000,1000,1000,127,1
LockFreeBased,2000,1000,1000,125,0
LockFreeBased,100,2000,2000,115,1
LockFreeBased,100,2000,2000,307,0
LockFreeBased,200,2000,2000,221,1
LockFreeBased,200,2000,2000,133,0
LockFreeBased,300,2000,2000,102,1
LockFreeBased,300,2000,299,96,0
LockFreeBased,400,2000,2000,119,1
LockFreeBased,400,2000,2000,126,0
LockFreeBased,500,2000,2000,143,1
LockFreeBased,500,2000,2000,141,0
LockFreeBased,600,2000,2000,214,1
LockFreeBased,600,2000,599,137,0
LockFreeBased,700,2000,2000,113,1
LockFreeBased,700,2000,2000,270,0
LockFreeBased,800,2000,2000,114,1
LockFreeBased,800,2000,2000,112,0
LockFreeBased,900,2000,2000,170,1
LockFreeBased,900,2000,2000,107,0
LockFreeBased,1000,2000,2000,155,1
LockFreeBased,1000,2000,2000,99,0
LockFreeBased,1100,2000,2000,121,1
LockFreeBased,1100,2000,2000,293,0
LockFreeBased,1200,2000,2000,145,1
LockFreeBased,1200,2000,2000,122,0
LockFreeBased,1300,2000,2000,112,1
LockFreeBased,1300,2000,2000,145,0
LockFreeBased,1400,2000,2000,107,1
LockFreeBased,1400,2000,1399,114,0
LockFreeBased,1500,2000,2000,294,1
LockFreeBased,1500,2000,1499,166,0
LockFreeBased,1600,2000,2000,223,1
LockFreeBased,1600,2000,2000,179,0
LockFreeBased,1700,2000,2000,218,1
LockFreeBased,1700,2000,1699,112,0
LockFreeBased,1800,2000,2000,155,1
LockFreeBased,1800,2000,1799,150,0
LockFreeBased,1900,2000,2000,92,1
LockFreeBased,1900,2000,2000,139,0
LockFreeBased,2000,2000,2000,172,1
LockFreeBased,2000,2000,1999,131,0
LockFreeBased,100,3000,3000,195,1
LockFreeBased,100,3000,3000,95,0
LockFreeBased,200,3000,3000,307,1
LockFreeBased,200,3000,2953,343,0
LockFreeBased,300,3000,3000,156,1
LockFreeBased,300,3000,299,111,0
LockFreeBased,400,3000,3000,166,1
LockFreeBased,400,3000,3000,142,0
LockFreeBased,500,3000,3000,145,1
LockFreeBased,500,3000,499,74,0
LockFreeBased,600,3000,3000,145,1
LockFreeBased,600,3000,3000,128,0
LockFreeBased,700,3000,3000,190,1
LockFreeBased,700,3000,3000,126,0
LockFreeBased,800,3000,3000,137,1
LockFreeBased,800,3000,3000,96,0
LockFreeBased,900,3000,3000,101,1
LockFreeBased,900,3000,3000,103,0
LockFreeBased,1000,3000,3000,169,1
LockFreeBased,1000,3000,3000,330,0
LockFreeBased,1100,3000,3000,231,1
LockFreeBased,1100,3000,3000,197,0
LockFreeBased,1200,3000,3000,231,1
LockFreeBased,1200,3000,3000,242,0
LockFreeBased,1300,3000,3000,302,1
LockFreeBased,1300,3000,3000,228,0
LockFreeBased,1400,3000,3000,141,1
LockFreeBased,1400,3000,3000,146,0
LockFreeBased,1500,3000,3000,163,1
LockFreeBased,1500,3000,3000,112,0
LockFreeBased,1600,3000,3000,166,1
LockFreeBased,1600,3000,3000,102,0
LockFreeBased,1700,3000,3000,127,1
LockFreeBased,1700,3000,3000,315,0
LockFreeBased,1800,3000,3000,152,1
LockFreeBased,1800,3000,3000,136,0
LockFreeBased,1900,3000,3000,186,1
LockFreeBased,1900,3000,3000,127,0
LockFreeBased,2000,3000,3000,129,1
LockFreeBased,2000,3000,3000,128,0
LockFreeBased,100,4000,4000,125,1
LockFreeBased,100,4000,3884,143,0
LockFreeBased,200,4000,4000,283,1
LockFreeBased,200,4000,4000,146,0
LockFreeBased,300,4000,4000,147,1
LockFreeBased,300,4000,4000,122,0
LockFreeBased,400,4000,4000,129,1
LockFreeBased,400,4000,399,106,0
LockFreeBased,500,4000,4000,114,1
LockFreeBased,500,4000,4000,158,0
LockFreeBased,600,4000,4000,105,1
LockFreeBased,600,4000,4000,244,0
LockFreeBased,700,4000,4000,109,1
LockFreeBased,700,4000,4000,267,0
LockFreeBased,800,4000,4000,275,1
LockFreeBased,800,4000,4000,96,0
LockFreeBased,900,4000,4000,204,1
LockFreeBased,900,4000,4000,111,0
LockFreeBased,1000,4000,4000,224,1
LockFreeBased,1000,4000,3959,108,0
LockFreeBased,1100,4000,4000,105,1
LockFreeBased,1100,4000,4000,228,0
LockFreeBased,1200,4000,4000,92,1
LockFreeBased,1200,4000,2790,115,0
LockFreeBased,1300,4000,4000,299,1
LockFreeBased,1300,4000,1299,116,0
LockFreeBased,1400,4000,4000,257,1
LockFreeBased,1400,4000,4000,113,0
LockFreeBased,1500,4000,4000,136,1
LockFreeBased,1500,4000,4000,110,0
LockFreeBased,1600,4000,4000,162,1
LockFreeBased,1600,4000,4000,144,0
LockFreeBased,1700,4000,4000,249,1
LockFreeBased,1700,4000,1699,149,0
LockFreeBased,1800,4000,4000,226,1
LockFreeBased,1800,4000,4000,179,0
LockFreeBased,1900,4000,4000,128,1
LockFreeBased,1900,4000,1899,218,0
LockFreeBased,2000,4000,4000,507,1
LockFreeBased,2000,4000,4000,157,0
LockFreeBased,100,5000,5000,161,1
LockFreeBased,100,5000,4777,136,0
LockFreeBased,200,5000,5000,178,1
LockFreeBased,200,5000,5000,274,0
LockFreeBased,300,5000,5000,170,1
LockFreeBased,300,5000,5000,180,0
LockFreeBased,400,5000,5000,107,1
LockFreeBased,400,5000,5000,260,0
LockFreeBased,500,5000,5000,154,1
LockFreeBased,500,5000,499,113,0
LockFreeBased,600,5000,5000,137,1
LockFreeBased,600,5000,2696,195,0
LockFreeBased,700,5000,5000,440,1
LockFreeBased,700,5000,4689,161,0
LockFreeBased,800,5000,5000,369,1
LockFreeBased,800,5000,5000,316,0
LockFreeBased,900,5000,5000,428,1
LockFreeBased,900,5000,5000,523,0
LockFreeBased,1000,5000,5000,271,1
LockFreeBased,1000,5000,5000,439,0
LockFreeBased,1100,5000,5000,330,1
LockFreeBased,1100,5000,1099,144,0
LockFreeBased,1200,5000,5000,150,1
LockFreeBased,1200,5000,1199,302,0
LockFreeBased,1300,5000,5000,191,1
LockFreeBased,1300,5000,5000,168,0
LockFreeBased,1400,5000,5000,374,1
LockFreeBased,1400,5000,5000,332,0
LockFreeBased,1500,5000,5000,244,1
LockFreeBased,1500,5000,1499,161,0
LockFreeBased,1600,5000,5000,147,1
LockFreeBased,1600,5000,5000,132,0
LockFreeBased,1700,5000,5000,251,1
LockFreeBased,1700,5000,5000,178,0
LockFreeBased,1800,5000,5000,174,1
LockFreeBased,1800,5000,5000,161,0
LockFreeBased,1900,5000,5000,125,1
LockFreeBased,1900,5000,5000,272,0
LockFreeBased,2000,5000,5000,225,1
LockFreeBased,2000,5000,5000,167,0
LockFreeBased,100,6000,6000,164,1
LockFreeBased,100,6000,99,147,0
LockFreeBased,200,6000,6000,151,1
LockFreeBased,200,6000,5340,154,0
LockFreeBased,300,6000,6000,240,1
LockFreeBased,300,6000,6000,326,0
LockFreeBased,400,6000,6000,263,1
LockFreeBased,400,6000,6000,412,0
LockFreeBased,500,6000,6000,172,1
LockFreeBased,500,6000,1783,121,0
LockFreeBased,600,6000,6000,201,1
LockFreeBased,600,6000,4770,123,0
LockFreeBased,700,6000,6000,393,1
LockFreeBased,700,6000,5823,197,0
LockFreeBased,800,6000,6000,162,1
LockFreeBased,800,6000,799,186,0
LockFreeBased,900,6000,6000,281,1
LockFreeBased,900,6000,6000,318,0
LockFreeBased,1000,6000,6000,194,1
LockFreeBased,1000,6000,6000,201,0
LockFreeBased,1100,6000,6000,200,1
LockFreeBased,1100,6000,6000,146,0
LockFreeBased,1200,6000,6000,294,1
LockFreeBased,1200,6000,6000,170,0
LockFreeBased,1300,6000,6000,279,1
LockFreeBased,1300,6000,5577,184,0
LockFreeBased,1400,6000,6000,147,1
LockFreeBased,1400,6000,6000,113,0
LockFreeBased,1500,6000,6000,138,1
LockFreeBased,1500,6000,1499,130,0
LockFreeBased,1600,6000,6000,108,1
LockFreeBased,1600,6000,6000,148,0
LockFreeBased,1700,6000,6000,127,1
LockFreeBased,1700,6000,6000,163,0
LockFreeBased,1800,6000,6000,276,1
LockFreeBased,1800,6000,5857,137,0
LockFreeBased,1900,6000,6000,204,1
LockFreeBased,1900,6000,6000,620,0
LockFreeBased,2000,6000,6000,390,1
LockFreeBased,2000,6000,6000,190,0
LockFreeBased,100,7000,7000,517,1
LockFreeBased,100,7000,7000,300,0
LockFreeBased,200,7000,7000,195,1
LockFreeBased,200,7000,7000,136,0
LockFreeBased,300,7000,7000,181,1
LockFreeBased,300,7000,299,150,0
LockFreeBased,400,7000,7000,262,1
LockFreeBased,400,7000,2638,114,0
LockFreeBased,500,7000,7000,178,1
LockFreeBased,500,7000,6014,141,0
LockFreeBased,600,7000,7000,323,1
LockFreeBased,600,7000,599,132,0
LockFreeBased,700,7000,7000,166,1
LockFreeBased,700,7000,4560,140,0
LockFreeBased,800,7000,7000,124,1
LockFreeBased,800,7000,5387,288,0
LockFreeBased,900,7000,7000,294,1
LockFreeBased,900,7000,6832,288,0
LockFreeBased,1000,7000,7000,192,1
LockFreeBased,1000,7000,2050,123,0
LockFreeBased,1100,7000,7000,162,1
LockFreeBased,1100,7000,7000,166,0
LockFreeBased,1200,7000,7000,179,1
LockFreeBased,1200,7000,7000,169,0
LockFreeBased,1300,7000,7000,121,1
LockFreeBased,1300,7000,1299,110,0
LockFreeBased,1400,7000,7000,145,1
LockFreeBased,1400,7000,1399,125,0
LockFreeBased,1500,7000,7000,153,1
LockFreeBased,1500,7000,7000,131,0
LockFreeBased,1600,7000,7000,194,1
LockFreeBased,1600,7000,7000,194,0
LockFreeBased,1700,7000,7000,301,1
LockFreeBased,1700,7000,7000,213,0
LockFreeBased,1800,7000,7000,100,1
LockFreeBased,1800,7000,7000,149,0
LockFreeBased,1900,7000,7000,121,1
LockFreeBased,1900,7000,7000,124,0
LockFreeBased,2000,7000,7000,339,1
LockFreeBased,2000,7000,7000,150,0
LockFreeBased,100,8000,8000,139,1
LockFreeBased,100,8000,8000,356,0
LockFreeBased,200,8000,8000,172,1
LockFreeBased,200,8000,320,89,0
LockFreeBased,300,8000,8000,206,1
LockFreeBased,300,8000,299,178,0
LockFreeBased,400,8000,8000,142,1
LockFreeBased,400,8000,399,214,0
LockFreeBased,500,8000,8000,189,1
LockFreeBased,500,8000,8000,163,0
LockFreeBased,600,8000,8000,153,1
LockFreeBased,600,8000,8000,327,0
LockFreeBased,700,8000,8000,101,1
LockFreeBased,700,8000,5039,134,0
LockFreeBased,800,8000,8000,311,1
LockFreeBased,800,8000,8000,266,0
LockFreeBased,900,8000,8000,130,1
LockFreeBased,900,8000,8000,233,0
LockFreeBased,1000,8000,8000,220,1
LockFreeBased,1000,8000,8000,199,0
LockFreeBased,1100,8000,8000,163,1
LockFreeBased,1100,8000,8000,313,0
LockFreeBased,1200,8000,8000,329,1
LockFreeBased,1200,8000,8000,237,0
LockFreeBased,1300,8000,8000,197,1
LockFreeBased,1300,8000,8000,147,0
LockFreeBased,1400,8000,8000,306,1
LockFreeBased,1400,8000,7942,231,0
LockFreeBased,1500,8000,8000,245,1
LockFreeBased,1500,8000,7992,201,0
LockFreeBased,1600,8000,8000,170,1
LockFreeBased,1600,8000,8000,221,0
LockFreeBased,1700,8000,8000,268,1
LockFreeBased,1700,8000,8000,167,0
LockFreeBased,1800,8000,8000,374,1
LockFreeBased,1800,8000,7977,120,0
LockFreeBased,1900,8000,8000,174,1
LockFreeBased,1900,8000,8000,304,0
LockFreeBased,2000,8000,8000,304,1
LockFreeBased,2000,8000,8000,234,0
LockFreeBased,100,9000,9000,278,1
LockFreeBased,100,9000,9000,320,0
LockFreeBased,200,9000,9000,337,1
LockFreeBased,200,9000,8426,337,0
LockFreeBased,300,9000,9000,308,1
LockFreeBased,300,9000,8926,194,0
LockFreeBased,400,9000,9000,131,1
LockFreeBased,400,9000,1718,142,0
LockFreeBased,500,9000,9000,322,1
LockFreeBased,500,9000,9000,215,0
LockFreeBased,600,9000,9000,346,1
LockFreeBased,600,9000,9000,238,0
LockFreeBased,700,9000,9000,151,1
LockFreeBased,700,9000,8727,157,0
LockFreeBased,800,9000,9000,164,1
LockFreeBased,800,9000,9000,207,0
LockFreeBased,900,9000,9000,140,1
LockFreeBased,900,9000,9000,192,0
LockFreeBased,1000,9000,9000,195,1
LockFreeBased,1000,9000,9000,232,0
LockFreeBased,1100,9000,9000,161,1
LockFreeBased,1100,9000,9000,195,0
LockFreeBased,1200,9000,9000,244,1
LockFreeBased,1200,9000,9000,350,0
LockFreeBased,1300,9000,9000,429,1
LockFreeBased,1300,9000,8750,163,0
LockFreeBased,1400,9000,9000,217,1
LockFreeBased,1400,9000,8904,285,0
LockFreeBased,1500,9000,9000,262,1
LockFreeBased,1500,9000,9000,232,0
LockFreeBased,1600,9000,9000,166,1
LockFreeBased,1600,9000,9000,277,0
LockFreeBased,1700,9000,9000,375,1
LockFreeBased,1700,9000,8858,164,0
LockFreeBased,1800,9000,9000,205,1
LockFreeBased,1800,9000,8968,258,0
LockFreeBased,1900,9000,9000,157,1
LockFreeBased,1900,9000,9000,289,0
LockFreeBased,2000,9000,9000,182,1
LockFreeBased,2000,9000,9000,153,0
LockFreeBased,100,10000,10000,324,1
LockFreeBased,100,10000,9592,178,0
LockFreeBased,200,10000,10000,289,1
LockFreeBased,200,10000,199,148,0
LockFreeBased,300,10000,10000,251,1
LockFreeBased,300,10000,9632,176,0
LockFreeBased,400,10000,10000,220,1
LockFreeBased,400,10000,9939,248,0
LockFreeBased,500,10000,10000,603,1
LockFreeBased,500,10000,499,587,0
LockFreeBased,600,10000,10000,481,1
LockFreeBased,600,10000,1046,152,0
LockFreeBased,700,10000,10000,200,1
LockFreeBased,700,10000,7378,162,0
LockFreeBased,800,10000,10000,202,1
LockFreeBased,800,10000,5617,163,0
LockFreeBased,900,10000,10000,183,1
LockFreeBased,900,10000,9737,253,0
LockFreeBased,1000,10000,10000,305,1
LockFreeBased,1000,10000,3477,121,0
LockFreeBased,1100,10000,10000,223,1
LockFreeBased,1100,10000,5156,393,0
LockFreeBased,1200,10000,10000,157,1
LockFreeBased,1200,10000,10000,174,0
LockFreeBased,1300,10000,10000,270,1
LockFreeBased,1300,10000,10000,250,0
LockFreeBased,1400,10000,10000,219,1
LockFreeBased,1400,10000,9903,345,0
LockFreeBased,1500,10000,10000,238,1
LockFreeBased,1500,10000,1499,145,0
LockFreeBased,1600,10000,10000,303,1
LockFreeBased,1600,10000,1599,151,0
LockFreeBased,1700,10000,10000,149,1
LockFreeBased,1700,10000,6905,168,0
LockFreeBased,1800,10000,10000,305,1
LockFreeBased,1800,10000,1799,99,0
LockFreeBased,1900,10000,10000,337,1
LockFreeBased,1900,10000,9947,262,0
LockFreeBased,2000,10000,10000,161,1
LockFreeBased,2000,10000,9885,160,0
LockFreeBased,100,11000,11000,670,1
LockFreeBased,100,11000,242,129,0
LockFreeBased,200,11000,11000,287,1
LockFreeBased,200,11000,199,204,0
LockFreeBased,300,11000,11000,345,1
LockFreeBased,300,11000,10647,316,0
LockFreeBased,400,11000,11000,361,1
LockFreeBased,400,11000,399,167,0
LockFreeBased,500,11000,11000,300,1
LockFreeBased,500,11000,10958,352,0
LockFreeBased,600,11000,11000,387,1
LockFreeBased,600,11000,11000,165,0
LockFreeBased,700,11000,11000,196,1
LockFreeBased,700,11000,10687,313,0
LockFreeBased,800,11000,11000,316,1
LockFreeBased,800,11000,11000,288,0
LockFreeBased,900,11000,11000,193,1
LockFreeBased,900,11000,11000,215,0
LockFreeBased,1000,11000,11000,275,1
LockFreeBased,1000,11000,11000,293,0
LockFreeBased,1100,11000,11000,214,1
LockFreeBased,1100,11000,10710,263,0
LockFreeBased,1200,11000,11000,366,1
LockFreeBased,1200,11000,11000,320,0
LockFreeBased,1300,11000,11000,471,1
LockFreeBased,1300,11000,11000,421,0
LockFreeBased,1400,11000,11000,377,1
LockFreeBased,1400,11000,10826,175,0
LockFreeBased,1500,11000,11000,566,1
LockFreeBased,1500,11000,10836,160,0
LockFreeBased,1600,11000,11000,356,1
LockFreeBased,1600,11000,1599,138,0
LockFreeBased,1700,11000,11000,233,1
LockFreeBased,1700,11000,11000,237,0
LockFreeBased,1800,11000,11000,230,1
LockFreeBased,1800,11000,11000,155,0
LockFreeBased,1900,11000,11000,183,1
LockFreeBased,1900,11000,11000,214,0
LockFreeBased,2000,11000,11000,334,1
LockFreeBased,2000,11000,1999,153,0
LockFreeBased,100,12000,12000,296,1
LockFreeBased,100,12000,12000,336,0
LockFreeBased,200,12000,12000,231,1
LockFreeBased,200,12000,11991,158,0
LockFreeBased,300,12000,12000,193,1
LockFreeBased,300,12000,12000,286,0
LockFreeBased,400,12000,12000,344,1
LockFreeBased,400,12000,12000,381,0
LockFreeBased,500,12000,12000,210,1
LockFreeBased,500,12000,12000,216,0
LockFreeBased,600,12000,12000,272,1
LockFreeBased,600,12000,11949,364,0
LockFreeBased,700,12000,12000,287,1
LockFreeBased,700,12000,11614,311,0
LockFreeBased,800,12000,12000,244,1
LockFreeBased,800,12000,12000,306,0
LockFreeBased,900,12000,12000,154,1
LockFreeBased,900,12000,6567,121,0
LockFreeBased,1000,12000,12000,225,1
LockFreeBased,1000,12000,4806,99,0
LockFreeBased,1100,12000,12000,265,1
LockFreeBased,1100,12000,12000,246,0
LockFreeBased,1200,12000,12000,469,1
LockFreeBased,1200,12000,12000,234,0
LockFreeBased,1300,12000,12000,297,1
LockFreeBased,1300,12000,6527,151,0
LockFreeBased,1400,12000,12000,316,1
LockFreeBased,1400,12000,1399,117,0
LockFreeBased,1500,12000,12000,186,1
LockFreeBased,1500,12000,3211,100,0
LockFreeBased,1600,12000,12000,208,1
LockFreeBased,1600,12000,1599,183,0
LockFreeBased,1700,12000,12000,210,1
LockFreeBased,1700,12000,12000,288,0
LockFreeBased,1800,12000,12000,319,1
LockFreeBased,1800,12000,12000,270,0
LockFreeBased,1900,12000,12000,206,1
LockFreeBased,1900,12000,11869,213,0
LockFreeBased,2000,12000,12000,181,1
LockFreeBased,2000,12000,12000,467,0
LockFreeBased,100,13000,13000,403,1
LockFreeBased,100,13000,12880,719,0
LockFreeBased,200,13000,13000,252,1
LockFreeBased,200,13000,13000,446,0
LockFreeBased,300,13000,13000,324,1
LockFreeBased,300,13000,13000,332,0
LockFreeBased,400,13000,13000,343,1
LockFreeBased,400,13000,10310,176,0
LockFreeBased,500,13000,13000,313,1
LockFreeBased,500,13000,13000,288,0
LockFreeBased,600,13000,13000,251,1
LockFreeBased,600,13000,599,149,0
LockFreeBased,700,13000,13000,188,1
LockFreeBased,700,13000,4419,160,0
LockFreeBased,800,13000,13000,208,1
LockFreeBased,800,13000,11532,179,0
LockFreeBased,900,13000,13000,209,1
LockFreeBased,900,13000,899,108,0
LockFreeBased,1000,13000,13000,161,1
LockFreeBased,1000,13000,13000,268,0
LockFreeBased,1100,13000,13000,359,1
LockFreeBased,1100,13000,13000,307,0
LockFreeBased,1200,13000,13000,177,1
LockFreeBased,1200,13000,8322,167,0
LockFreeBased,1300,13000,13000,349,1
LockFreeBased,1300,13000,13000,406,0
LockFreeBased,1400,13000,13000,208,1
LockFreeBased,1400,13000,13000,336,0
LockFreeBased,1500,13000,13000,215,1
LockFreeBased,1500,13000,8112,170,0
LockFreeBased,1600,13000,13000,277,1
LockFreeBased,1600,13000,13000,302,0
LockFreeBased,1700,13000,13000,269,1
LockFreeBased,1700,13000,12801,344,0
LockFreeBased,1800,13000,13000,319,1
LockFreeBased,1800,13000,13000,177,0
LockFreeBased,1900,13000,13000,401,1
LockFreeBased,1900,13000,12812,336,0
LockFreeBased,2000,13000,13000,404,1
LockFreeBased,2000,13000,1999,193,0
LockFreeBased,100,14000,14000,207,1
LockFreeBased,100,14000,99,173,0
LockFreeBased,200,14000,14000,296,1
LockFreeBased,200,14000,13518,309,0
LockFreeBased,300,14000,14000,331,1
LockFreeBased,300,14000,14000,197,0
LockFreeBased,400,14000,14000,312,1
LockFreeBased,400,14000,13528,276,0
LockFreeBased,500,14000,14000,293,1
LockFreeBased,500,14000,14000,346,0
LockFreeBased,600,14000,14000,247,1
LockFreeBased,600,14000,1735,243,0
LockFreeBased,700,14000,14000,215,1
LockFreeBased,700,14000,710,241,0
LockFreeBased,800,14000,14000,159,1
LockFreeBased,800,14000,799,154,0
LockFreeBased,900,14000,14000,330,1
LockFreeBased,900,14000,899,185,0
LockFreeBased,1000,14000,14000,573,1
LockFreeBased,1000,14000,3221,275,0
LockFreeBased,1100,14000,14000,302,1
LockFreeBased,1100,14000,14000,298,0
LockFreeBased,1200,14000,14000,159,1
LockFreeBased,1200,14000,14000,284,0
LockFreeBased,1300,14000,14000,249,1
LockFreeBased,1300,14000,14000,310,0
LockFreeBased,1400,14000,14000,361,1
LockFreeBased,1400,14000,14000,253,0
LockFreeBased,1500,14000,14000,256,1
LockFreeBased,1500,14000,14000,219,0
LockFreeBased,1600,14000,14000,206,1
LockFreeBased,1600,14000,13648,236,0
LockFreeBased,1700,14000,14000,291,1
LockFreeBased,1700,14000,14000,199,0
LockFreeBased,1800,14000,14000,246,1
LockFreeBased,1800,14000,1799,128,0
LockFreeBased,1900,14000,14000,225,1
LockFreeBased,1900,14000,14000,324,0
LockFreeBased,2000,14000,14000,159,1
LockFreeBased,2000,14000,14000,310,0
LockFreeBased,100,15000,15000,175,1
LockFreeBased,100,15000,15000,326,0
LockFreeBased,200,15000,15000,282,1
LockFreeBased,200,15000,14622,313,0
LockFreeBased,300,15000,15000,235,1
LockFreeBased,300,15000,14506,192,0
LockFreeBased,400,15000,15000,203,1
LockFreeBased,400,15000,15000,257,0
LockFreeBased,500,15000,15000,354,1
LockFreeBased,500,15000,15000,238,0
LockFreeBased,600,15000,15000,277,1
LockFreeBased,600,15000,15000,302,0
LockFreeBased,700,15000,15000,186,1
LockFreeBased,700,15000,15000,187,0
LockFreeBased,800,15000,15000,178,1
LockFreeBased,800,15000,14984,400,0
LockFreeBased,900,15000,15000,270,1
LockFreeBased,900,15000,15000,334,0
LockFreeBased,1000,15000,15000,185,1
LockFreeBased,1000,15000,15000,267,0
LockFreeBased,1100,15000,15000,194,1
LockFreeBased,1100,15000,14308,190,0
LockFreeBased,1200,15000,15000,229,1
LockFreeBased,1200,15000,15000,302,0
LockFreeBased,1300,15000,15000,322,1
LockFreeBased,1300,15000,15000,239,0
LockFreeBased,1400,15000,15000,192,1
LockFreeBased,1400,15000,2854,316,0
LockFreeBased,1500,15000,15000,392,1
LockFreeBased,1500,15000,7341,553,0
LockFreeBased,1600,15000,15000,279,1
LockFreeBased,1600,15000,15000,223,0
LockFreeBased,1700,15000,15000,197,1
LockFreeBased,1700,15000,1699,168,0
LockFreeBased,1800,15000,15000,275,1
LockFreeBased,1800,15000,15000,310,0
LockFreeBased,1900,15000,15000,296,1
LockFreeBased,1900,15000,14807,192,0
LockFreeBased,2000,15000,15000,252,1
LockFreeBased,2000,15000,14927,186,0
LockFreeBased,100,16000,16000,257,1
LockFreeBased,100,16000,15422,285,0
LockFreeBased,200,16000,16000,210,1
LockFreeBased,200,16000,16000,183,0
LockFreeBased,300,16000,16000,279,1
LockFreeBased,300,16000,15422,328,0
LockFreeBased,400,16000,16000,249,1
LockFreeBased,400,16000,16000,278,0
LockFreeBased,500,16000,16000,292,1
LockFreeBased,500,16000,15591,209,0
LockFreeBased,600,16000,16000,192,1
LockFreeBased,600,16000,16000,198,0
LockFreeBased,700,16000,16000,383,1
LockFreeBased,700,16000,16000,383,0
LockFreeBased,800,16000,16000,321,1
LockFreeBased,800,16000,799,192,0
LockFreeBased,900,16000,16000,627,1
LockFreeBased,900,16000,16000,352,0
LockFreeBased,1000,16000,16000,306,1
LockFreeBased,1000,16000,16000,281,0
LockFreeBased,1100,16000,16000,225,1
LockFreeBased,1100,16000,15553,330,0
LockFreeBased,1200,16000,16000,256,1
LockFreeBased,1200,16000,1199,134,0
LockFreeBased,1300,16000,16000,265,1
LockFreeBased,1300,16000,16000,253,0
LockFreeBased,1400,16000,16000,256,1
LockFreeBased,1400,16000,13021,235,0
LockFreeBased,1500,16000,16000,200,1
LockFreeBased,1500,16000,1499,175,0
LockFreeBased,1600,16000,16000,239,1
LockFreeBased,1600,16000,1599,137,0
LockFreeBased,1700,16000,16000,370,1
LockFreeBased,1700,16000,15997,182,0
LockFreeBased,1800,16000,16000,173,1
LockFreeBased,1800,16000,16000,338,0
LockFreeBased,1900,16000,16000,297,1
LockFreeBased,1900,16000,16000,230,0
LockFreeBased,2000,16000,16000,352,1
LockFreeBased,2000,16000,16000,235,0
LockFreeBased,100,17000,17000,326,1
LockFreeBased,100,17000,17000,416,0
LockFreeBased,200,17000,17000,382,1
LockFreeBased,200,17000,1872,227,0
LockFreeBased,300,17000,17000,278,1
LockFreeBased,300,17000,17000,236,0
LockFreeBased,400,17000,17000,386,1
LockFreeBased,400,17000,17000,281,0
LockFreeBased,500,17000,17000,201,1
LockFreeBased,500,17000,17000,242,0
LockFreeBased,600,17000,17000,325,1
LockFreeBased,600,17000,16957,269,0
LockFreeBased,700,17000,17000,245,1
LockFreeBased,700,17000,17000,308,0
LockFreeBased,800,17000,17000,211,1
LockFreeBased,800,17000,16559,218,0
LockFreeBased,900,17000,17000,245,1
LockFreeBased,900,17000,2481,233,0
LockFreeBased,1000,17000,17000,322,1
LockFreeBased,1000,17000,4728,127,0
LockFreeBased,1100,17000,17000,192,1
LockFreeBased,1100,17000,16549,282,0
LockFreeBased,1200,17000,17000,235,1
LockFreeBased,1200,17000,17000,356,0
LockFreeBased,1300,17000,17000,305,1
LockFreeBased,1300,17000,6024,179,0
LockFreeBased,1400,17000,17000,346,1
LockFreeBased,1400,17000,16579,335,0
LockFreeBased,1500,17000,17000,263,1
LockFreeBased,1500,17000,16978,247,0
LockFreeBased,1600,17000,17000,298,1
LockFreeBased,1600,17000,4697,138,0
LockFreeBased,1700,17000,17000,315,1
LockFreeBased,1700,17000,17000,340,0
LockFreeBased,1800,17000,17000,246,1
LockFreeBased,1800,17000,17000,212,0
LockFreeBased,1900,17000,17000,186,1
LockFreeBased,1900,17000,3605,145,0
LockFreeBased,2000,17000,17000,293,1
LockFreeBased,2000,17000,17000,378,0
LockFreeBased,100,18000,18000,343,1
LockFreeBased,100,18000,99,177,0
LockFreeBased,200,18000,18000,279,1
LockFreeBased,200,18000,17323,281,0
LockFreeBased,300,18000,18000,273,1
LockFreeBased,300,18000,18000,285,0
LockFreeBased,400,18000,18000,242,1
LockFreeBased,400,18000,18000,346,0
LockFreeBased,500,18000,18000,278,1
LockFreeBased,500,18000,17602,232,0
LockFreeBased,600,18000,18000,206,1
LockFreeBased,600,18000,17374,346,0
LockFreeBased,700,18000,18000,314,1
LockFreeBased,700,18000,1297,103,0
LockFreeBased,800,18000,18000,216,1
LockFreeBased,800,18000,18000,295,0
LockFreeBased,900,18000,18000,261,1
LockFreeBased,900,18000,18000,302,0
LockFreeBased,1000,18000,18000,300,1
LockFreeBased,1000,18000,12374,405,0
LockFreeBased,1100,18000,18000,383,1
LockFreeBased,1100,18000,18000,366,0
LockFreeBased,1200,18000,18000,337,1
LockFreeBased,1200,18000,17442,283,0
LockFreeBased,1300,18000,18000,243,1
LockFreeBased,1300,18000,3167,139,0
LockFreeBased,1400,18000,18000,210,1
LockFreeBased,1400,18000,17494,271,0
LockFreeBased,1500,18000,18000,353,1
LockFreeBased,1500,18000,18000,323,0
LockFreeBased,1600,18000,18000,217,1
LockFreeBased,1600,18000,17971,330,0
LockFreeBased,1700,18000,18000,280,1
LockFreeBased,1700,18000,4891,228,0
LockFreeBased,1800,18000,18000,287,1
LockFreeBased,1800,18000,5541,219,0
LockFreeBased,1900,18000,18000,400,1
LockFreeBased,1900,18000,1899,188,0
LockFreeBased,2000,18000,18000,213,1
LockFreeBased,2000,18000,17562,373,0
LockFreeBased,100,19000,19000,368,1
LockFreeBased,100,19000,19000,204,0
LockFreeBased,200,19000,19000,293,1
LockFreeBased,200,19000,18197,350,0
LockFreeBased,300,19000,19000,329,1
LockFreeBased,300,19000,19000,294,0
LockFreeBased,400,19000,19000,232,1
LockFreeBased,400,19000,5284,249,0
LockFreeBased,500,19000,19000,301,1
LockFreeBased,500,19000,19000,174,0
LockFreeBased,600,19000,19000,288,1
LockFreeBased,600,19000,19000,246,0
LockFreeBased,700,19000,19000,274,1
LockFreeBased,700,19000,19000,328,0
LockFreeBased,800,19000,19000,270,1
LockFreeBased,800,19000,19000,276,0
LockFreeBased,900,19000,19000,303,1
LockFreeBased,900,19000,19000,345,0
LockFreeBased,1000,19000,19000,204,1
LockFreeBased,1000,19000,19000,263,0
LockFreeBased,1100,19000,19000,275,1
LockFreeBased,1100,19000,19000,415,0
LockFreeBased,1200,19000,19000,770,1
LockFreeBased,1200,19000,18998,326,0
LockFreeBased,1300,19000,19000,394,1
LockFreeBased,1300,19000,1299,228,0
LockFreeBased,1400,19000,19000,649,1
LockFreeBased,1400,19000,17660,292,0
LockFreeBased,1500,19000,19000,315,1
LockFreeBased,1500,19000,19000,261,0
LockFreeBased,1600,19000,19000,362,1
LockFreeBased,1600,19000,19000,596,0
LockFreeBased,1700,19000,19000,302,1
LockFreeBased,1700,19000,18463,319,0
LockFreeBased,1800,19000,19000,263,1
LockFreeBased,1800,19000,18632,264,0
LockFreeBased,1900,19000,19000,258,1
LockFreeBased,1900,19000,19000,302,0
LockFreeBased,2000,19000,19000,231,1
LockFreeBased,2000,19000,19000,225,0
LockFreeBased,100,20000,20000,296,1
LockFreeBased,100,20000,20000,298,0
LockFreeBased,200,20000,20000,316,1
LockFreeBased,200,20000,20000,241,0
LockFreeBased,300,20000,20000,302,1
LockFreeBased,300,20000,19486,280,0
LockFreeBased,400,20000,20000,333,1
LockFreeBased,400,20000,20000,261,0
LockFreeBased,500,20000,20000,287,1
LockFreeBased,500,20000,20000,274,0
LockFreeBased,600,20000,20000,267,1
LockFreeBased,600,20000,18460,279,0
LockFreeBased,700,20000,20000,305,1
LockFreeBased,700,20000,20000,307,0
LockFreeBased,800,20000,20000,382,1
LockFreeBased,800,20000,19496,310,0
LockFreeBased,900,20000,20000,279,1
LockFreeBased,900,20000,20000,295,0
LockFreeBased,1000,20000,20000,281,1
LockFreeBased,1000,20000,20000,352,0
LockFreeBased,1100,20000,20000,222,1
LockFreeBased,1100,20000,20000,328,0
LockFreeBased,1200,20000,20000,241,1
LockFreeBased,1200,20000,19428,263,0
LockFreeBased,1300,20000,20000,267,1
LockFreeBased,1300,20000,20000,220,0
LockFreeBased,1400,20000,20000,313,1
LockFreeBased,1400,20000,20000,344,0
LockFreeBased,1500,20000,20000,285,1
LockFreeBased,1500,20000,19063,281,0
LockFreeBased,1600,20000,20000,309,1
LockFreeBased,1600,20000,1599,150,0
LockFreeBased,1700,20000,20000,245,1
LockFreeBased,1700,20000,19366,263,0
LockFreeBased,1800,20000,20000,200,1
LockFreeBased,1800,20000,19683,293,0
LockFreeBased,1900,20000,20000,448,1
LockFreeBased,1900,20000,19894,296,0
LockFreeBased,2000,20000,20000,458,1
LockFreeBased,2000,20000,12068,261,0
LockFreeBased,100,21000,21000,318,1
LockFreeBased,100,21000,20168,215,0
LockFreeBased,200,21000,21000,404,1
LockFreeBased,200,21000,7185,159,0
LockFreeBased,300,21000,21000,306,1
LockFreeBased,300,21000,299,141,0
LockFreeBased,400,21000,21000,313,1
LockFreeBased,400,21000,4168,147,0
LockFreeBased,500,21000,21000,251,1
LockFreeBased,500,21000,17137,239,0
LockFreeBased,600,21000,21000,286,1
LockFreeBased,600,21000,21000,310,0
LockFreeBased,700,21000,21000,232,1
LockFreeBased,700,21000,1199,146,0
LockFreeBased,800,21000,21000,263,1
LockFreeBased,800,21000,21000,223,0
LockFreeBased,900,21000,21000,342,1
LockFreeBased,900,21000,7284,156,0
LockFreeBased,1000,21000,21000,238,1
LockFreeBased,1000,21000,20538,246,0
LockFreeBased,1100,21000,21000,323,1
LockFreeBased,1100,21000,21000,344,0
LockFreeBased,1200,21000,21000,235,1
LockFreeBased,1200,21000,21000,274,0
LockFreeBased,1300,21000,21000,284,1
LockFreeBased,1300,21000,21000,223,0
LockFreeBased,1400,21000,21000,348,1
LockFreeBased,1400,21000,2629,131,0
LockFreeBased,1500,21000,21000,238,1
LockFreeBased,1500,21000,21000,368,0
LockFreeBased,1600,21000,21000,269,1
LockFreeBased,1600,21000,20399,284,0
LockFreeBased,1700,21000,21000,246,1
LockFreeBased,1700,21000,21000,353,0
LockFreeBased,1800,21000,21000,288,1
LockFreeBased,1800,21000,18784,259,0
LockFreeBased,1900,21000,21000,221,1
LockFreeBased,1900,21000,21000,374,0
LockFreeBased,2000,21000,21000,276,1
LockFreeBased,2000,21000,21000,347,0
LockFreeBased,100,22000,22000,258,1
LockFreeBased,100,22000,21989,354,0
LockFreeBased,200,22000,22000,281,1
LockFreeBased,200,22000,199,133,0
LockFreeBased,300,22000,22000,280,1
LockFreeBased,300,22000,20956,222,0
LockFreeBased,400,22000,22000,287,1
LockFreeBased,400,22000,21292,254,0
LockFreeBased,500,22000,22000,260,1
LockFreeBased,500,22000,22000,264,0
LockFreeBased,600,22000,22000,232,1
LockFreeBased,600,22000,13199,276,0
LockFreeBased,700,22000,22000,518,1
LockFreeBased,700,22000,21287,357,0
LockFreeBased,800,22000,22000,426,1
LockFreeBased,800,22000,3726,190,0
LockFreeBased,900,22000,22000,331,1
LockFreeBased,900,22000,21242,253,0
LockFreeBased,1000,22000,22000,506,1
LockFreeBased,1000,22000,3858,160,0
LockFreeBased,1100,22000,22000,343,1
LockFreeBased,1100,22000,22000,296,0
LockFreeBased,1200,22000,22000,314,1
LockFreeBased,1200,22000,22000,372,0
LockFreeBased,1300,22000,22000,296,1
LockFreeBased,1300,22000,2505,132,0
LockFreeBased,1400,22000,22000,320,1
LockFreeBased,1400,22000,21292,334,0
LockFreeBased,1500,22000,22000,263,1
LockFreeBased,1500,22000,5300,279,0
LockFreeBased,1600,22000,22000,339,1
LockFreeBased,1600,22000,22000,365,0
LockFreeBased,1700,22000,22000,289,1
LockFreeBased,1700,22000,22000,359,0
LockFreeBased,1800,22000,22000,333,1
LockFreeBased,1800,22000,22000,346,0
LockFreeBased,1900,22000,22000,375,1
LockFreeBased,1900,22000,20444,318,0
LockFreeBased,2000,22000,22000,333,1
LockFreeBased,2000,22000,17452,339,0
LockFreeBased,100,23000,23000,221,1
LockFreeBased,100,23000,23000,293,0
LockFreeBased,200,23000,23000,347,1
LockFreeBased,200,23000,22855,293,0
LockFreeBased,300,23000,23000,353,1
LockFreeBased,300,23000,22931,354,0
LockFreeBased,400,23000,23000,383,1
LockFreeBased,400,23000,16937,264,0
LockFreeBased,500,23000,23000,266,1
LockFreeBased,500,23000,16167,245,0
LockFreeBased,600,23000,23000,320,1
LockFreeBased,600,23000,12012,277,0
LockFreeBased,700,23000,23000,357,1
LockFreeBased,700,23000,3914,154,0
LockFreeBased,800,23000,23000,347,1
LockFreeBased,800,23000,23000,370,0
LockFreeBased,900,23000,23000,324,1
LockFreeBased,900,23000,23000,380,0
LockFreeBased,1000,23000,23000,265,1
LockFreeBased,1000,23000,23000,306,0
LockFreeBased,1100,23000,23000,341,1
LockFreeBased,1100,23000,3989,183,0
LockFreeBased,1200,23000,23000,766,1
LockFreeBased,1200,23000,23000,450,0
LockFreeBased,1300,23000,23000,407,1
LockFreeBased,1300,23000,1568,175,0
LockFreeBased,1400,23000,23000,333,1
LockFreeBased,1400,23000,8900,255,0
LockFreeBased,1500,23000,23000,276,1
LockFreeBased,1500,23000,22487,326,0
LockFreeBased,1600,23000,23000,265,1
LockFreeBased,1600,23000,23000,306,0
LockFreeBased,1700,23000,23000,340,1
LockFreeBased,1700,23000,22421,278,0
LockFreeBased,1800,23000,23000,325,1
LockFreeBased,1800,23000,22746,244,0
LockFreeBased,1900,23000,23000,306,1
LockFreeBased,1900,23000,23000,298,0
LockFreeBased,2000,23000,23000,329,1
LockFreeBased,2000,23000,23000,387,0
LockFreeBased,100,24000,24000,295,1
LockFreeBased,100,24000,24000,323,0
LockFreeBased,200,24000,24000,350,1
LockFreeBased,200,24000,4005,387,0
LockFreeBased,300,24000,24000,264,1
LockFreeBased,300,24000,23923,382,0
LockFreeBased,400,24000,24000,337,1
LockFreeBased,400,24000,4520,156,0
LockFreeBased,500,24000,24000,272,1
LockFreeBased,500,24000,499,115,0
LockFreeBased,600,24000,24000,257,1
LockFreeBased,600,24000,24000,336,0
LockFreeBased,700,24000,24000,255,1
LockFreeBased,700,24000,730,137,0
LockFreeBased,800,24000,24000,248,1
LockFreeBased,800,24000,6562,154,0
LockFreeBased,900,24000,24000,351,1
LockFreeBased,900,24000,24000,334,0
LockFreeBased,1000,24000,24000,353,1
LockFreeBased,1000,24000,2574,146,0
LockFreeBased,1100,24000,24000,309,1
LockFreeBased,1100,24000,24000,374,0
LockFreeBased,1200,24000,24000,369,1
LockFreeBased,1200,24000,24000,315,0
LockFreeBased,1300,24000,24000,369,1
LockFreeBased,1300,24000,24000,351,0
LockFreeBased,1400,24000,24000,462,1
LockFreeBased,1400,24000,24000,385,0
LockFreeBased,1500,24000,24000,351,1
LockFreeBased,1500,24000,23472,267,0
LockFreeBased,1600,24000,24000,415,1
LockFreeBased,1600,24000,24000,488,0
LockFreeBased,1700,24000,24000,422,1
LockFreeBased,1700,24000,23984,357,0
LockFreeBased,1800,24000,24000,362,1
LockFreeBased,1800,24000,13903,261,0
LockFreeBased,1900,24000,24000,318,1
LockFreeBased,1900,24000,24000,306,0
LockFreeBased,2000,24000,24000,385,1
LockFreeBased,2000,24000,23331,271,0
LockFreeBased,100,25000,25000,384,1
LockFreeBased,100,25000,25000,258,0
LockFreeBased,200,25000,25000,292,1
LockFreeBased,200,25000,25000,330,0
LockFreeBased,300,25000,25000,373,1
LockFreeBased,300,25000,25000,355,0
LockFreeBased,400,25000,25000,421,1
LockFreeBased,400,25000,25000,361,0
LockFreeBased,500,25000,25000,269,1
LockFreeBased,500,25000,24287,295,0
LockFreeBased,600,25000,25000,288,1
LockFreeBased,600,25000,17390,258,0
LockFreeBased,700,25000,25000,335,1
LockFreeBased,700,25000,6235,146,0
LockFreeBased,800,25000,25000,315,1
LockFreeBased,800,25000,25000,397,0
LockFreeBased,900,25000,25000,348,1
LockFreeBased,900,25000,6188,166,0
LockFreeBased,1000,25000,25000,348,1
LockFreeBased,1000,25000,25000,292,0
LockFreeBased,1100,25000,25000,270,1
LockFreeBased,1100,25000,25000,287,0
LockFreeBased,1200,25000,25000,265,1
LockFreeBased,1200,25000,18003,219,0
LockFreeBased,1300,25000,25000,358,1
LockFreeBased,1300,25000,24781,334,0
LockFreeBased,1400,25000,25000,345,1
LockFreeBased,1400,25000,24205,306,0
LockFreeBased,1500,25000,25000,446,1
LockFreeBased,1500,25000,17675,219,0
LockFreeBased,1600,25000,25000,302,1
LockFreeBased,1600,25000,24234,297,0
LockFreeBased,1700,25000,25000,387,1
LockFreeBased,1700,25000,12661,192,0
LockFreeBased,1800,25000,25000,370,1
LockFreeBased,1800,25000,16048,218,0
LockFreeBased,1900,25000,25000,356,1
LockFreeBased,1900,25000,24766,342,0
LockFreeBased,2000,25000,25000,261,1
LockFreeBased,2000,25000,1999,276,0
LockFreeBased,100,26000,26000,507,1
LockFreeBased,100,26000,7601,238,0
LockFreeBased,200,26000,26000,453,1
LockFreeBased,200,26000,24848,385,0
LockFreeBased,300,26000,26000,322,1
LockFreeBased,300,26000,26000,421,0
LockFreeBased,400,26000,26000,333,1
LockFreeBased,400,26000,26000,354,0
LockFreeBased,500,26000,26000,427,1
LockFreeBased,500,26000,25048,391,0
LockFreeBased,600,26000,26000,367,1
LockFreeBased,600,26000,17231,267,0
LockFreeBased,700,26000,26000,346,1
LockFreeBased,700,26000,12060,252,0
LockFreeBased,800,26000,26000,259,1
LockFreeBased,800,26000,24481,330,0
LockFreeBased,900,26000,26000,294,1
LockFreeBased,900,26000,25073,348,0
LockFreeBased,1000,26000,26000,325,1
LockFreeBased,1000,26000,7364,262,0
LockFreeBased,1100,26000,26000,895,1
LockFreeBased,1100,26000,26000,390,0
LockFreeBased,1200,26000,26000,294,1
LockFreeBased,1200,26000,25050,267,0
LockFreeBased,1300,26000,26000,273,1
LockFreeBased,1300,26000,14805,251,0
LockFreeBased,1400,26000,26000,353,1
LockFreeBased,1400,26000,26000,342,0
LockFreeBased,1500,26000,26000,264,1
LockFreeBased,1500,26000,26000,371,0
LockFreeBased,1600,26000,26000,375,1
LockFreeBased,1600,26000,26000,394,0
LockFreeBased,1700,26000,26000,963,1
LockFreeBased,1700,26000,26000,373,0
LockFreeBased,1800,26000,26000,376,1
LockFreeBased,1800,26000,25690,268,0
LockFreeBased,1900,26000,26000,369,1
LockFreeBased,1900,26000,23879,337,0
LockFreeBased,2000,26000,26000,281,1
LockFreeBased,2000,26000,26000,357,0
LockFreeBased,100,27000,27000,220,1
LockFreeBased,100,27000,99,180,0
LockFreeBased,200,27000,27000,408,1
LockFreeBased,200,27000,27000,705,0
LockFreeBased,300,27000,27000,278,1
LockFreeBased,300,27000,1294,134,0
LockFreeBased,400,27000,27000,365,1
LockFreeBased,400,27000,9639,265,0
LockFreeBased,500,27000,27000,382,1
LockFreeBased,500,27000,27000,359,0
LockFreeBased,600,27000,27000,409,1
LockFreeBased,600,27000,25985,285,0
LockFreeBased,700,27000,27000,1140,1
LockFreeBased,700,27000,26161,248,0
LockFreeBased,800,27000,27000,296,1
LockFreeBased,800,27000,27000,423,0
LockFreeBased,900,27000,27000,372,1
LockFreeBased,900,27000,26436,225,0
LockFreeBased,1000,27000,27000,275,1
LockFreeBased,1000,27000,27000,373,0
LockFreeBased,1100,27000,27000,396,1
LockFreeBased,1100,27000,10804,153,0
LockFreeBased,1200,27000,27000,332,1
LockFreeBased,1200,27000,27000,237,0
LockFreeBased,1300,27000,27000,258,1
LockFreeBased,1300,27000,25752,266,0
LockFreeBased,1400,27000,27000,371,1
LockFreeBased,1400,27000,27000,427,0
LockFreeBased,1500,27000,27000,429,1
LockFreeBased,1500,27000,26873,266,0
LockFreeBased,1600,27000,27000,216,1
LockFreeBased,1600,27000,27000,282,0
LockFreeBased,1700,27000,27000,291,1
LockFreeBased,1700,27000,5523,141,0
LockFreeBased,1800,27000,27000,275,1
LockFreeBased,1800,27000,27000,271,0
LockFreeBased,1900,27000,27000,301,1
LockFreeBased,1900,27000,26574,332,0
LockFreeBased,2000,27000,27000,355,1
LockFreeBased,2000,27000,26331,331,0
LockFreeBased,100,28000,28000,271,1
LockFreeBased,100,28000,27074,293,0
LockFreeBased,200,28000,28000,228,1
LockFreeBased,200,28000,28000,368,0
LockFreeBased,300,28000,28000,310,1
LockFreeBased,300,28000,28000,285,0
LockFreeBased,400,28000,28000,435,1
LockFreeBased,400,28000,9106,284,0
LockFreeBased,500,28000,28000,434,1
LockFreeBased,500,28000,28000,449,0
LockFreeBased,600,28000,28000,393,1
LockFreeBased,600,28000,26340,389,0
LockFreeBased,700,28000,28000,312,1
LockFreeBased,700,28000,9681,198,0
LockFreeBased,800,28000,28000,377,1
LockFreeBased,800,28000,28000,355,0
LockFreeBased,900,28000,28000,244,1
LockFreeBased,900,28000,21860,768,0
LockFreeBased,1000,28000,28000,933,1
LockFreeBased,1000,28000,28000,378,0
LockFreeBased,1100,28000,28000,276,1
LockFreeBased,1100,28000,28000,341,0
LockFreeBased,1200,28000,28000,450,1
LockFreeBased,1200,28000,28000,266,0
LockFreeBased,1300,28000,28000,412,1
LockFreeBased,1300,28000,4710,110,0
LockFreeBased,1400,28000,28000,302,1
LockFreeBased,1400,28000,28000,411,0
LockFreeBased,1500,28000,28000,422,1
LockFreeBased,1500,28000,26895,285,0
LockFreeBased,1600,28000,28000,353,1
LockFreeBased,1600,28000,27035,286,0
LockFreeBased,1700,28000,28000,298,1
LockFreeBased,1700,28000,9302,181,0
LockFreeBased,1800,28000,28000,299,1
LockFreeBased,1800,28000,17570,213,0
LockFreeBased,1900,28000,28000,1504,1
LockFreeBased,1900,28000,28000,1047,0
LockFreeBased,2000,28000,28000,874,1
LockFreeBased,2000,28000,28000,931,0
LockFreeBased,100,29000,29000,1032,1
LockFreeBased,100,29000,3460,329,0
LockFreeBased,200,29000,29000,366,1
LockFreeBased,200,29000,17185,380,0
LockFreeBased,300,29000,29000,787,1
LockFreeBased,300,29000,14366,319,0
LockFreeBased,400,29000,29000,913,1
LockFreeBased,400,29000,26574,525,0
LockFreeBased,500,29000,29000,396,1
LockFreeBased,500,29000,29000,527,0
LockFreeBased,600,29000,29000,467,1
LockFreeBased,600,29000,5914,168,0
LockFreeBased,700,29000,29000,444,1
LockFreeBased,700,29000,28816,335,0
LockFreeBased,800,29000,29000,499,1
LockFreeBased,800,29000,2998,173,0
LockFreeBased,900,29000,29000,401,1
LockFreeBased,900,29000,29000,408,0
LockFreeBased,1000,29000,29000,393,1
LockFreeBased,1000,29000,29000,353,0
LockFreeBased,1100,29000,29000,370,1
LockFreeBased,1100,29000,28175,321,0
LockFreeBased,1200,29000,29000,393,1
LockFreeBased,1200,29000,8596,490,0
LockFreeBased,1300,29000,29000,422,1
LockFreeBased,1300,29000,29000,273,0
LockFreeBased,1400,29000,29000,311,1
LockFreeBased,1400,29000,28608,306,0
LockFreeBased,1500,29000,29000,282,1
LockFreeBased,1500,29000,29000,289,0
LockFreeBased,1600,29000,29000,322,1
LockFreeBased,1600,29000,29000,365,0
LockFreeBased,1700,29000,29000,447,1
LockFreeBased,1700,29000,28959,234,0
LockFreeBased,1800,29000,29000,265,1
LockFreeBased,1800,29000,16606,190,0
LockFreeBased,1900,29000,29000,293,1
LockFreeBased,1900,29000,28695,289,0
LockFreeBased,2000,29000,29000,272,1
LockFreeBased,2000,29000,16254,183,0
LockFreeBased,100,30000,30000,365,1
LockFreeBased,100,30000,16046,187,0
LockFreeBased,200,30000,30000,368,1
LockFreeBased,200,30000,14378,197,0
LockFreeBased,300,30000,30000,433,1
LockFreeBased,300,30000,30000,509,0
LockFreeBased,400,30000,30000,521,1
LockFreeBased,400,30000,17936,205,0
LockFreeBased,500,30000,30000,365,1
LockFreeBased,500,30000,30000,334,0
LockFreeBased,600,30000,30000,520,1
LockFreeBased,600,30000,29005,309,0
LockFreeBased,700,30000,30000,360,1
LockFreeBased,700,30000,12212,172,0
LockFreeBased,800,30000,30000,411,1
LockFreeBased,800,30000,30000,415,0
LockFreeBased,900,30000,30000,318,1
LockFreeBased,900,30000,15153,196,0
LockFreeBased,1000,30000,30000,286,1
LockFreeBased,1000,30000,30000,368,0
LockFreeBased,1100,30000,30000,295,1
LockFreeBased,1100,30000,29885,405,0
LockFreeBased,1200,30000,30000,315,1
LockFreeBased,1200,30000,30000,331,0
LockFreeBased,1300,30000,30000,474,1
LockFreeBased,1300,30000,30000,303,0
LockFreeBased,1400,30000,30000,357,1
LockFreeBased,1400,30000,3542,127,0
LockFreeBased,1500,30000,30000,373,1
LockFreeBased,1500,30000,28844,302,0
LockFreeBased,1600,30000,30000,307,1
LockFreeBased,1600,30000,30000,341,0
LockFreeBased,1700,30000,30000,291,1
LockFreeBased,1700,30000,28968,303,0
LockFreeBased,1800,30000,30000,289,1
LockFreeBased,1800,30000,21933,350,0
LockFreeBased,1900,30000,30000,437,1
LockFreeBased,1900,30000,20678,260,0
LockFreeBased,2000,30000,30000,358,1
LockFreeBased,2000,30000,30000,354,0
LockFreeBased,100,31000,31000,322,1
LockFreeBased,100,31000,17341,224,0
LockFreeBased,200,31000,31000,324,1
LockFreeBased,200,31000,28382,343,0
LockFreeBased,300,31000,31000,340,1
LockFreeBased,300,31000,31000,374,0
LockFreeBased,400,31000,31000,415,1
LockFreeBased,400,31000,29644,303,0
LockFreeBased,500,31000,31000,306,1
LockFreeBased,500,31000,689,192,0
LockFreeBased,600,31000,31000,537,1
LockFreeBased,600,31000,31000,558,0
LockFreeBased,700,31000,31000,328,1
LockFreeBased,700,31000,1564,138,0
LockFreeBased,800,31000,31000,402,1
LockFreeBased,800,31000,12711,296,0
LockFreeBased,900,31000,31000,369,1
LockFreeBased,900,31000,31000,353,0
LockFreeBased,1000,31000,31000,471,1
LockFreeBased,1000,31000,3143,163,0
LockFreeBased,1100,31000,31000,349,1
LockFreeBased,1100,31000,31000,347,0
LockFreeBased,1200,31000,31000,389,1
LockFreeBased,1200,31000,29843,388,0
LockFreeBased,1300,31000,31000,558,1
LockFreeBased,1300,31000,31000,409,0
LockFreeBased,1400,31000,31000,432,1
LockFreeBased,1400,31000,31000,1072,0
LockFreeBased,1500,31000,31000,334,1
LockFreeBased,1500,31000,31000,300,0
LockFreeBased,1600,31000,31000,402,1
LockFreeBased,1600,31000,17092,180,0
LockFreeBased,1700,31000,31000,382,1
LockFreeBased,1700,31000,31000,401,0
LockFreeBased,1800,31000,31000,368,1
LockFreeBased,1800,31000,20731,225,0
LockFreeBased,1900,31000,31000,284,1
LockFreeBased,1900,31000,20135,220,0
LockFreeBased,2000,31000,31000,355,1
LockFreeBased,2000,31000,3200,157,0
LockFreeBased,100,32000,32000,381,1
LockFreeBased,100,32000,30881,373,0
LockFreeBased,200,32000,32000,314,1
LockFreeBased,200,32000,32000,507,0
LockFreeBased,300,32000,32000,1971,1
LockFreeBased,300,32000,10781,249,0
LockFreeBased,400,32000,32000,1705,1
LockFreeBased,400,32000,6229,634,0
LockFreeBased,500,32000,32000,465,1
LockFreeBased,500,32000,3962,243,0
LockFreeBased,600,32000,32000,418,1
LockFreeBased,600,32000,30106,367,0
LockFreeBased,700,32000,32000,749,1
LockFreeBased,700,32000,32000,533,0
LockFreeBased,800,32000,32000,568,1
LockFreeBased,800,32000,11523,269,0
LockFreeBased,900,32000,32000,524,1
LockFreeBased,900,32000,32000,485,0
LockFreeBased,1000,32000,32000,479,1
LockFreeBased,1000,32000,29957,444,0
LockFreeBased,1100,32000,32000,502,1
LockFreeBased,1100,32000,32000,503,0
LockFreeBased,1200,32000,32000,430,1
LockFreeBased,1200,32000,29684,428,0
LockFreeBased,1300,32000,32000,398,1
LockFreeBased,1300,32000,16343,267,0
LockFreeBased,1400,32000,32000,452,1
LockFreeBased,1400,32000,23475,339,0
LockFreeBased,1500,32000,32000,396,1
LockFreeBased,1500,32000,23719,353,0
LockFreeBased,1600,32000,32000,308,1
LockFreeBased,1600,32000,1599,129,0
LockFreeBased,1700,32000,32000,331,1
LockFreeBased,1700,32000,32000,355,0
LockFreeBased,1800,32000,32000,327,1
LockFreeBased,1800,32000,31840,366,0
LockFreeBased,1900,32000,32000,375,1
LockFreeBased,1900,32000,32000,289,0
LockFreeBased,2000,32000,32000,334,1
LockFreeBased,2000,32000,32000,354,0
LockFreeBased,100,33000,33000,348,1
LockFreeBased,100,33000,32302,299,0
LockFreeBased,200,33000,33000,283,1
LockFreeBased,200,33000,32799,268,0
LockFreeBased,300,33000,33000,341,1
LockFreeBased,300,33000,24477,380,0
LockFreeBased,400,33000,33000,409,1
LockFreeBased,400,33000,33000,410,0
LockFreeBased,500,33000,33000,334,1
LockFreeBased,500,33000,15735,187,0
LockFreeBased,600,33000,33000,317,1
LockFreeBased,600,33000,599,175,0
LockFreeBased,700,33000,33000,467,1
LockFreeBased,700,33000,14124,200,0
LockFreeBased,800,33000,33000,496,1
LockFreeBased,800,33000,25147,1865,0
LockFreeBased,900,33000,33000,759,1
LockFreeBased,900,33000,32623,311,0
LockFreeBased,1000,33000,33000,589,1
LockFreeBased,1000,33000,5381,337,0
LockFreeBased,1100,33000,33000,521,1
LockFreeBased,1100,33000,4372,202,0
LockFreeBased,1200,33000,33000,851,1
LockFreeBased,1200,33000,33000,510,0
LockFreeBased,1300,33000,33000,820,1
LockFreeBased,1300,33000,31049,398,0
LockFreeBased,1400,33000,33000,417,1
LockFreeBased,1400,33000,33000,662,0
LockFreeBased,1500,33000,33000,515,1
LockFreeBased,1500,33000,33000,539,0
LockFreeBased,1600,33000,33000,539,1
LockFreeBased,1600,33000,33000,477,0
LockFreeBased,1700,33000,33000,427,1
LockFreeBased,1700,33000,23621,351,0
LockFreeBased,1800,33000,33000,476,1
LockFreeBased,1800,33000,33000,484,0
LockFreeBased,1900,33000,33000,405,1
LockFreeBased,1900,33000,16878,297,0
LockFreeBased,2000,33000,33000,488,1
LockFreeBased,2000,33000,32923,471,0
LockFreeBased,100,34000,34000,500,1
LockFreeBased,100,34000,34000,414,0
LockFreeBased,200,34000,34000,357,1
LockFreeBased,200,34000,34000,507,0
LockFreeBased,300,34000,34000,344,1
LockFreeBased,300,34000,34000,424,0
LockFreeBased,400,34000,34000,328,1
LockFreeBased,400,34000,15160,261,0
LockFreeBased,500,34000,34000,337,1
LockFreeBased,500,34000,4309,166,0
LockFreeBased,600,34000,34000,391,1
LockFreeBased,600,34000,33003,322,0
LockFreeBased,700,34000,34000,443,1
LockFreeBased,700,34000,699,133,0
LockFreeBased,800,34000,34000,449,1
LockFreeBased,800,34000,34000,532,0
LockFreeBased,900,34000,34000,309,1
LockFreeBased,900,34000,2122,138,0
LockFreeBased,1000,34000,34000,395,1
LockFreeBased,1000,34000,32807,315,0
LockFreeBased,1100,34000,34000,416,1
LockFreeBased,1100,34000,15944,268,0
LockFreeBased,1200,34000,34000,283,1
LockFreeBased,1200,34000,15790,176,0
LockFreeBased,1300,34000,34000,362,1
LockFreeBased,1300,34000,18365,213,0
LockFreeBased,1400,34000,34000,478,1
LockFreeBased,1400,34000,33466,298,0
LockFreeBased,1500,34000,34000,366,1
LockFreeBased,1500,34000,22960,272,0
LockFreeBased,1600,34000,34000,415,1
LockFreeBased,1600,34000,20948,217,0
LockFreeBased,1700,34000,34000,376,1
LockFreeBased,1700,34000,34000,317,0
LockFreeBased,1800,34000,34000,390,1
LockFreeBased,1800,34000,24047,257,0
LockFreeBased,1900,34000,34000,536,1
LockFreeBased,1900,34000,13816,176,0
LockFreeBased,2000,34000,34000,322,1
LockFreeBased,2000,34000,34000,455,0
LockFreeBased,100,35000,35000,539,1
LockFreeBased,100,35000,16028,230,0
LockFreeBased,200,35000,35000,350,1
LockFreeBased,200,35000,35000,423,0
LockFreeBased,300,35000,35000,419,1
LockFreeBased,300,35000,35000,425,0
LockFreeBased,400,35000,35000,344,1
LockFreeBased,400,35000,24571,439,0
LockFreeBased,500,35000,35000,464,1
LockFreeBased,500,35000,24902,363,0
LockFreeBased,600,35000,35000,468,1
LockFreeBased,600,35000,35000,420,0
LockFreeBased,700,35000,35000,388,1
LockFreeBased,700,35000,33697,337,0
LockFreeBased,800,35000,35000,357,1
LockFreeBased,800,35000,33550,366,0
LockFreeBased,900,35000,35000,304,1
LockFreeBased,900,35000,34907,295,0
LockFreeBased,1000,35000,35000,403,1
LockFreeBased,1000,35000,29779,257,0
LockFreeBased,1100,35000,35000,456,1
LockFreeBased,1100,35000,30970,404,0
LockFreeBased,1200,35000,35000,329,1
LockFreeBased,1200,35000,25660,322,0
LockFreeBased,1300,35000,35000,418,1
LockFreeBased,1300,35000,21277,246,0
LockFreeBased,1400,35000,35000,670,1
LockFreeBased,1400,35000,35000,562,0
LockFreeBased,1500,35000,35000,391,1
LockFreeBased,1500,35000,33556,355,0
LockFreeBased,1600,35000,35000,435,1
LockFreeBased,1600,35000,34863,284,0
LockFreeBased,1700,35000,35000,301,1
LockFreeBased,1700,35000,35000,328,0
LockFreeBased,1800,35000,35000,319,1
LockFreeBased,1800,35000,35000,546,0
LockFreeBased,1900,35000,35000,355,1
LockFreeBased,1900,35000,34210,336,0
LockFreeBased,2000,35000,35000,262,1
LockFreeBased,2000,35000,17435,194,0
LockFreeBased,100,36000,36000,307,1
LockFreeBased,100,36000,36000,527,0
LockFreeBased,200,36000,36000,296,1
LockFreeBased,200,36000,36000,301,0
LockFreeBased,300,36000,36000,436,1
LockFreeBased,300,36000,35982,366,0
LockFreeBased,400,36000,36000,459,1
LockFreeBased,400,36000,36000,603,0
LockFreeBased,500,36000,36000,425,1
LockFreeBased,500,36000,36000,527,0
LockFreeBased,600,36000,36000,2848,1
LockFreeBased,600,36000,36000,316,0
LockFreeBased,700,36000,36000,593,1
LockFreeBased,700,36000,36000,1119,0
LockFreeBased,800,36000,36000,960,1
LockFreeBased,800,36000,36000,526,0
LockFreeBased,900,36000,36000,528,1
LockFreeBased,900,36000,3235,196,0
LockFreeBased,1000,36000,36000,514,1
LockFreeBased,1000,36000,30169,456,0
LockFreeBased,1100,36000,36000,540,1
LockFreeBased,1100,36000,36000,380,0
LockFreeBased,1200,36000,36000,339,1
LockFreeBased,1200,36000,36000,411,0
LockFreeBased,1300,36000,36000,414,1
LockFreeBased,1300,36000,36000,482,0
LockFreeBased,1400,36000,36000,489,1
LockFreeBased,1400,36000,36000,407,0
LockFreeBased,1500,36000,36000,418,1
LockFreeBased,1500,36000,35972,454,0
LockFreeBased,1600,36000,36000,368,1
LockFreeBased,1600,36000,36000,336,0
LockFreeBased,1700,36000,36000,377,1
LockFreeBased,1700,36000,16421,299,0
LockFreeBased,1800,36000,36000,437,1
LockFreeBased,1800,36000,36000,379,0
LockFreeBased,1900,36000,36000,490,1
LockFreeBased,1900,36000,35302,359,0
LockFreeBased,2000,36000,36000,593,1
LockFreeBased,2000,36000,1999,210,0
LockFreeBased,100,37000,37000,464,1
LockFreeBased,100,37000,36993,335,0
LockFreeBased,200,37000,37000,319,1
LockFreeBased,200,37000,37000,444,0
LockFreeBased,300,37000,37000,447,1
LockFreeBased,300,37000,37000,498,0
LockFreeBased,400,37000,37000,343,1
LockFreeBased,400,37000,37000,482,0
LockFreeBased,500,37000,37000,539,1
LockFreeBased,500,37000,37000,398,0
LockFreeBased,600,37000,37000,427,1
LockFreeBased,600,37000,37000,342,0
LockFreeBased,700,37000,37000,353,1
LockFreeBased,700,37000,37000,364,0
LockFreeBased,800,37000,37000,391,1
LockFreeBased,800,37000,37000,481,0
LockFreeBased,900,37000,37000,480,1
LockFreeBased,900,37000,7143,239,0
LockFreeBased,1000,37000,37000,358,1
LockFreeBased,1000,37000,37000,442,0
LockFreeBased,1100,37000,37000,518,1
LockFreeBased,1100,37000,37000,421,0
LockFreeBased,1200,37000,37000,434,1
LockFreeBased,1200,37000,37000,579,0
LockFreeBased,1300,37000,37000,316,1
LockFreeBased,1300,37000,37000,462,0
LockFreeBased,1400,37000,37000,489,1
LockFreeBased,1400,37000,35378,415,0
LockFreeBased,1500,37000,37000,440,1
LockFreeBased,1500,37000,36099,540,0
LockFreeBased,1600,37000,37000,359,1
LockFreeBased,1600,37000,30496,560,0
LockFreeBased,1700,37000,37000,716,1
LockFreeBased,1700,37000,36864,481,0
LockFreeBased,1800,37000,37000,539,1
LockFreeBased,1800,37000,37000,335,0
LockFreeBased,1900,37000,37000,301,1
LockFreeBased,1900,37000,37000,407,0
LockFreeBased,2000,37000,37000,357,1
LockFreeBased,2000,37000,36397,348,0
LockFreeBased,100,38000,38000,751,1
LockFreeBased,100,38000,38000,399,0
LockFreeBased,200,38000,38000,373,1
LockFreeBased,200,38000,36460,354,0
LockFreeBased,300,38000,38000,386,1
LockFreeBased,300,38000,27692,279,0
LockFreeBased,400,38000,38000,345,1
LockFreeBased,400,38000,36797,380,0
LockFreeBased,500,38000,38000,459,1
LockFreeBased,500,38000,38000,276,0
LockFreeBased,600,38000,38000,408,1
LockFreeBased,600,38000,36629,368,0
LockFreeBased,700,38000,38000,354,1
LockFreeBased,700,38000,38000,345,0
LockFreeBased,800,38000,38000,344,1
LockFreeBased,800,38000,38000,488,0
LockFreeBased,900,38000,38000,357,1
LockFreeBased,900,38000,35569,359,0
LockFreeBased,1000,38000,38000,541,1
LockFreeBased,1000,38000,37996,437,0
LockFreeBased,1100,38000,38000,353,1
LockFreeBased,1100,38000,38000,335,0
LockFreeBased,1200,38000,38000,371,1
LockFreeBased,1200,38000,38000,347,0
LockFreeBased,1300,38000,38000,435,1
LockFreeBased,1300,38000,38000,388,0
LockFreeBased,1400,38000,38000,436,1
LockFreeBased,1400,38000,38000,499,0
LockFreeBased,1500,38000,38000,345,1
LockFreeBased,1500,38000,14626,229,0
LockFreeBased,1600,38000,38000,346,1
LockFreeBased,1600,38000,3842,215,0
LockFreeBased,1700,38000,38000,471,1
LockFreeBased,1700,38000,38000,452,0
LockFreeBased,1800,38000,38000,514,1
LockFreeBased,1800,38000,24567,325,0
LockFreeBased,1900,38000,38000,370,1
LockFreeBased,1900,38000,38000,531,0
LockFreeBased,2000,38000,38000,370,1
LockFreeBased,2000,38000,38000,542,0
LockFreeBased,100,39000,39000,2839,1
LockFreeBased,100,39000,11840,418,0
LockFreeBased,200,39000,39000,545,1
LockFreeBased,200,39000,39000,887,0
LockFreeBased,300,39000,39000,774,1
LockFreeBased,300,39000,39000,483,0
LockFreeBased,400,39000,39000,390,1
LockFreeBased,400,39000,39000,554,0
LockFreeBased,500,39000,39000,597,1
LockFreeBased,500,39000,15183,321,0
LockFreeBased,600,39000,39000,555,1
LockFreeBased,600,39000,6808,244,0
LockFreeBased,700,39000,39000,461,1
LockFreeBased,700,39000,27822,341,0
LockFreeBased,800,39000,39000,337,1
LockFreeBased,800,39000,39000,413,0
LockFreeBased,900,39000,39000,415,1
LockFreeBased,900,39000,38943,397,0
LockFreeBased,1000,39000,39000,401,1
LockFreeBased,1000,39000,24265,285,0
LockFreeBased,1100,39000,39000,379,1
LockFreeBased,1100,39000,39000,545,0
LockFreeBased,1200,39000,39000,518,1
LockFreeBased,1200,39000,39000,438,0
LockFreeBased,1300,39000,39000,393,1
LockFreeBased,1300,39000,39000,455,0
LockFreeBased,1400,39000,39000,473,1
LockFreeBased,1400,39000,12296,212,0
LockFreeBased,1500,39000,39000,476,1
LockFreeBased,1500,39000,15870,192,0
LockFreeBased,1600,39000,39000,381,1
LockFreeBased,1600,39000,39000,456,0
LockFreeBased,1700,39000,39000,428,1
LockFreeBased,1700,39000,39000,458,0
LockFreeBased,1800,39000,39000,366,1
LockFreeBased,1800,39000,39000,481,0
LockFreeBased,1900,39000,39000,353,1
LockFreeBased,1900,39000,22857,256,0
LockFreeBased,2000,39000,39000,576,1
LockFreeBased,2000,39000,39000,495,0
LockFreeBased,100,40000,40000,547,1
LockFreeBased,100,40000,38361,336,0
LockFreeBased,200,40000,40000,570,1
LockFreeBased,200,40000,32869,406,0
LockFreeBased,300,40000,40000,398,1
LockFreeBased,300,40000,5693,180,0
LockFreeBased,400,40000,40000,497,1
LockFreeBased,400,40000,39899,408,0
LockFreeBased,500,40000,40000,520,1
LockFreeBased,500,40000,39867,2071,0
LockFreeBased,600,40000,40000,1277,1
LockFreeBased,600,40000,3001,149,0
LockFreeBased,700,40000,40000,1372,1
LockFreeBased,700,40000,29960,1032,0
LockFreeBased,800,40000,40000,624,1
LockFreeBased,800,40000,29340,797,0
LockFreeBased,900,40000,40000,603,1
LockFreeBased,900,40000,33695,630,0
LockFreeBased,1000,40000,40000,628,1
LockFreeBased,1000,40000,36672,497,0
LockFreeBased,1100,40000,40000,608,1
LockFreeBased,1100,40000,36897,508,0
LockFreeBased,1200,40000,40000,399,1
LockFreeBased,1200,40000,37573,511,0
LockFreeBased,1300,40000,40000,551,1
LockFreeBased,1300,40000,36916,449,0
LockFreeBased,1400,40000,40000,457,1
LockFreeBased,1400,40000,40000,454,0
LockFreeBased,1500,40000,40000,460,1
LockFreeBased,1500,40000,37914,407,0
LockFreeBased,1600,40000,40000,277,1
LockFreeBased,1600,40000,38554,384,0
LockFreeBased,1700,40000,40000,412,1
LockFreeBased,1700,40000,30389,295,0
LockFreeBased,1800,40000,40000,385,1
LockFreeBased,1800,40000,36395,341,0
LockFreeBased,1900,40000,40000,332,1
LockFreeBased,1900,40000,39554,450,0
LockFreeBased,2000,40000,40000,447,1
LockFreeBased,2000,40000,40000,464,0
LockFreeBased,100,41000,41000,353,1
LockFreeBased,100,41000,35670,323,0
LockFreeBased,200,41000,41000,319,1
LockFreeBased,200,41000,36987,336,0
LockFreeBased,300,41000,41000,326,1
LockFreeBased,300,41000,40750,498,0
LockFreeBased,400,41000,41000,449,1
LockFreeBased,400,41000,40480,526,0
LockFreeBased,500,41000,41000,397,1
LockFreeBased,500,41000,40636,601,0
LockFreeBased,600,41000,41000,489,1
LockFreeBased,600,41000,41000,494,0
LockFreeBased,700,41000,41000,416,1
LockFreeBased,700,41000,23438,399,0
LockFreeBased,800,41000,41000,426,1
LockFreeBased,800,41000,41000,584,0
LockFreeBased,900,41000,41000,435,1
LockFreeBased,900,41000,41000,525,0
LockFreeBased,1000,41000,41000,499,1
LockFreeBased,1000,41000,27911,302,0
LockFreeBased,1100,41000,41000,364,1
LockFreeBased,1100,41000,41000,526,0
LockFreeBased,1200,41000,41000,399,1
LockFreeBased,1200,41000,41000,389,0
LockFreeBased,1300,41000,41000,416,1
LockFreeBased,1300,41000,30119,285,0
LockFreeBased,1400,41000,41000,609,1
LockFreeBased,1400,41000,39788,416,0
LockFreeBased,1500,41000,41000,334,1
LockFreeBased,1500,41000,39792,404,0
LockFreeBased,1600,41000,41000,412,1
LockFreeBased,1600,41000,41000,548,0
LockFreeBased,1700,41000,41000,541,1
LockFreeBased,1700,41000,28029,297,0
LockFreeBased,1800,41000,41000,575,1
LockFreeBased,1800,41000,40423,389,0
LockFreeBased,1900,41000,41000,398,1
LockFreeBased,1900,41000,41000,372,0
LockFreeBased,2000,41000,41000,400,1
LockFreeBased,2000,41000,41000,580,0
LockFreeBased,100,42000,42000,390,1
LockFreeBased,100,42000,13543,215,0
LockFreeBased,200,42000,42000,586,1
LockFreeBased,200,42000,40515,463,0
LockFreeBased,300,42000,42000,421,1
LockFreeBased,300,42000,42000,516,0
LockFreeBased,400,42000,42000,477,1
LockFreeBased,400,42000,10367,164,0
LockFreeBased,500,42000,42000,538,1
LockFreeBased,500,42000,35380,397,0
LockFreeBased,600,42000,42000,399,1
LockFreeBased,600,42000,42000,541,0
LockFreeBased,700,42000,42000,408,1
LockFreeBased,700,42000,42000,458,0
LockFreeBased,800,42000,42000,471,1
LockFreeBased,800,42000,40109,548,0
LockFreeBased,900,42000,42000,411,1
LockFreeBased,900,42000,42000,550,0
LockFreeBased,1000,42000,42000,398,1
LockFreeBased,1000,42000,29817,280,0
LockFreeBased,1100,42000,42000,349,1
LockFreeBased,1100,42000,40912,511,0
LockFreeBased,1200,42000,42000,472,1
LockFreeBased,1200,42000,42000,523,0
LockFreeBased,1300,42000,42000,599,1
LockFreeBased,1300,42000,26321,271,0
LockFreeBased,1400,42000,42000,541,1
LockFreeBased,1400,42000,20843,229,0
LockFreeBased,1500,42000,42000,462,1
LockFreeBased,1500,42000,39899,388,0
LockFreeBased,1600,42000,42000,395,1
LockFreeBased,1600,42000,41943,358,0
LockFreeBased,1700,42000,42000,749,1
LockFreeBased,1700,42000,40851,346,0
LockFreeBased,1800,42000,42000,372,1
LockFreeBased,1800,42000,42000,314,0
LockFreeBased,1900,42000,42000,390,1
LockFreeBased,1900,42000,41197,368,0
LockFreeBased,2000,42000,42000,371,1
LockFreeBased,2000,42000,42000,408,0
LockFreeBased,100,43000,43000,422,1
LockFreeBased,100,43000,40564,525,0
LockFreeBased,200,43000,43000,691,1
LockFreeBased,200,43000,36130,436,0
LockFreeBased,300,43000,43000,464,1
LockFreeBased,300,43000,43000,499,0
LockFreeBased,400,43000,43000,433,1
LockFreeBased,400,43000,41809,400,0
LockFreeBased,500,43000,43000,574,1
LockFreeBased,500,43000,42251,459,0
LockFreeBased,600,43000,43000,422,1
LockFreeBased,600,43000,43000,394,0
LockFreeBased,700,43000,43000,427,1
LockFreeBased,700,43000,43000,534,0
LockFreeBased,800,43000,43000,497,1
LockFreeBased,800,43000,43000,634,0
LockFreeBased,900,43000,43000,501,1
LockFreeBased,900,43000,27581,264,0
LockFreeBased,1000,43000,43000,344,1
LockFreeBased,1000,43000,24253,263,0
LockFreeBased,1100,43000,43000,416,1
LockFreeBased,1100,43000,42879,376,0
LockFreeBased,1200,43000,43000,400,1
LockFreeBased,1200,43000,32399,370,0
LockFreeBased,1300,43000,43000,945,1
LockFreeBased,1300,43000,41027,1076,0
LockFreeBased,1400,43000,43000,958,1
LockFreeBased,1400,43000,42472,557,0
LockFreeBased,1500,43000,43000,810,1
LockFreeBased,1500,43000,42018,555,0
LockFreeBased,1600,43000,43000,497,1
LockFreeBased,1600,43000,43000,571,0
LockFreeBased,1700,43000,43000,1190,1
LockFreeBased,1700,43000,27023,424,0
LockFreeBased,1800,43000,43000,570,1
LockFreeBased,1800,43000,43000,612,0
LockFreeBased,1900,43000,43000,520,1
LockFreeBased,1900,43000,43000,614,0
LockFreeBased,2000,43000,43000,410,1
LockFreeBased,2000,43000,43000,494,0
LockFreeBased,100,44000,44000,444,1
LockFreeBased,100,44000,42111,413,0
LockFreeBased,200,44000,44000,642,1
LockFreeBased,200,44000,43649,354,0
LockFreeBased,300,44000,44000,500,1
LockFreeBased,300,44000,42977,402,0
LockFreeBased,400,44000,44000,525,1
LockFreeBased,400,44000,36565,466,0
LockFreeBased,500,44000,44000,401,1
LockFreeBased,500,44000,39518,342,0
LockFreeBased,600,44000,44000,356,1
LockFreeBased,600,44000,42020,456,0
LockFreeBased,700,44000,44000,425,1
LockFreeBased,700,44000,35423,347,0
LockFreeBased,800,44000,44000,584,1
LockFreeBased,800,44000,30428,422,0
LockFreeBased,900,44000,44000,623,1
LockFreeBased,900,44000,23179,244,0
LockFreeBased,1000,44000,44000,456,1
LockFreeBased,1000,44000,12039,190,0
LockFreeBased,1100,44000,44000,525,1
LockFreeBased,1100,44000,19820,307,0
LockFreeBased,1200,44000,44000,460,1
LockFreeBased,1200,44000,44000,489,0
LockFreeBased,1300,44000,44000,546,1
LockFreeBased,1300,44000,42129,409,0
LockFreeBased,1400,44000,44000,603,1
LockFreeBased,1400,44000,28863,416,0
LockFreeBased,1500,44000,44000,367,1
LockFreeBased,1500,44000,44000,486,0
LockFreeBased,1600,44000,44000,519,1
LockFreeBased,1600,44000,41295,520,0
LockFreeBased,1700,44000,44000,646,1
LockFreeBased,1700,44000,35933,480,0
LockFreeBased,1800,44000,44000,429,1
LockFreeBased,1800,44000,43683,551,0
LockFreeBased,1900,44000,44000,466,1
LockFreeBased,1900,44000,29089,322,0
LockFreeBased,2000,44000,44000,578,1
LockFreeBased,2000,44000,39871,399,0
LockFreeBased,100,45000,45000,384,1
LockFreeBased,100,45000,11550,209,0
LockFreeBased,200,45000,45000,599,1
LockFreeBased,200,45000,45000,421,0
LockFreeBased,300,45000,45000,391,1
LockFreeBased,300,45000,43387,411,0
LockFreeBased,400,45000,45000,546,1
LockFreeBased,400,45000,399,341,0
LockFreeBased,500,45000,45000,379,1
LockFreeBased,500,45000,44237,416,0
LockFreeBased,600,45000,45000,498,1
LockFreeBased,600,45000,43495,393,0
LockFreeBased,700,45000,45000,412,1
LockFreeBased,700,45000,28377,339,0
LockFreeBased,800,45000,45000,535,1
LockFreeBased,800,45000,23199,373,0
LockFreeBased,900,45000,45000,496,1
LockFreeBased,900,45000,44290,404,0
LockFreeBased,1000,45000,45000,483,1
LockFreeBased,1000,45000,31699,411,0
LockFreeBased,1100,45000,45000,674,1
LockFreeBased,1100,45000,31132,547,0
LockFreeBased,1200,45000,45000,991,1
LockFreeBased,1200,45000,45000,655,0
LockFreeBased,1300,45000,45000,421,1
LockFreeBased,1300,45000,45000,524,0
LockFreeBased,1400,45000,45000,534,1
LockFreeBased,1400,45000,44964,322,0
LockFreeBased,1500,45000,45000,474,1
LockFreeBased,1500,45000,45000,547,0
LockFreeBased,1600,45000,45000,570,1
LockFreeBased,1600,45000,45000,432,0
LockFreeBased,1700,45000,45000,468,1
LockFreeBased,1700,45000,25346,285,0
LockFreeBased,1800,45000,45000,658,1
LockFreeBased,1800,45000,1799,159,0
LockFreeBased,1900,45000,45000,781,1
LockFreeBased,1900,45000,45000,502,0
LockFreeBased,2000,45000,45000,545,1
LockFreeBased,2000,45000,45000,657,0
LockFreeBased,100,46000,46000,412,1
LockFreeBased,100,46000,41120,373,0
LockFreeBased,200,46000,46000,586,1
LockFreeBased,200,46000,7461,302,0
LockFreeBased,300,46000,46000,583,1
LockFreeBased,300,46000,46000,576,0
LockFreeBased,400,46000,46000,495,1
LockFreeBased,400,46000,45931,365,0
LockFreeBased,500,46000,46000,562,1
LockFreeBased,500,46000,46000,454,0
LockFreeBased,600,46000,46000,806,1
LockFreeBased,600,46000,44588,433,0
LockFreeBased,700,46000,46000,600,1
LockFreeBased,700,46000,46000,1493,0
LockFreeBased,800,46000,46000,372,1
LockFreeBased,800,46000,4851,205,0
LockFreeBased,900,46000,46000,457,1
LockFreeBased,900,46000,24506,811,0
LockFreeBased,1000,46000,46000,578,1
LockFreeBased,1000,46000,46000,512,0
LockFreeBased,1100,46000,46000,539,1
LockFreeBased,1100,46000,46000,437,0
LockFreeBased,1200,46000,46000,523,1
LockFreeBased,1200,46000,46000,474,0
LockFreeBased,1300,46000,46000,395,1
LockFreeBased,1300,46000,32092,384,0
LockFreeBased,1400,46000,46000,601,1
LockFreeBased,1400,46000,3108,237,0
LockFreeBased,1500,46000,46000,564,1
LockFreeBased,1500,46000,44358,399,0
LockFreeBased,1600,46000,46000,463,1
LockFreeBased,1600,46000,35049,598,0
LockFreeBased,1700,46000,46000,495,1
LockFreeBased,1700,46000,45261,486,0
LockFreeBased,1800,46000,46000,589,1
LockFreeBased,1800,46000,46000,507,0
LockFreeBased,1900,46000,46000,419,1
LockFreeBased,1900,46000,29444,323,0
LockFreeBased,2000,46000,46000,577,1
LockFreeBased,2000,46000,45187,466,0
LockFreeBased,100,47000,47000,440,1
LockFreeBased,100,47000,42552,409,0
LockFreeBased,200,47000,47000,634,1
LockFreeBased,200,47000,21628,335,0
LockFreeBased,300,47000,47000,599,1
LockFreeBased,300,47000,16275,240,0
LockFreeBased,400,47000,47000,598,1
LockFreeBased,400,47000,47000,563,0
LockFreeBased,500,47000,47000,368,1
LockFreeBased,500,47000,47000,591,0
LockFreeBased,600,47000,47000,531,1
LockFreeBased,600,47000,34380,365,0
LockFreeBased,700,47000,47000,577,1
LockFreeBased,700,47000,42240,519,0
LockFreeBased,800,47000,47000,484,1
LockFreeBased,800,47000,46924,529,0
LockFreeBased,900,47000,47000,612,1
LockFreeBased,900,47000,26139,310,0
LockFreeBased,1000,47000,47000,524,1
LockFreeBased,1000,47000,17151,242,0
LockFreeBased,1100,47000,47000,589,1
LockFreeBased,1100,47000,47000,560,0
LockFreeBased,1200,47000,47000,546,1
LockFreeBased,1200,47000,45982,393,0
LockFreeBased,1300,47000,47000,485,1
LockFreeBased,1300,47000,42454,426,0
LockFreeBased,1400,47000,47000,524,1
LockFreeBased,1400,47000,1399,202,0
LockFreeBased,1500,47000,47000,701,1
LockFreeBased,1500,47000,21970,288,0
LockFreeBased,1600,47000,47000,583,1
LockFreeBased,1600,47000,47000,425,0
LockFreeBased,1700,47000,47000,595,1
LockFreeBased,1700,47000,15078,230,0
LockFreeBased,1800,47000,47000,494,1
LockFreeBased,1800,47000,44655,443,0
LockFreeBased,1900,47000,47000,648,1
LockFreeBased,1900,47000,47000,574,0
LockFreeBased,2000,47000,47000,588,1
LockFreeBased,2000,47000,47000,447,0
LockFreeBased,100,48000,48000,504,1
LockFreeBased,100,48000,6594,179,0
LockFreeBased,200,48000,48000,510,1
LockFreeBased,200,48000,48000,581,0
LockFreeBased,300,48000,48000,614,1
LockFreeBased,300,48000,46078,484,0
LockFreeBased,400,48000,48000,417,1
LockFreeBased,400,48000,48000,427,0
LockFreeBased,500,48000,48000,530,1
LockFreeBased,500,48000,39613,496,0
LockFreeBased,600,48000,48000,595,1
LockFreeBased,600,48000,46053,467,0
LockFreeBased,700,48000,48000,521,1
LockFreeBased,700,48000,47573,517,0
LockFreeBased,800,48000,48000,433,1
LockFreeBased,800,48000,46498,418,0
LockFreeBased,900,48000,48000,702,1
LockFreeBased,900,48000,46268,422,0
LockFreeBased,1000,48000,48000,600,1
LockFreeBased,1000,48000,30754,302,0
LockFreeBased,1100,48000,48000,589,1
LockFreeBased,1100,48000,48000,444,0
LockFreeBased,1200,48000,48000,486,1
LockFreeBased,1200,48000,46125,420,0
LockFreeBased,1300,48000,48000,562,1
LockFreeBased,1300,48000,48000,474,0
LockFreeBased,1400,48000,48000,437,1
LockFreeBased,1400,48000,48000,457,0
LockFreeBased,1500,48000,48000,471,1
LockFreeBased,1500,48000,47167,1278,0
LockFreeBased,1600,48000,48000,508,1
LockFreeBased,1600,48000,48000,457,0
LockFreeBased,1700,48000,48000,458,1
LockFreeBased,1700,48000,48000,540,0
LockFreeBased,1800,48000,48000,459,1
LockFreeBased,1800,48000,48000,474,0
LockFreeBased,1900,48000,48000,459,1
LockFreeBased,1900,48000,31715,389,0
LockFreeBased,2000,48000,48000,432,1
LockFreeBased,2000,48000,48000,533,0
LockFreeBased,100,49000,49000,367,1
LockFreeBased,100,49000,44051,557,0
LockFreeBased,200,49000,49000,448,1
LockFreeBased,200,49000,49000,485,0
LockFreeBased,300,49000,49000,518,1
LockFreeBased,300,49000,4546,380,0
LockFreeBased,400,49000,49000,457,1
LockFreeBased,400,49000,49000,425,0
LockFreeBased,500,49000,49000,460,1
LockFreeBased,500,49000,47782,438,0
LockFreeBased,600,49000,49000,466,1
LockFreeBased,600,49000,47169,521,0
LockFreeBased,700,49000,49000,453,1
LockFreeBased,700,49000,2618,166,0
LockFreeBased,800,49000,49000,534,1
LockFreeBased,800,49000,47168,529,0
LockFreeBased,900,49000,49000,485,1
LockFreeBased,900,49000,49000,483,0
LockFreeBased,1000,49000,49000,504,1
LockFreeBased,1000,49000,49000,555,0
LockFreeBased,1100,49000,49000,583,1
LockFreeBased,1100,49000,49000,553,0
LockFreeBased,1200,49000,49000,627,1
LockFreeBased,1200,49000,33693,596,0
LockFreeBased,1300,49000,49000,684,1
LockFreeBased,1300,49000,49000,557,0
LockFreeBased,1400,49000,49000,672,1
LockFreeBased,1400,49000,46972,562,0
LockFreeBased,1500,49000,49000,495,1
LockFreeBased,1500,49000,49000,511,0
LockFreeBased,1600,49000,49000,582,1
LockFreeBased,1600,49000,38661,389,0
LockFreeBased,1700,49000,49000,547,1
LockFreeBased,1700,49000,33693,466,0
LockFreeBased,1800,49000,49000,502,1
LockFreeBased,1800,49000,48710,769,0
LockFreeBased,1900,49000,49000,508,1
LockFreeBased,1900,49000,47667,515,0
LockFreeBased,2000,49000,49000,537,1
LockFreeBased,2000,49000,46407,349,0
LockFreeBased,100,50000,50000,617,1
LockFreeBased,100,50000,49944,628,0
LockFreeBased,200,50000,50000,477,1
LockFreeBased,200,50000,49978,489,0
LockFreeBased,300,50000,50000,488,1
LockFreeBased,300,50000,49897,363,0
LockFreeBased,400,50000,50000,397,1
LockFreeBased,400,50000,44729,383,0
LockFreeBased,500,50000,50000,507,1
LockFreeBased,500,50000,48455,487,0
LockFreeBased,600,50000,50000,551,1
LockFreeBased,600,50000,50000,528,0
LockFreeBased,700,50000,50000,457,1
LockFreeBased,700,50000,49365,558,0
LockFreeBased,800,50000,50000,463,1
LockFreeBased,800,50000,49675,675,0
LockFreeBased,900,50000,50000,507,1
LockFreeBased,900,50000,47978,561,0
LockFreeBased,1000,50000,50000,378,1
LockFreeBased,1000,50000,49248,414,0
LockFreeBased,1100,50000,50000,451,1
LockFreeBased,1100,50000,50000,597,0
LockFreeBased,1200,50000,50000,445,1
LockFreeBased,1200,50000,49788,427,0
LockFreeBased,1300,50000,50000,398,1
LockFreeBased,1300,50000,50000,393,0
LockFreeBased,1400,50000,50000,442,1
LockFreeBased,1400,50000,35293,328,0
LockFreeBased,1500,50000,50000,412,1
LockFreeBased,1500,50000,50000,604,0
LockFreeBased,1600,50000,50000,546,1
LockFreeBased,1600,50000,48818,394,0
LockFreeBased,1700,50000,50000,636,1
LockFreeBased,1700,50000,50000,496,0
LockFreeBased,1800,50000,50000,613,1
LockFreeBased,1800,50000,47479,519,0
LockFreeBased,1900,50000,50000,599,1
LockFreeBased,1900,50000,50000,545,0
LockFreeBased,2000,50000,50000,577,1
LockFreeBased,2000,50000,33171,336,0
LockFreeBased,100,51000,51000,648,1
LockFreeBased,100,51000,51000,525,0
LockFreeBased,200,51000,51000,482,1
LockFreeBased,200,51000,51000,576,0
LockFreeBased,300,51000,51000,557,1
LockFreeBased,300,51000,44075,435,0
LockFreeBased,400,51000,51000,542,1
LockFreeBased,400,51000,399,249,0
LockFreeBased,500,51000,51000,576,1
LockFreeBased,500,51000,51000,402,0
LockFreeBased,600,51000,51000,598,1
LockFreeBased,600,51000,27537,395,0
LockFreeBased,700,51000,51000,473,1
LockFreeBased,700,51000,42345,552,0
LockFreeBased,800,51000,51000,460,1
LockFreeBased,800,51000,51000,466,0
LockFreeBased,900,51000,51000,444,1
LockFreeBased,900,51000,50974,1245,0
LockFreeBased,1000,51000,51000,461,1
LockFreeBased,1000,51000,47709,467,0
LockFreeBased,1100,51000,51000,1392,1
LockFreeBased,1100,51000,51000,586,0
LockFreeBased,1200,51000,51000,1249,1
LockFreeBased,1200,51000,38898,798,0
LockFreeBased,1300,51000,51000,1016,1
LockFreeBased,1300,51000,39827,605,0
LockFreeBased,1400,51000,51000,762,1
LockFreeBased,1400,51000,51000,642,0
LockFreeBased,1500,51000,51000,607,1
LockFreeBased,1500,51000,49025,602,0
LockFreeBased,1600,51000,51000,668,1
LockFreeBased,1600,51000,51000,669,0
LockFreeBased,1700,51000,51000,579,1
LockFreeBased,1700,51000,51000,672,0
LockFreeBased,1800,51000,51000,461,1
LockFreeBased,1800,51000,49898,502,0
LockFreeBased,1900,51000,51000,520,1
LockFreeBased,1900,51000,51000,592,0
LockFreeBased,2000,51000,51000,506,1
LockFreeBased,2000,51000,51000,368,0
LockFreeBased,100,52000,52000,403,1
LockFreeBased,100,52000,50298,411,0
LockFreeBased,200,52000,52000,489,1
LockFreeBased,200,52000,49559,399,0
LockFreeBased,300,52000,52000,517,1
LockFreeBased,300,52000,35921,410,0
LockFreeBased,400,52000,52000,505,1
LockFreeBased,400,52000,52000,639,0
LockFreeBased,500,52000,52000,1816,1
LockFreeBased,500,52000,49786,483,0
LockFreeBased,600,52000,52000,643,1
LockFreeBased,600,52000,50353,413,0
LockFreeBased,700,52000,52000,393,1
LockFreeBased,700,52000,49989,397,0
LockFreeBased,800,52000,52000,537,1
LockFreeBased,800,52000,30651,279,0
LockFreeBased,900,52000,52000,995,1
LockFreeBased,900,52000,52000,399,0
LockFreeBased,1000,52000,52000,546,1
LockFreeBased,1000,52000,52000,483,0
LockFreeBased,1100,52000,52000,677,1
LockFreeBased,1100,52000,51563,508,0
LockFreeBased,1200,52000,52000,645,1
LockFreeBased,1200,52000,31168,450,0
LockFreeBased,1300,52000,52000,628,1
LockFreeBased,1300,52000,52000,562,0
LockFreeBased,1400,52000,52000,528,1
LockFreeBased,1400,52000,49243,474,0
LockFreeBased,1500,52000,52000,576,1
LockFreeBased,1500,52000,52000,485,0
LockFreeBased,1600,52000,52000,496,1
LockFreeBased,1600,52000,51337,481,0
LockFreeBased,1700,52000,52000,537,1
LockFreeBased,1700,52000,37530,355,0
LockFreeBased,1800,52000,52000,708,1
LockFreeBased,1800,52000,30707,309,0
LockFreeBased,1900,52000,52000,657,1
LockFreeBased,1900,52000,52000,503,0
LockFreeBased,2000,52000,52000,496,1
LockFreeBased,2000,52000,52000,527,0
LockFreeBased,100,53000,53000,655,1
LockFreeBased,100,53000,53000,698,0
LockFreeBased,200,53000,53000,516,1
LockFreeBased,200,53000,48855,487,0
LockFreeBased,300,53000,53000,473,1
LockFreeBased,300,53000,52205,611,0
LockFreeBased,400,53000,53000,478,1
LockFreeBased,400,53000,29470,308,0
LockFreeBased,500,53000,53000,704,1
LockFreeBased,500,53000,51923,531,0
LockFreeBased,600,53000,53000,563,1
LockFreeBased,600,53000,53000,598,0
LockFreeBased,700,53000,53000,614,1
LockFreeBased,700,53000,52445,382,0
LockFreeBased,800,53000,53000,721,1
LockFreeBased,800,53000,40673,380,0
LockFreeBased,900,53000,53000,506,1
LockFreeBased,900,53000,3485,193,0
LockFreeBased,1000,53000,53000,574,1
LockFreeBased,1000,53000,42497,541,0
LockFreeBased,1100,53000,53000,557,1
LockFreeBased,1100,53000,35119,381,0
LockFreeBased,1200,53000,53000,578,1
LockFreeBased,1200,53000,53000,581,0
LockFreeBased,1300,53000,53000,532,1
LockFreeBased,1300,53000,52238,644,0
LockFreeBased,1400,53000,53000,515,1
LockFreeBased,1400,53000,50451,535,0
LockFreeBased,1500,53000,53000,510,1
LockFreeBased,1500,53000,25837,272,0
LockFreeBased,1600,53000,53000,500,1
LockFreeBased,1600,53000,35667,344,0
LockFreeBased,1700,53000,53000,473,1
LockFreeBased,1700,53000,39483,501,0
LockFreeBased,1800,53000,53000,508,1
LockFreeBased,1800,53000,53000,627,0
LockFreeBased,1900,53000,53000,570,1
LockFreeBased,1900,53000,53000,478,0
LockFreeBased,2000,53000,53000,519,1
LockFreeBased,2000,53000,53000,505,0
LockFreeBased,100,54000,54000,718,1
LockFreeBased,100,54000,27340,1168,0
LockFreeBased,200,54000,54000,732,1
LockFreeBased,200,54000,28429,1097,0
LockFreeBased,300,54000,54000,1335,1
LockFreeBased,300,54000,54000,557,0
LockFreeBased,400,54000,54000,675,1
LockFreeBased,400,54000,27192,497,0
LockFreeBased,500,54000,54000,700,1
LockFreeBased,500,54000,499,581,0
LockFreeBased,600,54000,54000,686,1
LockFreeBased,600,54000,54000,587,0
LockFreeBased,700,54000,54000,592,1
LockFreeBased,700,54000,53621,584,0
LockFreeBased,800,54000,54000,537,1
LockFreeBased,800,54000,25423,378,0
LockFreeBased,900,54000,54000,474,1
LockFreeBased,900,54000,54000,700,0
LockFreeBased,1000,54000,54000,483,1
LockFreeBased,1000,54000,54000,610,0
LockFreeBased,1100,54000,54000,483,1
LockFreeBased,1100,54000,52333,533,0
LockFreeBased,1200,54000,54000,2493,1
LockFreeBased,1200,54000,52201,1051,0
LockFreeBased,1300,54000,54000,551,1
LockFreeBased,1300,54000,13750,339,0
LockFreeBased,1400,54000,54000,1261,1
LockFreeBased,1400,54000,54000,1395,0
LockFreeBased,1500,54000,54000,948,1
LockFreeBased,1500,54000,36372,579,0
LockFreeBased,1600,54000,54000,832,1
LockFreeBased,1600,54000,27245,401,0
LockFreeBased,1700,54000,54000,709,1
LockFreeBased,1700,54000,54000,627,0
LockFreeBased,1800,54000,54000,620,1
LockFreeBased,1800,54000,53850,361,0
LockFreeBased,1900,54000,54000,716,1
LockFreeBased,1900,54000,5550,565,0
LockFreeBased,2000,54000,54000,1006,1
LockFreeBased,2000,54000,54000,504,0
LockFreeBased,100,55000,55000,1036,1
LockFreeBased,100,55000,44042,459,0
LockFreeBased,200,55000,55000,700,1
LockFreeBased,200,55000,54997,626,0
LockFreeBased,300,55000,55000,903,1
LockFreeBased,300,55000,55000,762,0
LockFreeBased,400,55000,55000,830,1
LockFreeBased,400,55000,55000,593,0
LockFreeBased,500,55000,55000,573,1
LockFreeBased,500,55000,52762,614,0
LockFreeBased,600,55000,55000,556,1
LockFreeBased,600,55000,54419,605,0
LockFreeBased,700,55000,55000,496,1
LockFreeBased,700,55000,21391,267,0
LockFreeBased,800,55000,55000,953,1
LockFreeBased,800,55000,55000,553,0
LockFreeBased,900,55000,55000,474,1
LockFreeBased,900,55000,55000,404,0
LockFreeBased,1000,55000,55000,727,1
LockFreeBased,1000,55000,39441,324,0
LockFreeBased,1100,55000,55000,417,1
LockFreeBased,1100,55000,52951,400,0
LockFreeBased,1200,55000,55000,505,1
LockFreeBased,1200,55000,41076,394,0
LockFreeBased,1300,55000,55000,470,1
LockFreeBased,1300,55000,55000,562,0
LockFreeBased,1400,55000,55000,516,1
LockFreeBased,1400,55000,6127,136,0
LockFreeBased,1500,55000,55000,579,1
LockFreeBased,1500,55000,55000,534,0
LockFreeBased,1600,55000,55000,623,1
LockFreeBased,1600,55000,32322,337,0
LockFreeBased,1700,55000,55000,716,1
LockFreeBased,1700,55000,24260,263,0
LockFreeBased,1800,55000,55000,397,1
LockFreeBased,1800,55000,55000,649,0
LockFreeBased,1900,55000,55000,421,1
LockFreeBased,1900,55000,9656,168,0
LockFreeBased,2000,55000,55000,571,1
LockFreeBased,2000,55000,2818,199,0
LockFreeBased,100,56000,56000,658,1
LockFreeBased,100,56000,43927,454,0
LockFreeBased,200,56000,56000,586,1
LockFreeBased,200,56000,35110,460,0
LockFreeBased,300,56000,56000,569,1
LockFreeBased,300,56000,52924,589,0
LockFreeBased,400,56000,56000,600,1
LockFreeBased,400,56000,56000,656,0
LockFreeBased,500,56000,56000,489,1
LockFreeBased,500,56000,39530,328,0
LockFreeBased,600,56000,56000,672,1
LockFreeBased,600,56000,53843,412,0
LockFreeBased,700,56000,56000,477,1
LockFreeBased,700,56000,45532,390,0
LockFreeBased,800,56000,56000,550,1
LockFreeBased,800,56000,55960,408,0
LockFreeBased,900,56000,56000,495,1
LockFreeBased,900,56000,54019,491,0
LockFreeBased,1000,56000,56000,574,1
LockFreeBased,1000,56000,54105,469,0
LockFreeBased,1100,56000,56000,567,1
LockFreeBased,1100,56000,53608,499,0
LockFreeBased,1200,56000,56000,534,1
LockFreeBased,1200,56000,55389,531,0
LockFreeBased,1300,56000,56000,504,1
LockFreeBased,1300,56000,53463,493,0
LockFreeBased,1400,56000,56000,641,1
LockFreeBased,1400,56000,20938,422,0
LockFreeBased,1500,56000,56000,1791,1
LockFreeBased,1500,56000,33757,944,0
LockFreeBased,1600,56000,56000,1037,1
LockFreeBased,1600,56000,31569,644,0
LockFreeBased,1700,56000,56000,831,1
LockFreeBased,1700,56000,56000,789,0
LockFreeBased,1800,56000,56000,712,1
LockFreeBased,1800,56000,56000,689,0
LockFreeBased,1900,56000,56000,620,1
LockFreeBased,1900,56000,42780,428,0
LockFreeBased,2000,56000,56000,639,1
LockFreeBased,2000,56000,56000,537,0
LockFreeBased,100,57000,57000,543,1
LockFreeBased,100,57000,50129,669,0
LockFreeBased,200,57000,57000,593,1
LockFreeBased,200,57000,55164,481,0
LockFreeBased,300,57000,57000,441,1
LockFreeBased,300,57000,23744,280,0
LockFreeBased,400,57000,57000,495,1
LockFreeBased,400,57000,55290,469,0
LockFreeBased,500,57000,57000,518,1
LockFreeBased,500,57000,57000,653,0
LockFreeBased,600,57000,57000,514,1
LockFreeBased,600,57000,54469,455,0
LockFreeBased,700,57000,57000,531,1
LockFreeBased,700,57000,40558,365,0
LockFreeBased,800,57000,57000,600,1
LockFreeBased,800,57000,56153,421,0
LockFreeBased,900,57000,57000,1195,1
LockFreeBased,900,57000,55156,618,0
LockFreeBased,1000,57000,57000,1746,1
LockFreeBased,1000,57000,50097,503,0
LockFreeBased,1100,57000,57000,492,1
LockFreeBased,1100,57000,50327,382,0
LockFreeBased,1200,57000,57000,444,1
LockFreeBased,1200,57000,57000,492,0
LockFreeBased,1300,57000,57000,511,1
LockFreeBased,1300,57000,57000,722,0
LockFreeBased,1400,57000,57000,407,1
LockFreeBased,1400,57000,56787,413,0
LockFreeBased,1500,57000,57000,575,1
LockFreeBased,1500,57000,57000,646,0
LockFreeBased,1600,57000,57000,450,1
LockFreeBased,1600,57000,57000,703,0
LockFreeBased,1700,57000,57000,448,1
LockFreeBased,1700,57000,54946,514,0
LockFreeBased,1800,57000,57000,660,1
LockFreeBased,1800,57000,55952,433,0
LockFreeBased,1900,57000,57000,506,1
LockFreeBased,1900,57000,57000,507,0
LockFreeBased,2000,57000,57000,683,1
LockFreeBased,2000,57000,57000,610,0
LockFreeBased,100,58000,58000,531,1
LockFreeBased,100,58000,57938,534,0
LockFreeBased,200,58000,58000,1458,1
LockFreeBased,200,58000,48377,640,0
LockFreeBased,300,58000,58000,604,1
LockFreeBased,300,58000,56413,625,0
LockFreeBased,400,58000,58000,712,1
LockFreeBased,400,58000,27845,292,0
LockFreeBased,500,58000,58000,523,1
LockFreeBased,500,58000,58000,774,0
LockFreeBased,600,58000,58000,519,1
LockFreeBased,600,58000,39277,442,0
LockFreeBased,700,58000,58000,569,1
LockFreeBased,700,58000,30189,341,0
LockFreeBased,800,58000,58000,553,1
LockFreeBased,800,58000,55270,522,0
LockFreeBased,900,58000,58000,390,1
LockFreeBased,900,58000,57999,416,0
LockFreeBased,1000,58000,58000,722,1
LockFreeBased,1000,58000,58000,540,0
LockFreeBased,1100,58000,58000,634,1
LockFreeBased,1100,58000,54874,509,0
LockFreeBased,1200,58000,58000,638,1
LockFreeBased,1200,58000,56189,424,0
LockFreeBased,1300,58000,58000,522,1
LockFreeBased,1300,58000,3006,260,0
LockFreeBased,1400,58000,58000,2652,1
LockFreeBased,1400,58000,58000,968,0
LockFreeBased,1500,58000,58000,662,1
LockFreeBased,1500,58000,46904,411,0
LockFreeBased,1600,58000,58000,1146,1
LockFreeBased,1600,58000,19205,539,0
LockFreeBased,1700,58000,58000,1224,1
LockFreeBased,1700,58000,45368,800,0
LockFreeBased,1800,58000,58000,802,1
LockFreeBased,1800,58000,57459,500,0
LockFreeBased,1900,58000,58000,724,1
LockFreeBased,1900,58000,53312,702,0
LockFreeBased,2000,58000,58000,592,1
LockFreeBased,2000,58000,54771,644,0
LockFreeBased,100,59000,59000,658,1
LockFreeBased,100,59000,48005,500,0
LockFreeBased,200,59000,59000,672,1
LockFreeBased,200,59000,57564,518,0
LockFreeBased,300,59000,59000,623,1
LockFreeBased,300,59000,34865,373,0
LockFreeBased,400,59000,59000,689,1
LockFreeBased,400,59000,45891,586,0
LockFreeBased,500,59000,59000,501,1
LockFreeBased,500,59000,57330,462,0
LockFreeBased,600,59000,59000,623,1
LockFreeBased,600,59000,44640,418,0
LockFreeBased,700,59000,59000,470,1
LockFreeBased,700,59000,55280,485,0
LockFreeBased,800,59000,59000,667,1
LockFreeBased,800,59000,38575,443,0
LockFreeBased,900,59000,59000,677,1
LockFreeBased,900,59000,57594,493,0
LockFreeBased,1000,59000,59000,757,1
LockFreeBased,1000,59000,44074,372,0
LockFreeBased,1100,59000,59000,577,1
LockFreeBased,1100,59000,45986,424,0
LockFreeBased,1200,59000,59000,513,1
LockFreeBased,1200,59000,26355,273,0
LockFreeBased,1300,59000,59000,618,1
LockFreeBased,1300,59000,9099,626,0
LockFreeBased,1400,59000,59000,614,1
LockFreeBased,1400,59000,58477,656,0
LockFreeBased,1500,59000,59000,506,1
LockFreeBased,1500,59000,59000,668,0
LockFreeBased,1600,59000,59000,528,1
LockFreeBased,1600,59000,59000,485,0
LockFreeBased,1700,59000,59000,457,1
LockFreeBased,1700,59000,59000,666,0
LockFreeBased,1800,59000,59000,618,1
LockFreeBased,1800,59000,57795,593,0
LockFreeBased,1900,59000,59000,407,1
LockFreeBased,1900,59000,59000,501,0
LockFreeBased,2000,59000,59000,494,1
LockFreeBased,2000,59000,30855,742,0
LockFreeBased,100,60000,60000,695,1
LockFreeBased,100,60000,57865,491,0
LockFreeBased,200,60000,60000,634,1
LockFreeBased,200,60000,44825,618,0
LockFreeBased,300,60000,60000,715,1
LockFreeBased,300,60000,60000,534,0
LockFreeBased,400,60000,60000,595,1
LockFreeBased,400,60000,57821,556,0
LockFreeBased,500,60000,60000,575,1
LockFreeBased,500,60000,59424,601,0
LockFreeBased,600,60000,60000,569,1
LockFreeBased,600,60000,59610,741,0
LockFreeBased,700,60000,60000,606,1
LockFreeBased,700,60000,49751,384,0
LockFreeBased,800,60000,60000,467,1
LockFreeBased,800,60000,35768,525,0
LockFreeBased,900,60000,60000,632,1
LockFreeBased,900,60000,60000,595,0
LockFreeBased,1000,60000,60000,521,1
LockFreeBased,1000,60000,58181,433,0
LockFreeBased,1100,60000,60000,500,1
LockFreeBased,1100,60000,9497,186,0
LockFreeBased,1200,60000,60000,486,1
LockFreeBased,1200,60000,60000,635,0
LockFreeBased,1300,60000,60000,1710,1
LockFreeBased,1300,60000,50415,521,0
LockFreeBased,1400,60000,60000,647,1
LockFreeBased,1400,60000,59088,647,0
LockFreeBased,1500,60000,60000,482,1
LockFreeBased,1500,60000,60000,659,0
LockFreeBased,1600,60000,60000,571,1
LockFreeBased,1600,60000,60000,640,0
LockFreeBased,1700,60000,60000,612,1
LockFreeBased,1700,60000,21132,887,0
LockFreeBased,1800,60000,60000,741,1
LockFreeBased,1800,60000,60000,1063,0
LockFreeBased,1900,60000,60000,1071,1
LockFreeBased,1900,60000,34374,581,0
LockFreeBased,2000,60000,60000,547,1
LockFreeBased,2000,60000,56189,705,0
LockFreeBased,100,61000,61000,757,1
LockFreeBased,100,61000,60815,521,0
LockFreeBased,200,61000,61000,623,1
LockFreeBased,200,61000,48308,522,0
LockFreeBased,300,61000,61000,565,1
LockFreeBased,300,61000,60599,630,0
LockFreeBased,400,61000,61000,513,1
LockFreeBased,400,61000,41781,440,0
LockFreeBased,500,61000,61000,605,1
LockFreeBased,500,61000,61000,592,0
LockFreeBased,600,61000,61000,594,1
LockFreeBased,600,61000,58852,535,0
LockFreeBased,700,61000,61000,557,1
LockFreeBased,700,61000,60094,695,0
LockFreeBased,800,61000,61000,626,1
LockFreeBased,800,61000,39959,348,0
LockFreeBased,900,61000,61000,551,1
LockFreeBased,900,61000,61000,740,0
LockFreeBased,1000,61000,61000,471,1
LockFreeBased,1000,61000,61000,797,0
LockFreeBased,1100,61000,61000,623,1
LockFreeBased,1100,61000,45452,381,0
LockFreeBased,1200,61000,61000,615,1
LockFreeBased,1200,61000,47303,395,0
LockFreeBased,1300,61000,61000,568,1
LockFreeBased,1300,61000,58023,494,0
LockFreeBased,1400,61000,61000,645,1
LockFreeBased,1400,61000,61000,2606,0
LockFreeBased,1500,61000,61000,567,1
LockFreeBased,1500,61000,61000,736,0
LockFreeBased,1600,61000,61000,504,1
LockFreeBased,1600,61000,57814,1331,0
LockFreeBased,1700,61000,61000,1027,1
LockFreeBased,1700,61000,57582,860,0
LockFreeBased,1800,61000,61000,850,1
LockFreeBased,1800,61000,61000,857,0
LockFreeBased,1900,61000,61000,783,1
LockFreeBased,1900,61000,61000,780,0
LockFreeBased,2000,61000,61000,1317,1
LockFreeBased,2000,61000,61000,1022,0
LockFreeBased,100,62000,62000,755,1
LockFreeBased,100,62000,59371,535,0
LockFreeBased,200,62000,62000,677,1
LockFreeBased,200,62000,56231,509,0
LockFreeBased,300,62000,62000,500,1
LockFreeBased,300,62000,61962,531,0
LockFreeBased,400,62000,62000,430,1
LockFreeBased,400,62000,58699,641,0
LockFreeBased,500,62000,62000,719,1
LockFreeBased,500,62000,60336,486,0
LockFreeBased,600,62000,62000,453,1
LockFreeBased,600,62000,62000,430,0
LockFreeBased,700,62000,62000,493,1
LockFreeBased,700,62000,62000,707,0
LockFreeBased,800,62000,62000,679,1
LockFreeBased,800,62000,62000,693,0
LockFreeBased,900,62000,62000,545,1
LockFreeBased,900,62000,62000,768,0
LockFreeBased,1000,62000,62000,747,1
LockFreeBased,1000,62000,39835,384,0
LockFreeBased,1100,62000,62000,502,1
LockFreeBased,1100,62000,45356,434,0
LockFreeBased,1200,62000,62000,542,1
LockFreeBased,1200,62000,59986,523,0
LockFreeBased,1300,62000,62000,869,1
LockFreeBased,1300,62000,59891,591,0
LockFreeBased,1400,62000,62000,844,1
LockFreeBased,1400,62000,35433,414,0
LockFreeBased,1500,62000,62000,824,1
LockFreeBased,1500,62000,62000,538,0
LockFreeBased,1600,62000,62000,545,1
LockFreeBased,1600,62000,26154,295,0
LockFreeBased,1700,62000,62000,411,1
LockFreeBased,1700,62000,62000,787,0
LockFreeBased,1800,62000,62000,776,1
LockFreeBased,1800,62000,62000,860,0
LockFreeBased,1900,62000,62000,1540,1
LockFreeBased,1900,62000,60698,594,0
LockFreeBased,2000,62000,62000,548,1
LockFreeBased,2000,62000,62000,671,0
LockFreeBased,100,63000,63000,1108,1
LockFreeBased,100,63000,63000,826,0
LockFreeBased,200,63000,63000,830,1
LockFreeBased,200,63000,54834,750,0
LockFreeBased,300,63000,63000,1941,1
LockFreeBased,300,63000,15548,685,0
LockFreeBased,400,63000,63000,2078,1
LockFreeBased,400,63000,3666,289,0
LockFreeBased,500,63000,63000,963,1
LockFreeBased,500,63000,47394,674,0
LockFreeBased,600,63000,63000,813,1
LockFreeBased,600,63000,57168,630,0
LockFreeBased,700,63000,63000,837,1
LockFreeBased,700,63000,50415,530,0
LockFreeBased,800,63000,63000,650,1
LockFreeBased,800,63000,63000,769,0
LockFreeBased,900,63000,63000,586,1
LockFreeBased,900,63000,59757,563,0
LockFreeBased,1000,63000,63000,515,1
LockFreeBased,1000,63000,62334,558,0
LockFreeBased,1100,63000,63000,710,1
LockFreeBased,1100,63000,50212,657,0
LockFreeBased,1200,63000,63000,516,1
LockFreeBased,1200,63000,59611,553,0
LockFreeBased,1300,63000,63000,620,1
LockFreeBased,1300,63000,60746,504,0
LockFreeBased,1400,63000,63000,743,1
LockFreeBased,1400,63000,63000,450,0
LockFreeBased,1500,63000,63000,501,1
LockFreeBased,1500,63000,62022,537,0
LockFreeBased,1600,63000,63000,706,1
LockFreeBased,1600,63000,63000,715,0
LockFreeBased,1700,63000,63000,660,1
LockFreeBased,1700,63000,63000,841,0
LockFreeBased,1800,63000,63000,624,1
LockFreeBased,1800,63000,63000,515,0
LockFreeBased,1900,63000,63000,629,1
LockFreeBased,1900,63000,62496,626,0
LockFreeBased,2000,63000,63000,505,1
LockFreeBased,2000,63000,63000,509,0
LockFreeBased,100,64000,64000,624,1
LockFreeBased,100,64000,61741,572,0
LockFreeBased,200,64000,64000,731,1
LockFreeBased,200,64000,59612,560,0
LockFreeBased,300,64000,64000,760,1
LockFreeBased,300,64000,60248,575,0
LockFreeBased,400,64000,64000,541,1
LockFreeBased,400,64000,62934,577,0
LockFreeBased,500,64000,64000,586,1
LockFreeBased,500,64000,49849,463,0
LockFreeBased,600,64000,64000,701,1
LockFreeBased,600,64000,44657,484,0
LockFreeBased,700,64000,64000,710,1
LockFreeBased,700,64000,56265,621,0
LockFreeBased,800,64000,64000,656,1
LockFreeBased,800,64000,64000,589,0
LockFreeBased,900,64000,64000,601,1
LockFreeBased,900,64000,19125,360,0
LockFreeBased,1000,64000,64000,816,1
LockFreeBased,1000,64000,40502,551,0
LockFreeBased,1100,64000,64000,538,1
LockFreeBased,1100,64000,31006,404,0
LockFreeBased,1200,64000,64000,592,1
LockFreeBased,1200,64000,58377,552,0
LockFreeBased,1300,64000,64000,712,1
LockFreeBased,1300,64000,62015,525,0
LockFreeBased,1400,64000,64000,513,1
LockFreeBased,1400,64000,32194,352,0
LockFreeBased,1500,64000,64000,658,1
LockFreeBased,1500,64000,62613,486,0
LockFreeBased,1600,64000,64000,753,1
LockFreeBased,1600,64000,62509,536,0
LockFreeBased,1700,64000,64000,558,1
LockFreeBased,1700,64000,59460,507,0
LockFreeBased,1800,64000,64000,537,1
LockFreeBased,1800,64000,64000,549,0
LockFreeBased,1900,64000,64000,585,1
LockFreeBased,1900,64000,59258,499,0
LockFreeBased,2000,64000,64000,564,1
LockFreeBased,2000,64000,64000,562,0
LockFreeBased,100,65000,65000,713,1
LockFreeBased,100,65000,65000,506,0
LockFreeBased,200,65000,65000,568,1
LockFreeBased,200,65000,50260,526,0
LockFreeBased,300,65000,65000,602,1
LockFreeBased,300,65000,62120,573,0
LockFreeBased,400,65000,65000,708,1
LockFreeBased,400,65000,62772,500,0
LockFreeBased,500,65000,65000,850,1
LockFreeBased,500,65000,37788,572,0
LockFreeBased,600,65000,65000,700,1
LockFreeBased,600,65000,62180,580,0
LockFreeBased,700,65000,65000,715,1
LockFreeBased,700,65000,65000,540,0
LockFreeBased,800,65000,65000,571,1
LockFreeBased,800,65000,65000,757,0
LockFreeBased,900,65000,65000,564,1
LockFreeBased,900,65000,58740,702,0
LockFreeBased,1000,65000,65000,514,1
LockFreeBased,1000,65000,65000,481,0
LockFreeBased,1100,65000,65000,604,1
LockFreeBased,1100,65000,64971,451,0
LockFreeBased,1200,65000,65000,468,1
LockFreeBased,1200,65000,65000,486,0
LockFreeBased,1300,65000,65000,516,1
LockFreeBased,1300,65000,63306,623,0
LockFreeBased,1400,65000,65000,533,1
LockFreeBased,1400,65000,65000,732,0
LockFreeBased,1500,65000,65000,595,1
LockFreeBased,1500,65000,65000,712,0
LockFreeBased,1600,65000,65000,525,1
LockFreeBased,1600,65000,64199,605,0
LockFreeBased,1700,65000,65000,521,1
LockFreeBased,1700,65000,65000,798,0
LockFreeBased,1800,65000,65000,633,1
LockFreeBased,1800,65000,57667,721,0
LockFreeBased,1900,65000,65000,588,1
LockFreeBased,1900,65000,64680,572,0
LockFreeBased,2000,65000,65000,700,1
LockFreeBased,2000,65000,49430,445,0
LockFreeBased,100,66000,66000,2230,1
LockFreeBased,100,66000,18427,681,0
LockFreeBased,200,66000,66000,1237,1
LockFreeBased,200,66000,40773,729,0
LockFreeBased,300,66000,66000,1065,1
LockFreeBased,300,66000,65080,1069,0
LockFreeBased,400,66000,66000,904,1
LockFreeBased,400,66000,63355,627,0
LockFreeBased,500,66000,66000,731,1
LockFreeBased,500,66000,499,199,0
LockFreeBased,600,66000,66000,591,1
LockFreeBased,600,66000,66000,519,0
LockFreeBased,700,66000,66000,621,1
LockFreeBased,700,66000,65009,573,0
LockFreeBased,800,66000,66000,720,1
LockFreeBased,800,66000,57251,642,0
LockFreeBased,900,66000,66000,487,1
LockFreeBased,900,66000,66000,645,0
LockFreeBased,1000,66000,66000,589,1
LockFreeBased,1000,66000,62577,671,0
LockFreeBased,1100,66000,66000,530,1
LockFreeBased,1100,66000,61220,578,0
LockFreeBased,1200,66000,66000,751,1
LockFreeBased,1200,66000,58253,564,0
LockFreeBased,1300,66000,66000,558,1
LockFreeBased,1300,66000,63509,470,0
LockFreeBased,1400,66000,66000,464,1
LockFreeBased,1400,66000,66000,651,0
LockFreeBased,1500,66000,66000,635,1
LockFreeBased,1500,66000,66000,747,0
LockFreeBased,1600,66000,66000,751,1
LockFreeBased,1600,66000,65126,707,0
LockFreeBased,1700,66000,66000,544,1
LockFreeBased,1700,66000,46346,509,0
LockFreeBased,1800,66000,66000,766,1
LockFreeBased,1800,66000,64987,481,0
LockFreeBased,1900,66000,66000,565,1
LockFreeBased,1900,66000,66000,738,0
LockFreeBased,2000,66000,66000,573,1
LockFreeBased,2000,66000,66000,571,0
LockFreeBased,100,67000,67000,825,1
LockFreeBased,100,67000,67000,852,0
LockFreeBased,200,67000,67000,1549,1
LockFreeBased,200,67000,55001,702,0
LockFreeBased,300,67000,67000,712,1
LockFreeBased,300,67000,67000,1323,0
LockFreeBased,400,67000,67000,785,1
LockFreeBased,400,67000,62167,920,0
LockFreeBased,500,67000,67000,717,1
LockFreeBased,500,67000,67000,952,0
LockFreeBased,600,67000,67000,793,1
LockFreeBased,600,67000,67000,797,0
LockFreeBased,700,67000,67000,720,1
LockFreeBased,700,67000,36637,445,0
LockFreeBased,800,67000,67000,641,1
LockFreeBased,800,67000,42551,457,0
LockFreeBased,900,67000,67000,769,1
LockFreeBased,900,67000,52587,473,0
LockFreeBased,1000,67000,67000,578,1
LockFreeBased,1000,67000,64655,559,0
LockFreeBased,1100,67000,67000,517,1
LockFreeBased,1100,67000,67000,705,0
LockFreeBased,1200,67000,67000,480,1
LockFreeBased,1200,67000,67000,756,0
LockFreeBased,1300,67000,67000,530,1
LockFreeBased,1300,67000,60426,578,0
LockFreeBased,1400,67000,67000,541,1
LockFreeBased,1400,67000,67000,592,0
LockFreeBased,1500,67000,67000,648,1
LockFreeBased,1500,67000,50786,383,0
LockFreeBased,1600,67000,67000,517,1
LockFreeBased,1600,67000,67000,621,0
LockFreeBased,1700,67000,67000,540,1
LockFreeBased,1700,67000,62003,747,0
LockFreeBased,1800,67000,67000,486,1
LockFreeBased,1800,67000,66269,500,0
LockFreeBased,1900,67000,67000,550,1
LockFreeBased,1900,67000,41520,379,0
LockFreeBased,2000,67000,67000,539,1
LockFreeBased,2000,67000,67000,509,0
LockFreeBased,100,68000,68000,621,1
LockFreeBased,100,68000,53285,474,0
LockFreeBased,200,68000,68000,585,1
LockFreeBased,200,68000,65789,476,0
LockFreeBased,300,68000,68000,487,1
LockFreeBased,300,68000,66749,520,0
LockFreeBased,400,68000,68000,713,1
LockFreeBased,400,68000,22152,275,0
LockFreeBased,500,68000,68000,529,1
LockFreeBased,500,68000,68000,849,0
LockFreeBased,600,68000,68000,520,1
LockFreeBased,600,68000,46039,483,0
LockFreeBased,700,68000,68000,591,1
LockFreeBased,700,68000,50956,494,0
LockFreeBased,800,68000,68000,620,1
LockFreeBased,800,68000,9821,209,0
LockFreeBased,900,68000,68000,831,1
LockFreeBased,900,68000,65562,739,0
LockFreeBased,1000,68000,68000,614,1
LockFreeBased,1000,68000,64930,635,0
LockFreeBased,1100,68000,68000,637,1
LockFreeBased,1100,68000,34681,376,0
LockFreeBased,1200,68000,68000,790,1
LockFreeBased,1200,68000,63716,2041,0
LockFreeBased,1300,68000,68000,1635,1
LockFreeBased,1300,68000,19427,468,0
LockFreeBased,1400,68000,68000,1267,1
LockFreeBased,1400,68000,62041,950,0
LockFreeBased,1500,68000,68000,892,1
LockFreeBased,1500,68000,56206,701,0
LockFreeBased,1600,68000,68000,763,1
LockFreeBased,1600,68000,68000,640,0
LockFreeBased,1700,68000,68000,766,1
LockFreeBased,1700,68000,67238,625,0
LockFreeBased,1800,68000,68000,621,1
LockFreeBased,1800,68000,64158,654,0
LockFreeBased,1900,68000,68000,881,1
LockFreeBased,1900,68000,68000,617,0
LockFreeBased,2000,68000,68000,797,1
LockFreeBased,2000,68000,68000,516,0
LockFreeBased,100,69000,69000,495,1
LockFreeBased,100,69000,48624,514,0
LockFreeBased,200,69000,69000,527,1
LockFreeBased,200,69000,68863,663,0
LockFreeBased,300,69000,69000,603,1
LockFreeBased,300,69000,50757,439,0
LockFreeBased,400,69000,69000,584,1
LockFreeBased,400,69000,48315,433,0
LockFreeBased,500,69000,69000,633,1
LockFreeBased,500,69000,66796,571,0
LockFreeBased,600,69000,69000,387,1
LockFreeBased,600,69000,68967,715,0
LockFreeBased,700,69000,69000,652,1
LockFreeBased,700,69000,59084,701,0
LockFreeBased,800,69000,69000,501,1
LockFreeBased,800,69000,61890,610,0
LockFreeBased,900,69000,69000,768,1
LockFreeBased,900,69000,59544,470,0
LockFreeBased,1000,69000,69000,589,1
LockFreeBased,1000,69000,66682,609,0
LockFreeBased,1100,69000,69000,647,1
LockFreeBased,1100,69000,67936,739,0
LockFreeBased,1200,69000,69000,804,1
LockFreeBased,1200,69000,69000,1009,0
LockFreeBased,1300,69000,69000,2157,1
LockFreeBased,1300,69000,22653,712,0
LockFreeBased,1400,69000,69000,694,1
LockFreeBased,1400,69000,52309,1096,0
LockFreeBased,1500,69000,69000,1086,1
LockFreeBased,1500,69000,51494,757,0
LockFreeBased,1600,69000,69000,808,1
LockFreeBased,1600,69000,68036,736,0
LockFreeBased,1700,69000,69000,850,1
LockFreeBased,1700,69000,69000,791,0
LockFreeBased,1800,69000,69000,657,1
LockFreeBased,1800,69000,69000,819,0
LockFreeBased,1900,69000,69000,637,1
LockFreeBased,1900,69000,69000,772,0
LockFreeBased,2000,69000,69000,568,1
LockFreeBased,2000,69000,69000,512,0
LockFreeBased,100,70000,70000,493,1
LockFreeBased,100,70000,69901,554,0
LockFreeBased,200,70000,70000,609,1
LockFreeBased,200,70000,69992,554,0
LockFreeBased,300,70000,70000,523,1
LockFreeBased,300,70000,17299,423,0
LockFreeBased,400,70000,70000,646,1
LockFreeBased,400,70000,70000,640,0
LockFreeBased,500,70000,70000,545,1
LockFreeBased,500,70000,69110,533,0
LockFreeBased,600,70000,70000,542,1
LockFreeBased,600,70000,69930,648,0
LockFreeBased,700,70000,70000,576,1
LockFreeBased,700,70000,67468,550,0
LockFreeBased,800,70000,70000,606,1
LockFreeBased,800,70000,70000,542,0
LockFreeBased,900,70000,70000,648,1
LockFreeBased,900,70000,62314,511,0
LockFreeBased,1000,70000,70000,717,1
LockFreeBased,1000,70000,58874,499,0
LockFreeBased,1100,70000,70000,735,1
LockFreeBased,1100,70000,70000,829,0
LockFreeBased,1200,70000,70000,808,1
LockFreeBased,1200,70000,63740,591,0
LockFreeBased,1300,70000,70000,780,1
LockFreeBased,1300,70000,46632,358,0
LockFreeBased,1400,70000,70000,473,1
LockFreeBased,1400,70000,55438,395,0
LockFreeBased,1500,70000,70000,540,1
LockFreeBased,1500,70000,70000,759,0
LockFreeBased,1600,70000,70000,1743,1
LockFreeBased,1600,70000,67768,609,0
LockFreeBased,1700,70000,70000,2355,1
LockFreeBased,1700,70000,70000,1541,0
LockFreeBased,1800,70000,70000,548,1
LockFreeBased,1800,70000,67679,998,0
LockFreeBased,1900,70000,70000,497,1
LockFreeBased,1900,70000,43555,645,0
LockFreeBased,2000,70000,70000,879,1
LockFreeBased,2000,70000,70000,824,0
LockFreeBased,100,71000,71000,766,1
LockFreeBased,100,71000,63350,644,0
LockFreeBased,200,71000,71000,677,1
LockFreeBased,200,71000,57950,506,0
LockFreeBased,300,71000,71000,659,1
LockFreeBased,300,71000,71000,818,0
LockFreeBased,400,71000,71000,635,1
LockFreeBased,400,71000,50251,444,0
LockFreeBased,500,71000,71000,570,1
LockFreeBased,500,71000,57382,412,0
LockFreeBased,600,71000,71000,511,1
LockFreeBased,600,71000,70575,571,0
LockFreeBased,700,71000,71000,678,1
LockFreeBased,700,71000,71000,830,0
LockFreeBased,800,71000,71000,513,1
LockFreeBased,800,71000,57191,405,0
LockFreeBased,900,71000,71000,923,1
LockFreeBased,900,71000,68961,600,0
LockFreeBased,1000,71000,71000,603,1
LockFreeBased,1000,71000,54419,474,0
LockFreeBased,1100,71000,71000,543,1
LockFreeBased,1100,71000,69882,544,0
LockFreeBased,1200,71000,71000,587,1
LockFreeBased,1200,71000,57619,577,0
LockFreeBased,1300,71000,71000,706,1
LockFreeBased,1300,71000,71000,611,0
LockFreeBased,1400,71000,71000,715,1
LockFreeBased,1400,71000,71000,681,0
LockFreeBased,1500,71000,71000,659,1
LockFreeBased,1500,71000,71000,692,0
LockFreeBased,1600,71000,71000,633,1
LockFreeBased,1600,71000,66481,601,0
LockFreeBased,1700,71000,71000,853,1
LockFreeBased,1700,71000,60200,567,0
LockFreeBased,1800,71000,71000,763,1
LockFreeBased,1800,71000,69093,627,0
LockFreeBased,1900,71000,71000,617,1
LockFreeBased,1900,71000,47742,534,0
LockFreeBased,2000,71000,71000,528,1
LockFreeBased,2000,71000,53200,1077,0
LockFreeBased,100,72000,72000,554,1
LockFreeBased,100,72000,67246,843,0
LockFreeBased,200,72000,72000,678,1
LockFreeBased,200,72000,51778,428,0
LockFreeBased,300,72000,72000,923,1
LockFreeBased,300,72000,3336,162,0
LockFreeBased,400,72000,72000,614,1
LockFreeBased,400,72000,30679,330,0
LockFreeBased,500,72000,72000,646,1
LockFreeBased,500,72000,68642,672,0
LockFreeBased,600,72000,72000,673,1
LockFreeBased,600,72000,21606,540,0
LockFreeBased,700,72000,72000,787,1
LockFreeBased,700,72000,47808,1201,0
LockFreeBased,800,72000,72000,1357,1
LockFreeBased,800,72000,33413,746,0
LockFreeBased,900,72000,72000,1076,1
LockFreeBased,900,72000,66577,892,0
LockFreeBased,1000,72000,72000,822,1
LockFreeBased,1000,72000,68336,896,0
LockFreeBased,1100,72000,72000,861,1
LockFreeBased,1100,72000,65074,657,0
LockFreeBased,1200,72000,72000,847,1
LockFreeBased,1200,72000,70497,690,0
LockFreeBased,1300,72000,72000,689,1
LockFreeBased,1300,72000,55307,465,0
LockFreeBased,1400,72000,72000,998,1
LockFreeBased,1400,72000,55245,419,0
LockFreeBased,1500,72000,72000,772,1
LockFreeBased,1500,72000,72000,838,0
LockFreeBased,1600,72000,72000,519,1
LockFreeBased,1600,72000,72000,604,0
LockFreeBased,1700,72000,72000,548,1
LockFreeBased,1700,72000,71921,620,0
LockFreeBased,1800,72000,72000,634,1
LockFreeBased,1800,72000,72000,603,0
LockFreeBased,1900,72000,72000,676,1
LockFreeBased,1900,72000,70935,562,0
LockFreeBased,2000,72000,72000,815,1
LockFreeBased,2000,72000,72000,717,0
LockFreeBased,100,73000,73000,578,1
LockFreeBased,100,73000,71389,662,0
LockFreeBased,200,73000,73000,633,1
LockFreeBased,200,73000,73000,543,0
LockFreeBased,300,73000,73000,589,1
LockFreeBased,300,73000,50269,542,0
LockFreeBased,400,73000,73000,807,1
LockFreeBased,400,73000,73000,947,0
LockFreeBased,500,73000,73000,850,1
LockFreeBased,500,73000,70024,654,0
LockFreeBased,600,73000,73000,724,1
LockFreeBased,600,73000,71194,781,0
LockFreeBased,700,73000,73000,665,1
LockFreeBased,700,73000,49028,458,0
LockFreeBased,800,73000,73000,510,1
LockFreeBased,800,73000,69777,628,0
LockFreeBased,900,73000,73000,659,1
LockFreeBased,900,73000,73000,629,0
LockFreeBased,1000,73000,73000,643,1
LockFreeBased,1000,73000,66647,679,0
LockFreeBased,1100,73000,73000,614,1
LockFreeBased,1100,73000,70287,596,0
LockFreeBased,1200,73000,73000,713,1
LockFreeBased,1200,73000,64082,570,0
LockFreeBased,1300,73000,73000,785,1
LockFreeBased,1300,73000,69052,627,0
LockFreeBased,1400,73000,73000,635,1
LockFreeBased,1400,73000,70962,558,0
LockFreeBased,1500,73000,73000,594,1
LockFreeBased,1500,73000,58709,528,0
LockFreeBased,1600,73000,73000,757,1
LockFreeBased,1600,73000,2658,223,0
LockFreeBased,1700,73000,73000,677,1
LockFreeBased,1700,73000,69832,592,0
LockFreeBased,1800,73000,73000,652,1
LockFreeBased,1800,73000,62099,515,0
LockFreeBased,1900,73000,73000,650,1
LockFreeBased,1900,73000,57401,522,0
LockFreeBased,2000,73000,73000,585,1
LockFreeBased,2000,73000,70594,591,0
LockFreeBased,100,74000,74000,642,1
LockFreeBased,100,74000,57867,503,0
LockFreeBased,200,74000,74000,562,1
LockFreeBased,200,74000,73889,565,0
LockFreeBased,300,74000,74000,650,1
LockFreeBased,300,74000,30576,387,0
LockFreeBased,400,74000,74000,658,1
LockFreeBased,400,74000,71317,609,0
LockFreeBased,500,74000,74000,821,1
LockFreeBased,500,74000,73955,522,0
LockFreeBased,600,74000,74000,674,1
LockFreeBased,600,74000,74000,623,0
LockFreeBased,700,74000,74000,534,1
LockFreeBased,700,74000,74000,777,0
LockFreeBased,800,74000,74000,654,1
LockFreeBased,800,74000,74000,664,0
LockFreeBased,900,74000,74000,809,1
LockFreeBased,900,74000,73518,455,0
LockFreeBased,1000,74000,74000,1120,1
LockFreeBased,1000,74000,57056,613,0
LockFreeBased,1100,74000,74000,599,1
LockFreeBased,1100,74000,10255,255,0
LockFreeBased,1200,74000,74000,597,1
LockFreeBased,1200,74000,71591,602,0
LockFreeBased,1300,74000,74000,617,1
LockFreeBased,1300,74000,68868,626,0
LockFreeBased,1400,74000,74000,787,1
LockFreeBased,1400,74000,74000,569,0
LockFreeBased,1500,74000,74000,761,1
LockFreeBased,1500,74000,64170,519,0
LockFreeBased,1600,74000,74000,557,1
LockFreeBased,1600,74000,70033,572,0
LockFreeBased,1700,74000,74000,621,1
LockFreeBased,1700,74000,73573,568,0
LockFreeBased,1800,74000,74000,573,1
LockFreeBased,1800,74000,74000,630,0
LockFreeBased,1900,74000,74000,622,1
LockFreeBased,1900,74000,48714,437,0
LockFreeBased,2000,74000,74000,596,1
LockFreeBased,2000,74000,74000,612,0
LockFreeBased,100,75000,75000,2208,1
LockFreeBased,100,75000,49894,443,0
LockFreeBased,200,75000,75000,576,1
LockFreeBased,200,75000,72910,626,0
LockFreeBased,300,75000,75000,615,1
LockFreeBased,300,75000,42609,413,0
LockFreeBased,400,75000,75000,813,1
LockFreeBased,400,75000,55878,620,0
LockFreeBased,500,75000,75000,781,1
LockFreeBased,500,75000,74897,572,0
LockFreeBased,600,75000,75000,554,1
LockFreeBased,600,75000,71089,640,0
LockFreeBased,700,75000,75000,555,1
LockFreeBased,700,75000,26492,331,0
LockFreeBased,800,75000,75000,504,1
LockFreeBased,800,75000,40332,496,0
LockFreeBased,900,75000,75000,603,1
LockFreeBased,900,75000,75000,822,0
LockFreeBased,1000,75000,75000,554,1
LockFreeBased,1000,75000,72768,593,0
LockFreeBased,1100,75000,75000,545,1
LockFreeBased,1100,75000,75000,654,0
LockFreeBased,1200,75000,75000,644,1
LockFreeBased,1200,75000,72268,637,0
LockFreeBased,1300,75000,75000,605,1
LockFreeBased,1300,75000,54120,539,0
LockFreeBased,1400,75000,75000,588,1
LockFreeBased,1400,75000,75000,805,0
LockFreeBased,1500,75000,75000,696,1
LockFreeBased,1500,75000,62130,423,0
LockFreeBased,1600,75000,75000,584,1
LockFreeBased,1600,75000,72399,890,0
LockFreeBased,1700,75000,75000,665,1
LockFreeBased,1700,75000,74220,591,0
LockFreeBased,1800,75000,75000,691,1
LockFreeBased,1800,75000,57712,1541,0
LockFreeBased,1900,75000,75000,578,1
LockFreeBased,1900,75000,73871,494,0
LockFreeBased,2000,75000,75000,798,1
LockFreeBased,2000,75000,75000,611,0
LockFreeBased,100,76000,76000,609,1
LockFreeBased,100,76000,54570,571,0
LockFreeBased,200,76000,76000,674,1
LockFreeBased,200,76000,73532,608,0
LockFreeBased,300,76000,76000,3127,1
LockFreeBased,300,76000,72936,637,0
LockFreeBased,400,76000,76000,1688,1
LockFreeBased,400,76000,21867,523,0
LockFreeBased,500,76000,76000,1331,1
LockFreeBased,500,76000,60626,1011,0
LockFreeBased,600,76000,76000,991,1
LockFreeBased,600,76000,22608,503,0
LockFreeBased,700,76000,76000,964,1
LockFreeBased,700,76000,75146,742,0
LockFreeBased,800,76000,76000,821,1
LockFreeBased,800,76000,73489,815,0
LockFreeBased,900,76000,76000,700,1
LockFreeBased,900,76000,76000,798,0
LockFreeBased,1000,76000,76000,636,1
LockFreeBased,1000,76000,55561,510,0
LockFreeBased,1100,76000,76000,574,1
LockFreeBased,1100,76000,76000,831,0
LockFreeBased,1200,76000,76000,759,1
LockFreeBased,1200,76000,74235,493,0
LockFreeBased,1300,76000,76000,814,1
LockFreeBased,1300,76000,76000,561,0
LockFreeBased,1400,76000,76000,789,1
LockFreeBased,1400,76000,75212,519,0
LockFreeBased,1500,76000,76000,663,1
LockFreeBased,1500,76000,75971,647,0
LockFreeBased,1600,76000,76000,892,1
LockFreeBased,1600,76000,52814,496,0
LockFreeBased,1700,76000,76000,978,1
LockFreeBased,1700,76000,76000,765,0
LockFreeBased,1800,76000,76000,723,1
LockFreeBased,1800,76000,56488,581,0
LockFreeBased,1900,76000,76000,629,1
LockFreeBased,1900,76000,74717,583,0
LockFreeBased,2000,76000,76000,638,1
LockFreeBased,2000,76000,76000,943,0
LockFreeBased,100,77000,77000,840,1
LockFreeBased,100,77000,76916,853,0
LockFreeBased,200,77000,77000,592,1
LockFreeBased,200,77000,71904,880,0
LockFreeBased,300,77000,77000,715,1
LockFreeBased,300,77000,45934,550,0
LockFreeBased,400,77000,77000,658,1
LockFreeBased,400,77000,73825,675,0
LockFreeBased,500,77000,77000,984,1
LockFreeBased,500,77000,77000,685,0
LockFreeBased,600,77000,77000,780,1
LockFreeBased,600,77000,77000,880,0
LockFreeBased,700,77000,77000,742,1
LockFreeBased,700,77000,76004,762,0
LockFreeBased,800,77000,77000,1263,1
LockFreeBased,800,77000,74277,731,0
LockFreeBased,900,77000,77000,721,1
LockFreeBased,900,77000,75079,738,0
LockFreeBased,1000,77000,77000,623,1
LockFreeBased,1000,77000,75424,788,0
LockFreeBased,1100,77000,77000,655,1
LockFreeBased,1100,77000,76481,780,0
LockFreeBased,1200,77000,77000,744,1
LockFreeBased,1200,77000,74759,803,0
LockFreeBased,1300,77000,77000,680,1
LockFreeBased,1300,77000,75923,511,0
LockFreeBased,1400,77000,77000,656,1
LockFreeBased,1400,77000,72601,661,0
LockFreeBased,1500,77000,77000,695,1
LockFreeBased,1500,77000,77000,809,0
LockFreeBased,1600,77000,77000,613,1
LockFreeBased,1600,77000,77000,880,0
LockFreeBased,1700,77000,77000,553,1
LockFreeBased,1700,77000,77000,609,0
LockFreeBased,1800,77000,77000,580,1
LockFreeBased,1800,77000,77000,857,0
LockFreeBased,1900,77000,77000,512,1
LockFreeBased,1900,77000,61507,557,0
LockFreeBased,2000,77000,77000,897,1
LockFreeBased,2000,77000,76917,759,0
LockFreeBased,100,78000,78000,971,1
LockFreeBased,100,78000,59001,564,0
LockFreeBased,200,78000,78000,801,1
LockFreeBased,200,78000,73750,737,0
LockFreeBased,300,78000,78000,573,1
LockFreeBased,300,78000,76589,637,0
LockFreeBased,400,78000,78000,555,1
LockFreeBased,400,78000,65308,499,0
LockFreeBased,500,78000,78000,908,1
LockFreeBased,500,78000,76937,3589,0
LockFreeBased,600,78000,78000,1663,1
LockFreeBased,600,78000,78000,1547,0
LockFreeBased,700,78000,78000,1167,1
LockFreeBased,700,78000,73912,685,0
LockFreeBased,800,78000,78000,936,1
LockFreeBased,800,78000,64152,747,0
LockFreeBased,900,78000,78000,1058,1
LockFreeBased,900,78000,29847,462,0
LockFreeBased,1000,78000,78000,904,1
LockFreeBased,1000,78000,45666,493,0
LockFreeBased,1100,78000,78000,748,1
LockFreeBased,1100,78000,74544,636,0
LockFreeBased,1200,78000,78000,720,1
LockFreeBased,1200,78000,74846,600,0
LockFreeBased,1300,78000,78000,815,1
LockFreeBased,1300,78000,61548,452,0
LockFreeBased,1400,78000,78000,590,1
LockFreeBased,1400,78000,78000,523,0
LockFreeBased,1500,78000,78000,567,1
LockFreeBased,1500,78000,75596,613,0
LockFreeBased,1600,78000,78000,700,1
LockFreeBased,1600,78000,75168,577,0
LockFreeBased,1700,78000,78000,592,1
LockFreeBased,1700,78000,75218,577,0
LockFreeBased,1800,78000,78000,806,1
LockFreeBased,1800,78000,66345,536,0
LockFreeBased,1900,78000,78000,580,1
LockFreeBased,1900,78000,76149,603,0
LockFreeBased,2000,78000,78000,753,1
LockFreeBased,2000,78000,74327,646,0
LockFreeBased,100,79000,79000,929,1
LockFreeBased,100,79000,78845,840,0
LockFreeBased,200,79000,79000,699,1
LockFreeBased,200,79000,68288,526,0
LockFreeBased,300,79000,79000,631,1
LockFreeBased,300,79000,74630,668,0
LockFreeBased,400,79000,79000,851,1
LockFreeBased,400,79000,79000,682,0
LockFreeBased,500,79000,79000,773,1
LockFreeBased,500,79000,26916,309,0
LockFreeBased,600,79000,79000,673,1
LockFreeBased,600,79000,75546,731,0
LockFreeBased,700,79000,79000,685,1
LockFreeBased,700,79000,69130,510,0
LockFreeBased,800,79000,79000,658,1
LockFreeBased,800,79000,76477,615,0
LockFreeBased,900,79000,79000,752,1
LockFreeBased,900,79000,79000,870,0
LockFreeBased,1000,79000,79000,701,1
LockFreeBased,1000,79000,70128,568,0
LockFreeBased,1100,79000,79000,632,1
LockFreeBased,1100,79000,76307,616,0
LockFreeBased,1200,79000,79000,782,1
LockFreeBased,1200,79000,57656,484,0
LockFreeBased,1300,79000,79000,918,1
LockFreeBased,1300,79000,37652,1388,0
LockFreeBased,1400,79000,79000,1875,1
LockFreeBased,1400,79000,33828,744,0
LockFreeBased,1500,79000,79000,1841,1
LockFreeBased,1500,79000,79000,1327,0
LockFreeBased,1600,79000,79000,1032,1
LockFreeBased,1600,79000,73712,855,0
LockFreeBased,1700,79000,79000,963,1
LockFreeBased,1700,79000,71983,902,0
LockFreeBased,1800,79000,79000,798,1
LockFreeBased,1800,79000,79000,936,0
LockFreeBased,1900,79000,79000,782,1
LockFreeBased,1900,79000,79000,940,0
LockFreeBased,2000,79000,79000,689,1
LockFreeBased,2000,79000,42488,435,0
LockFreeBased,100,80000,80000,631,1
LockFreeBased,100,80000,45377,636,0
LockFreeBased,200,80000,80000,740,1
LockFreeBased,200,80000,80000,862,0
LockFreeBased,300,80000,80000,690,1
LockFreeBased,300,80000,80000,569,0
LockFreeBased,400,80000,80000,920,1
LockFreeBased,400,80000,80000,918,0
LockFreeBased,500,80000,80000,564,1
LockFreeBased,500,80000,62558,483,0
LockFreeBased,600,80000,80000,552,1
LockFreeBased,600,80000,58306,476,0
LockFreeBased,700,80000,80000,700,1
LockFreeBased,700,80000,80000,937,0
LockFreeBased,800,80000,80000,761,1
LockFreeBased,800,80000,56106,471,0
LockFreeBased,900,80000,80000,556,1
LockFreeBased,900,80000,77182,608,0
LockFreeBased,1000,80000,80000,656,1
LockFreeBased,1000,80000,80000,964,0
LockFreeBased,1100,80000,80000,572,1
LockFreeBased,1100,80000,66348,482,0
LockFreeBased,1200,80000,80000,598,1
LockFreeBased,1200,80000,75838,809,0
LockFreeBased,1300,80000,80000,1160,1
LockFreeBased,1300,80000,63205,552,0
LockFreeBased,1400,80000,80000,663,1
LockFreeBased,1400,80000,77260,927,0
LockFreeBased,1500,80000,80000,910,1
LockFreeBased,1500,80000,80000,766,0
LockFreeBased,1600,80000,80000,686,1
LockFreeBased,1600,80000,76926,662,0
LockFreeBased,1700,80000,80000,664,1
LockFreeBased,1700,80000,58967,612,0
LockFreeBased,1800,80000,80000,668,1
LockFreeBased,1800,80000,77672,739,0
LockFreeBased,1900,80000,80000,617,1
LockFreeBased,1900,80000,78151,704,0
LockFreeBased,2000,80000,80000,626,1
LockFreeBased,2000,80000,68388,661,0
LockFreeBased,100,81000,81000,901,1
LockFreeBased,100,81000,27198,310,0
LockFreeBased,200,81000,81000,758,1
LockFreeBased,200,81000,81000,637,0
LockFreeBased,300,81000,81000,819,1
LockFreeBased,300,81000,76675,684,0
LockFreeBased,400,81000,81000,684,1
LockFreeBased,400,81000,52664,499,0
LockFreeBased,500,81000,81000,652,1
LockFreeBased,500,81000,37518,384,0
LockFreeBased,600,81000,81000,820,1
LockFreeBased,600,81000,29118,1251,0
LockFreeBased,700,81000,81000,930,1
LockFreeBased,700,81000,77251,546,0
LockFreeBased,800,81000,81000,553,1
LockFreeBased,800,81000,9484,253,0
LockFreeBased,900,81000,81000,658,1
LockFreeBased,900,81000,65125,431,0
LockFreeBased,1000,81000,81000,743,1
LockFreeBased,1000,81000,51484,395,0
LockFreeBased,1100,81000,81000,658,1
LockFreeBased,1100,81000,50493,444,0
LockFreeBased,1200,81000,81000,907,1
LockFreeBased,1200,81000,78112,662,0
LockFreeBased,1300,81000,81000,594,1
LockFreeBased,1300,81000,81000,585,0
LockFreeBased,1400,81000,81000,845,1
LockFreeBased,1400,81000,43659,410,0
LockFreeBased,1500,81000,81000,651,1
LockFreeBased,1500,81000,79653,717,0
LockFreeBased,1600,81000,81000,703,1
LockFreeBased,1600,81000,81000,876,0
LockFreeBased,1700,81000,81000,704,1
LockFreeBased,1700,81000,64252,611,0
LockFreeBased,1800,81000,81000,695,1
LockFreeBased,1800,81000,70649,787,0
LockFreeBased,1900,81000,81000,866,1
LockFreeBased,1900,81000,22113,473,0
LockFreeBased,2000,81000,81000,687,1
LockFreeBased,2000,81000,81000,671,0
LockFreeBased,100,82000,82000,679,1
LockFreeBased,100,82000,65529,504,0
LockFreeBased,200,82000,82000,642,1
LockFreeBased,200,82000,60745,488,0
LockFreeBased,300,82000,82000,729,1
LockFreeBased,300,82000,81998,718,0
LockFreeBased,400,82000,82000,666,1
LockFreeBased,400,82000,72474,650,0
LockFreeBased,500,82000,82000,703,1
LockFreeBased,500,82000,66624,594,0
LockFreeBased,600,82000,82000,674,1
LockFreeBased,600,82000,82000,711,0
LockFreeBased,700,82000,82000,678,1
LockFreeBased,700,82000,78057,669,0
LockFreeBased,800,82000,82000,901,1
LockFreeBased,800,82000,82000,712,0
LockFreeBased,900,82000,82000,879,1
LockFreeBased,900,82000,78839,664,0
LockFreeBased,1000,82000,82000,570,1
LockFreeBased,1000,82000,78030,739,0
LockFreeBased,1100,82000,82000,1032,1
LockFreeBased,1100,82000,82000,673,0
LockFreeBased,1200,82000,82000,862,1
LockFreeBased,1200,82000,79255,675,0
LockFreeBased,1300,82000,82000,705,1
LockFreeBased,1300,82000,80835,555,0
LockFreeBased,1400,82000,82000,787,1
LockFreeBased,1400,82000,77721,717,0
LockFreeBased,1500,82000,82000,718,1
LockFreeBased,1500,82000,80342,598,0
LockFreeBased,1600,82000,82000,655,1
LockFreeBased,1600,82000,69181,515,0
LockFreeBased,1700,82000,82000,662,1
LockFreeBased,1700,82000,82000,882,0
LockFreeBased,1800,82000,82000,608,1
LockFreeBased,1800,82000,58622,554,0
LockFreeBased,1900,82000,82000,679,1
LockFreeBased,1900,82000,80794,642,0
LockFreeBased,2000,82000,82000,888,1
LockFreeBased,2000,82000,75759,584,0
LockFreeBased,100,83000,83000,966,1
LockFreeBased,100,83000,60809,452,0
LockFreeBased,200,83000,83000,615,1
LockFreeBased,200,83000,67098,577,0
LockFreeBased,300,83000,83000,705,1
LockFreeBased,300,83000,82234,920,0
LockFreeBased,400,83000,83000,879,1
LockFreeBased,400,83000,81834,868,0
LockFreeBased,500,83000,83000,674,1
LockFreeBased,500,83000,81567,661,0
LockFreeBased,600,83000,83000,904,1
LockFreeBased,600,83000,60553,539,0
LockFreeBased,700,83000,83000,696,1
LockFreeBased,700,83000,79792,647,0
LockFreeBased,800,83000,83000,685,1
LockFreeBased,800,83000,82412,606,0
LockFreeBased,900,83000,83000,695,1
LockFreeBased,900,83000,64441,567,0
LockFreeBased,1000,83000,83000,693,1
LockFreeBased,1000,83000,80072,667,0
LockFreeBased,1100,83000,83000,683,1
LockFreeBased,1100,83000,64563,573,0
LockFreeBased,1200,83000,83000,700,1
LockFreeBased,1200,83000,83000,729,0
LockFreeBased,1300,83000,83000,665,1
LockFreeBased,1300,83000,79298,676,0
LockFreeBased,1400,83000,83000,668,1
LockFreeBased,1400,83000,68419,615,0
LockFreeBased,1500,83000,83000,660,1
LockFreeBased,1500,83000,18647,430,0
LockFreeBased,1600,83000,83000,773,1
LockFreeBased,1600,83000,47765,543,0
LockFreeBased,1700,83000,83000,662,1
LockFreeBased,1700,83000,79790,744,0
LockFreeBased,1800,83000,83000,787,1
LockFreeBased,1800,83000,76222,624,0
LockFreeBased,1900,83000,83000,939,1
LockFreeBased,1900,83000,83000,577,0
LockFreeBased,2000,83000,83000,594,1
LockFreeBased,2000,83000,83000,803,0
LockFreeBased,100,84000,84000,679,1
LockFreeBased,100,84000,18179,230,0
LockFreeBased,200,84000,84000,823,1
LockFreeBased,200,84000,71967,612,0
LockFreeBased,300,84000,84000,755,1
LockFreeBased,300,84000,79787,723,0
LockFreeBased,400,84000,84000,600,1
LockFreeBased,400,84000,81808,631,0
LockFreeBased,500,84000,84000,616,1
LockFreeBased,500,84000,84000,616,0
LockFreeBased,600,84000,84000,872,1
LockFreeBased,600,84000,51363,473,0
LockFreeBased,700,84000,84000,766,1
LockFreeBased,700,84000,75739,818,0
LockFreeBased,800,84000,84000,842,1
LockFreeBased,800,84000,63362,946,0
LockFreeBased,900,84000,84000,667,1
LockFreeBased,900,84000,84000,965,0
LockFreeBased,1000,84000,84000,671,1
LockFreeBased,1000,84000,83214,647,0
LockFreeBased,1100,84000,84000,740,1
LockFreeBased,1100,84000,76927,690,0
LockFreeBased,1200,84000,84000,721,1
LockFreeBased,1200,84000,84000,718,0
LockFreeBased,1300,84000,84000,740,1
LockFreeBased,1300,84000,73851,686,0
LockFreeBased,1400,84000,84000,743,1
LockFreeBased,1400,84000,84000,732,0
LockFreeBased,1500,84000,84000,720,1
LockFreeBased,1500,84000,78250,630,0
LockFreeBased,1600,84000,84000,678,1
LockFreeBased,1600,84000,83816,683,0
LockFreeBased,1700,84000,84000,2628,1
LockFreeBased,1700,84000,80949,1170,0
LockFreeBased,1800,84000,84000,1730,1
LockFreeBased,1800,84000,69884,1015,0
LockFreeBased,1900,84000,84000,1140,1
LockFreeBased,1900,84000,67785,812,0
LockFreeBased,2000,84000,84000,914,1
LockFreeBased,2000,84000,84000,782,0
LockFreeBased,100,85000,85000,747,1
LockFreeBased,100,85000,12183,233,0
LockFreeBased,200,85000,85000,690,1
LockFreeBased,200,85000,85000,854,0
LockFreeBased,300,85000,85000,945,1
LockFreeBased,300,85000,54904,516,0
LockFreeBased,400,85000,85000,655,1
LockFreeBased,400,85000,66914,575,0
LockFreeBased,500,85000,85000,647,1
LockFreeBased,500,85000,65479,575,0
LockFreeBased,600,85000,85000,693,1
LockFreeBased,600,85000,73745,603,0
LockFreeBased,700,85000,85000,763,1
LockFreeBased,700,85000,83520,542,0
LockFreeBased,800,85000,85000,767,1
LockFreeBased,800,85000,74787,860,0
LockFreeBased,900,85000,85000,684,1
LockFreeBased,900,85000,31832,521,0
LockFreeBased,1000,85000,85000,675,1
LockFreeBased,1000,85000,78192,611,0
LockFreeBased,1100,85000,85000,710,1
LockFreeBased,1100,85000,81787,685,0
LockFreeBased,1200,85000,85000,703,1
LockFreeBased,1200,85000,85000,729,0
LockFreeBased,1300,85000,85000,1027,1
LockFreeBased,1300,85000,61688,593,0
LockFreeBased,1400,85000,85000,739,1
LockFreeBased,1400,85000,42710,425,0
LockFreeBased,1500,85000,85000,775,1
LockFreeBased,1500,85000,85000,888,0
LockFreeBased,1600,85000,85000,744,1
LockFreeBased,1600,85000,81205,726,0
LockFreeBased,1700,85000,85000,780,1
LockFreeBased,1700,85000,30905,343,0
LockFreeBased,1800,85000,85000,717,1
LockFreeBased,1800,85000,82740,731,0
LockFreeBased,1900,85000,85000,682,1
LockFreeBased,1900,85000,75994,704,0
LockFreeBased,2000,85000,85000,908,1
LockFreeBased,2000,85000,65598,1109,0
LockFreeBased,100,86000,86000,888,1
LockFreeBased,100,86000,82758,692,0
LockFreeBased,200,86000,86000,808,1
LockFreeBased,200,86000,38156,421,0
LockFreeBased,300,86000,86000,735,1
LockFreeBased,300,86000,82490,633,0
LockFreeBased,400,86000,86000,745,1
LockFreeBased,400,86000,64395,570,0
LockFreeBased,500,86000,86000,861,1
LockFreeBased,500,86000,86000,667,0
LockFreeBased,600,86000,86000,911,1
LockFreeBased,600,86000,81174,687,0
LockFreeBased,700,86000,86000,743,1
LockFreeBased,700,86000,40947,480,0
LockFreeBased,800,86000,86000,750,1
LockFreeBased,800,86000,61825,582,0
LockFreeBased,900,86000,86000,880,1
LockFreeBased,900,86000,51112,503,0
LockFreeBased,1000,86000,86000,722,1
LockFreeBased,1000,86000,82496,753,0
LockFreeBased,1100,86000,86000,904,1
LockFreeBased,1100,86000,86000,920,0
LockFreeBased,1200,86000,86000,948,1
LockFreeBased,1200,86000,14107,305,0
LockFreeBased,1300,86000,86000,871,1
LockFreeBased,1300,86000,81786,758,0
LockFreeBased,1400,86000,86000,670,1
LockFreeBased,1400,86000,86000,878,0
LockFreeBased,1500,86000,86000,758,1
LockFreeBased,1500,86000,83656,646,0
LockFreeBased,1600,86000,86000,923,1
LockFreeBased,1600,86000,61176,489,0
LockFreeBased,1700,86000,86000,823,1
LockFreeBased,1700,86000,41715,412,0
LockFreeBased,1800,86000,86000,809,1
LockFreeBased,1800,86000,85944,649,0
LockFreeBased,1900,86000,86000,938,1
LockFreeBased,1900,86000,74325,528,0
LockFreeBased,2000,86000,86000,566,1
LockFreeBased,2000,86000,80835,770,0
LockFreeBased,100,87000,87000,714,1
LockFreeBased,100,87000,87000,747,0
LockFreeBased,200,87000,87000,670,1
LockFreeBased,200,87000,68611,585,0
LockFreeBased,300,87000,87000,945,1
LockFreeBased,300,87000,80906,954,0
LockFreeBased,400,87000,87000,1165,1
LockFreeBased,400,87000,32553,386,0
LockFreeBased,500,87000,87000,1093,1
LockFreeBased,500,87000,65313,838,0
LockFreeBased,600,87000,87000,646,1
LockFreeBased,600,87000,1159,635,0
LockFreeBased,700,87000,87000,927,1
LockFreeBased,700,87000,74465,934,0
LockFreeBased,800,87000,87000,797,1
LockFreeBased,800,87000,45985,395,0
LockFreeBased,900,87000,87000,911,1
LockFreeBased,900,87000,48594,593,0
LockFreeBased,1000,87000,87000,982,1
LockFreeBased,1000,87000,87000,932,0
LockFreeBased,1100,87000,87000,1064,1
LockFreeBased,1100,87000,87000,663,0
LockFreeBased,1200,87000,87000,762,1
LockFreeBased,1200,87000,87000,698,0
LockFreeBased,1300,87000,87000,733,1
LockFreeBased,1300,87000,44732,582,0
LockFreeBased,1400,87000,87000,955,1
LockFreeBased,1400,87000,71470,714,0
LockFreeBased,1500,87000,87000,909,1
LockFreeBased,1500,87000,87000,815,0
LockFreeBased,1600,87000,87000,719,1
LockFreeBased,1600,87000,87000,773,0
LockFreeBased,1700,87000,87000,737,1
LockFreeBased,1700,87000,85669,915,0
LockFreeBased,1800,87000,87000,739,1
LockFreeBased,1800,87000,84357,729,0
LockFreeBased,1900,87000,87000,737,1
LockFreeBased,1900,87000,9328,286,0
LockFreeBased,2000,87000,87000,755,1
LockFreeBased,2000,87000,87000,764,0
LockFreeBased,100,88000,88000,771,1
LockFreeBased,100,88000,87794,853,0
LockFreeBased,200,88000,88000,1080,1
LockFreeBased,200,88000,76155,701,0
LockFreeBased,300,88000,88000,739,1
LockFreeBased,300,88000,60687,607,0
LockFreeBased,400,88000,88000,782,1
LockFreeBased,400,88000,55700,769,0
LockFreeBased,500,88000,88000,1118,1
LockFreeBased,500,88000,85059,841,0
LockFreeBased,600,88000,88000,757,1
LockFreeBased,600,88000,81286,898,0
LockFreeBased,700,88000,88000,690,1
LockFreeBased,700,88000,76118,616,0
LockFreeBased,800,88000,88000,718,1
LockFreeBased,800,88000,63357,561,0
LockFreeBased,900,88000,88000,868,1
LockFreeBased,900,88000,88000,900,0
LockFreeBased,1000,88000,88000,735,1
LockFreeBased,1000,88000,84814,632,0
LockFreeBased,1100,88000,88000,732,1
LockFreeBased,1100,88000,83484,684,0
LockFreeBased,1200,88000,88000,730,1
LockFreeBased,1200,88000,84290,741,0
LockFreeBased,1300,88000,88000,694,1
LockFreeBased,1300,88000,73873,656,0
LockFreeBased,1400,88000,88000,693,1
LockFreeBased,1400,88000,85253,844,0
LockFreeBased,1500,88000,88000,886,1
LockFreeBased,1500,88000,40305,430,0
LockFreeBased,1600,88000,88000,901,1
LockFreeBased,1600,88000,55567,798,0
LockFreeBased,1700,88000,88000,855,1
LockFreeBased,1700,88000,74777,633,0
LockFreeBased,1800,88000,88000,794,1
LockFreeBased,1800,88000,14007,547,0
LockFreeBased,1900,88000,88000,3897,1
LockFreeBased,1900,88000,60793,966,0
LockFreeBased,2000,88000,88000,1023,1
LockFreeBased,2000,88000,88000,797,0
LockFreeBased,100,89000,89000,1242,1
LockFreeBased,100,89000,88942,1158,0
LockFreeBased,200,89000,89000,1178,1
LockFreeBased,200,89000,84858,826,0
LockFreeBased,300,89000,89000,815,1
LockFreeBased,300,89000,25302,376,0
LockFreeBased,400,89000,89000,862,1
LockFreeBased,400,89000,89000,875,0
LockFreeBased,500,89000,89000,815,1
LockFreeBased,500,89000,87027,899,0
LockFreeBased,600,89000,89000,748,1
LockFreeBased,600,89000,85599,681,0
LockFreeBased,700,89000,89000,700,1
LockFreeBased,700,89000,84715,676,0
LockFreeBased,800,89000,89000,794,1
LockFreeBased,800,89000,73092,696,0
LockFreeBased,900,89000,89000,756,1
LockFreeBased,900,89000,89000,715,0
LockFreeBased,1000,89000,89000,777,1
LockFreeBased,1000,89000,84678,717,0
LockFreeBased,1100,89000,89000,795,1
LockFreeBased,1100,89000,85063,700,0
LockFreeBased,1200,89000,89000,721,1
LockFreeBased,1200,89000,84854,735,0
LockFreeBased,1300,89000,89000,803,1
LockFreeBased,1300,89000,74407,717,0
LockFreeBased,1400,89000,89000,593,1
LockFreeBased,1400,89000,85221,633,0
LockFreeBased,1500,89000,89000,996,1
LockFreeBased,1500,89000,88410,808,0
LockFreeBased,1600,89000,89000,923,1
LockFreeBased,1600,89000,87454,773,0
LockFreeBased,1700,89000,89000,973,1
LockFreeBased,1700,89000,89000,932,0
LockFreeBased,1800,89000,89000,776,1
LockFreeBased,1800,89000,89000,959,0
LockFreeBased,1900,89000,89000,655,1
LockFreeBased,1900,89000,86656,605,0
LockFreeBased,2000,89000,89000,577,1
LockFreeBased,2000,89000,65057,501,0
LockFreeBased,100,90000,90000,979,1
LockFreeBased,100,90000,90000,674,0
LockFreeBased,200,90000,90000,697,1
LockFreeBased,200,90000,67050,523,0
LockFreeBased,300,90000,90000,837,1
LockFreeBased,300,90000,84330,806,0
LockFreeBased,400,90000,90000,958,1
LockFreeBased,400,90000,44680,469,0
LockFreeBased,500,90000,90000,728,1
LockFreeBased,500,90000,85158,740,0
LockFreeBased,600,90000,90000,991,1
LockFreeBased,600,90000,51334,877,0
LockFreeBased,700,90000,90000,752,1
LockFreeBased,700,90000,90000,716,0
LockFreeBased,800,90000,90000,728,1
LockFreeBased,800,90000,49203,482,0
LockFreeBased,900,90000,90000,908,1
LockFreeBased,900,90000,90000,824,0
LockFreeBased,1000,90000,90000,662,1
LockFreeBased,1000,90000,76297,594,0
LockFreeBased,1100,90000,90000,3081,1
LockFreeBased,1100,90000,88775,2223,0
LockFreeBased,1200,90000,90000,767,1
LockFreeBased,1200,90000,26210,768,0
LockFreeBased,1300,90000,90000,1332,1
LockFreeBased,1300,90000,70933,1068,0
LockFreeBased,1400,90000,90000,1276,1
LockFreeBased,1400,90000,88238,1198,0
LockFreeBased,1500,90000,90000,1052,1
LockFreeBased,1500,90000,73704,709,0
LockFreeBased,1600,90000,90000,836,1
LockFreeBased,1600,90000,86664,720,0
LockFreeBased,1700,90000,90000,743,1
LockFreeBased,1700,90000,90000,901,0
LockFreeBased,1800,90000,90000,783,1
LockFreeBased,1800,90000,90000,673,0
LockFreeBased,1900,90000,90000,574,1
LockFreeBased,1900,90000,64468,439,0
LockFreeBased,2000,90000,90000,802,1
LockFreeBased,2000,90000,90000,694,0
LockFreeBased,100,91000,91000,634,1
LockFreeBased,100,91000,49493,414,0
LockFreeBased,200,91000,91000,673,1
LockFreeBased,200,91000,81860,706,0
LockFreeBased,300,91000,91000,688,1
LockFreeBased,300,91000,87195,725,0
LockFreeBased,400,91000,91000,684,1
LockFreeBased,400,91000,88112,1002,0
LockFreeBased,500,91000,91000,711,1
LockFreeBased,500,91000,53244,672,0
LockFreeBased,600,91000,91000,653,1
LockFreeBased,600,91000,57170,523,0
LockFreeBased,700,91000,91000,655,1
LockFreeBased,700,91000,62233,566,0
LockFreeBased,800,91000,91000,675,1
LockFreeBased,800,91000,87913,713,0
LockFreeBased,900,91000,91000,754,1
LockFreeBased,900,91000,88486,658,0
LockFreeBased,1000,91000,91000,686,1
LockFreeBased,1000,91000,73395,665,0
LockFreeBased,1100,91000,91000,794,1
LockFreeBased,1100,91000,53377,474,0
LockFreeBased,1200,91000,91000,960,1
LockFreeBased,1200,91000,91000,724,0
LockFreeBased,1300,91000,91000,824,1
LockFreeBased,1300,91000,91000,1030,0
LockFreeBased,1400,91000,91000,701,1
LockFreeBased,1400,91000,78596,632,0
LockFreeBased,1500,91000,91000,780,1
LockFreeBased,1500,91000,91000,824,0
LockFreeBased,1600,91000,91000,934,1
LockFreeBased,1600,91000,91000,799,0
LockFreeBased,1700,91000,91000,694,1
LockFreeBased,1700,91000,85991,1115,0
LockFreeBased,1800,91000,91000,778,1
LockFreeBased,1800,91000,91000,977,0
LockFreeBased,1900,91000,91000,668,1
LockFreeBased,1900,91000,52841,450,0
LockFreeBased,2000,91000,91000,829,1
LockFreeBased,2000,91000,74446,593,0
LockFreeBased,100,92000,92000,804,1
LockFreeBased,100,92000,91997,828,0
LockFreeBased,200,92000,92000,715,1
LockFreeBased,200,92000,76490,792,0
LockFreeBased,300,92000,92000,885,1
LockFreeBased,300,92000,92000,989,0
LockFreeBased,400,92000,92000,833,1
LockFreeBased,400,92000,66221,635,0
LockFreeBased,500,92000,92000,1760,1
LockFreeBased,500,92000,88860,1155,0
LockFreeBased,600,92000,92000,1082,1
LockFreeBased,600,92000,92000,1643,0
LockFreeBased,700,92000,92000,1370,1
LockFreeBased,700,92000,26178,484,0
LockFreeBased,800,92000,92000,1108,1
LockFreeBased,800,92000,66743,686,0
LockFreeBased,900,92000,92000,832,1
LockFreeBased,900,92000,90829,752,0
LockFreeBased,1000,92000,92000,831,1
LockFreeBased,1000,92000,90477,733,0
LockFreeBased,1100,92000,92000,978,1
LockFreeBased,1100,92000,78563,722,0
LockFreeBased,1200,92000,92000,815,1
LockFreeBased,1200,92000,69571,584,0
LockFreeBased,1300,92000,92000,743,1
LockFreeBased,1300,92000,91871,944,0
LockFreeBased,1400,92000,92000,1009,1
LockFreeBased,1400,92000,58028,537,0
LockFreeBased,1500,92000,92000,920,1
LockFreeBased,1500,92000,92000,650,0
LockFreeBased,1600,92000,92000,669,1
LockFreeBased,1600,92000,59316,502,0
LockFreeBased,1700,92000,92000,1048,1
LockFreeBased,1700,92000,66853,583,0
LockFreeBased,1800,92000,92000,1151,1
LockFreeBased,1800,92000,84038,790,0
LockFreeBased,1900,92000,92000,790,1
LockFreeBased,1900,92000,73518,680,0
LockFreeBased,2000,92000,92000,824,1
LockFreeBased,2000,92000,92000,944,0
LockFreeBased,100,93000,93000,835,1
LockFreeBased,100,93000,84485,743,0
LockFreeBased,200,93000,93000,879,1
LockFreeBased,200,93000,92916,967,0
LockFreeBased,300,93000,93000,770,1
LockFreeBased,300,93000,58935,550,0
LockFreeBased,400,93000,93000,1002,1
LockFreeBased,400,93000,84170,946,0
LockFreeBased,500,93000,93000,689,1
LockFreeBased,500,93000,92991,604,0
LockFreeBased,600,93000,93000,850,1
LockFreeBased,600,93000,68708,544,0
LockFreeBased,700,93000,93000,837,1
LockFreeBased,700,93000,93000,908,0
LockFreeBased,800,93000,93000,752,1
LockFreeBased,800,93000,12357,310,0
LockFreeBased,900,93000,93000,929,1
LockFreeBased,900,93000,93000,1000,0
LockFreeBased,1000,93000,93000,770,1
LockFreeBased,1000,93000,89948,679,0
LockFreeBased,1100,93000,93000,741,1
LockFreeBased,1100,93000,76378,658,0
LockFreeBased,1200,93000,93000,851,1
LockFreeBased,1200,93000,81586,759,0
LockFreeBased,1300,93000,93000,702,1
LockFreeBased,1300,93000,46431,402,0
LockFreeBased,1400,93000,93000,616,1
LockFreeBased,1400,93000,93000,970,0
LockFreeBased,1500,93000,93000,2173,1
LockFreeBased,1500,93000,82226,1466,0
LockFreeBased,1600,93000,93000,1385,1
LockFreeBased,1600,93000,42555,588,0
LockFreeBased,1700,93000,93000,891,1
LockFreeBased,1700,93000,79818,1003,0
LockFreeBased,1800,93000,93000,982,1
LockFreeBased,1800,93000,93000,1027,0
LockFreeBased,1900,93000,93000,808,1
LockFreeBased,1900,93000,69225,633,0
LockFreeBased,2000,93000,93000,873,1
LockFreeBased,2000,93000,90858,724,0
LockFreeBased,100,94000,94000,639,1
LockFreeBased,100,94000,92535,633,0
LockFreeBased,200,94000,94000,706,1
LockFreeBased,200,94000,91469,870,0
LockFreeBased,300,94000,94000,748,1
LockFreeBased,300,94000,89937,631,0
LockFreeBased,400,94000,94000,681,1
LockFreeBased,400,94000,46250,484,0
LockFreeBased,500,94000,94000,713,1
LockFreeBased,500,94000,94000,731,0
LockFreeBased,600,94000,94000,731,1
LockFreeBased,600,94000,94000,979,0
LockFreeBased,700,94000,94000,783,1
LockFreeBased,700,94000,94000,1039,0
LockFreeBased,800,94000,94000,648,1
LockFreeBased,800,94000,89249,877,0
LockFreeBased,900,94000,94000,777,1
LockFreeBased,900,94000,24848,384,0
LockFreeBased,1000,94000,94000,692,1
LockFreeBased,1000,94000,75716,596,0
LockFreeBased,1100,94000,94000,788,1
LockFreeBased,1100,94000,80466,639,0
LockFreeBased,1200,94000,94000,798,1
LockFreeBased,1200,94000,90112,785,0
LockFreeBased,1300,94000,94000,723,1
LockFreeBased,1300,94000,92792,883,0
LockFreeBased,1400,94000,94000,742,1
LockFreeBased,1400,94000,49274,472,0
LockFreeBased,1500,94000,94000,781,1
LockFreeBased,1500,94000,93726,804,0
LockFreeBased,1600,94000,94000,794,1
LockFreeBased,1600,94000,89916,766,0
LockFreeBased,1700,94000,94000,794,1
LockFreeBased,1700,94000,72187,642,0
LockFreeBased,1800,94000,94000,787,1
LockFreeBased,1800,94000,80624,745,0
LockFreeBased,1900,94000,94000,1119,1
LockFreeBased,1900,94000,85804,1460,0
LockFreeBased,2000,94000,94000,789,1
LockFreeBased,2000,94000,94000,803,0
LockFreeBased,100,95000,95000,776,1
LockFreeBased,100,95000,87148,679,0
LockFreeBased,200,95000,95000,763,1
LockFreeBased,200,95000,81480,713,0
LockFreeBased,300,95000,95000,812,1
LockFreeBased,300,95000,90988,732,0
LockFreeBased,400,95000,95000,884,1
LockFreeBased,400,95000,95000,715,0
LockFreeBased,500,95000,95000,770,1
LockFreeBased,500,95000,92664,785,0
LockFreeBased,600,95000,95000,959,1
LockFreeBased,600,95000,91371,759,0
LockFreeBased,700,95000,95000,762,1
LockFreeBased,700,95000,53892,522,0
LockFreeBased,800,95000,95000,734,1
LockFreeBased,800,95000,91924,748,0
LockFreeBased,900,95000,95000,1228,1
LockFreeBased,900,95000,95000,1391,0
LockFreeBased,1000,95000,95000,821,1
LockFreeBased,1000,95000,61129,562,0
LockFreeBased,1100,95000,95000,704,1
LockFreeBased,1100,95000,89323,692,0
LockFreeBased,1200,95000,95000,859,1
LockFreeBased,1200,95000,90310,736,0
LockFreeBased,1300,95000,95000,812,1
LockFreeBased,1300,95000,95000,754,0
LockFreeBased,1400,95000,95000,794,1
LockFreeBased,1400,95000,49119,681,0
LockFreeBased,1500,95000,95000,730,1
LockFreeBased,1500,95000,13443,256,0
LockFreeBased,1600,95000,95000,759,1
LockFreeBased,1600,95000,95000,717,0
LockFreeBased,1700,95000,95000,713,1
LockFreeBased,1700,95000,91309,733,0
LockFreeBased,1800,95000,95000,776,1
LockFreeBased,1800,95000,91583,796,0
LockFreeBased,1900,95000,95000,699,1
LockFreeBased,1900,95000,93293,696,0
LockFreeBased,2000,95000,95000,916,1
LockFreeBased,2000,95000,89870,1052,0
LockFreeBased,100,96000,96000,1037,1
LockFreeBased,100,96000,87012,781,0
LockFreeBased,200,96000,96000,782,1
LockFreeBased,200,96000,95627,782,0
LockFreeBased,300,96000,96000,936,1
LockFreeBased,300,96000,96000,846,0
LockFreeBased,400,96000,96000,827,1
LockFreeBased,400,96000,79901,667,0
LockFreeBased,500,96000,96000,763,1
LockFreeBased,500,96000,72876,619,0
LockFreeBased,600,96000,96000,863,1
LockFreeBased,600,96000,67629,567,0
LockFreeBased,700,96000,96000,852,1
LockFreeBased,700,96000,87691,748,0
LockFreeBased,800,96000,96000,777,1
LockFreeBased,800,96000,96000,777,0
LockFreeBased,900,96000,96000,761,1
LockFreeBased,900,96000,91910,753,0
LockFreeBased,1000,96000,96000,742,1
LockFreeBased,1000,96000,94664,675,0
LockFreeBased,1100,96000,96000,1027,1
LockFreeBased,1100,96000,92836,827,0
LockFreeBased,1200,96000,96000,824,1
LockFreeBased,1200,96000,95732,805,0
LockFreeBased,1300,96000,96000,767,1
LockFreeBased,1300,96000,67328,542,0
LockFreeBased,1400,96000,96000,746,1
LockFreeBased,1400,96000,73608,602,0
LockFreeBased,1500,96000,96000,766,1
LockFreeBased,1500,96000,93062,752,0
LockFreeBased,1600,96000,96000,826,1
LockFreeBased,1600,96000,92470,759,0
LockFreeBased,1700,96000,96000,849,1
LockFreeBased,1700,96000,96000,1002,0
LockFreeBased,1800,96000,96000,782,1
LockFreeBased,1800,96000,96000,959,0
LockFreeBased,1900,96000,96000,951,1
LockFreeBased,1900,96000,96000,719,0
LockFreeBased,2000,96000,96000,1020,1
LockFreeBased,2000,96000,72026,538,0
LockFreeBased,100,97000,97000,912,1
LockFreeBased,100,97000,75367,646,0
LockFreeBased,200,97000,97000,899,1
LockFreeBased,200,97000,96999,910,0
LockFreeBased,300,97000,97000,768,1
LockFreeBased,300,97000,84689,907,0
LockFreeBased,400,97000,97000,777,1
LockFreeBased,400,97000,61688,562,0
LockFreeBased,500,97000,97000,851,1
LockFreeBased,500,97000,89804,988,0
LockFreeBased,600,97000,97000,873,1
LockFreeBased,600,97000,94407,924,0
LockFreeBased,700,97000,97000,1083,1
LockFreeBased,700,97000,55018,578,0
LockFreeBased,800,97000,97000,1101,1
LockFreeBased,800,97000,93138,753,0
LockFreeBased,900,97000,97000,1009,1
LockFreeBased,900,97000,87708,942,0
LockFreeBased,1000,97000,97000,825,1
LockFreeBased,1000,97000,97000,1025,0
LockFreeBased,1100,97000,97000,696,1
LockFreeBased,1100,97000,76167,1788,0
LockFreeBased,1200,97000,97000,861,1
LockFreeBased,1200,97000,95419,700,0
LockFreeBased,1300,97000,97000,867,1
LockFreeBased,1300,97000,97000,1034,0
LockFreeBased,1400,97000,97000,754,1
LockFreeBased,1400,97000,94943,645,0
LockFreeBased,1500,97000,97000,639,1
LockFreeBased,1500,97000,97000,710,0
LockFreeBased,1600,97000,97000,722,1
LockFreeBased,1600,97000,93821,763,0
LockFreeBased,1700,97000,97000,822,1
LockFreeBased,1700,97000,93925,735,0
LockFreeBased,1800,97000,97000,774,1
LockFreeBased,1800,97000,94383,752,0
LockFreeBased,1900,97000,97000,775,1
LockFreeBased,1900,97000,1899,200,0
LockFreeBased,2000,97000,97000,712,1
LockFreeBased,2000,97000,94178,714,0
LockFreeBased,100,98000,98000,629,1
LockFreeBased,100,98000,69678,679,0
LockFreeBased,200,98000,98000,1083,1
LockFreeBased,200,98000,93595,785,0
LockFreeBased,300,98000,98000,822,1
LockFreeBased,300,98000,98000,1091,0
LockFreeBased,400,98000,98000,891,1
LockFreeBased,400,98000,95669,593,0
LockFreeBased,500,98000,98000,695,1
LockFreeBased,500,98000,98000,1045,0
LockFreeBased,600,98000,98000,705,1
LockFreeBased,600,98000,96133,750,0
LockFreeBased,700,98000,98000,860,1
LockFreeBased,700,98000,98000,956,0
LockFreeBased,800,98000,98000,870,1
LockFreeBased,800,98000,98000,782,0
LockFreeBased,900,98000,98000,1109,1
LockFreeBased,900,98000,85440,679,0
LockFreeBased,1000,98000,98000,2417,1
LockFreeBased,1000,98000,98000,1069,0
LockFreeBased,1100,98000,98000,985,1
LockFreeBased,1100,98000,62901,754,0
LockFreeBased,1200,98000,98000,796,1
LockFreeBased,1200,98000,97073,837,0
LockFreeBased,1300,98000,98000,747,1
LockFreeBased,1300,98000,94540,753,0
LockFreeBased,1400,98000,98000,748,1
LockFreeBased,1400,98000,87828,719,0
LockFreeBased,1500,98000,98000,1089,1
LockFreeBased,1500,98000,90524,752,0
LockFreeBased,1600,98000,98000,820,1
LockFreeBased,1600,98000,94369,741,0
LockFreeBased,1700,98000,98000,736,1
LockFreeBased,1700,98000,93688,811,0
LockFreeBased,1800,98000,98000,797,1
LockFreeBased,1800,98000,96678,759,0
LockFreeBased,1900,98000,98000,928,1
LockFreeBased,1900,98000,98000,867,0
LockFreeBased,2000,98000,98000,928,1
LockFreeBased,2000,98000,86047,952,0
LockFreeBased,100,99000,99000,802,1
LockFreeBased,100,99000,82208,981,0
LockFreeBased,200,99000,99000,1090,1
LockFreeBased,200,99000,96935,1065,0
LockFreeBased,300,99000,99000,985,1
LockFreeBased,300,99000,81249,699,0
LockFreeBased,400,99000,99000,1247,1
LockFreeBased,400,99000,74738,700,0
LockFreeBased,500,99000,99000,859,1
LockFreeBased,500,99000,97151,789,0
LockFreeBased,600,99000,99000,855,1
LockFreeBased,600,99000,70570,662,0
LockFreeBased,700,99000,99000,622,1
LockFreeBased,700,99000,79131,552,0
LockFreeBased,800,99000,99000,815,1
LockFreeBased,800,99000,94777,973,0
LockFreeBased,900,99000,99000,688,1
LockFreeBased,900,99000,60525,512,0
LockFreeBased,1000,99000,99000,643,1
LockFreeBased,1000,99000,98564,720,0
LockFreeBased,1100,99000,99000,2595,1
LockFreeBased,1100,99000,98271,1641,0
LockFreeBased,1200,99000,99000,1362,1
LockFreeBased,1200,99000,89240,838,0
LockFreeBased,1300,99000,99000,1210,1
LockFreeBased,1300,99000,83181,896,0
LockFreeBased,1400,99000,99000,1091,1
LockFreeBased,1400,99000,97672,902,0
LockFreeBased,1500,99000,99000,816,1
LockFreeBased,1500,99000,86528,786,0
LockFreeBased,1600,99000,99000,766,1
LockFreeBased,1600,99000,99000,716,0
LockFreeBased,1700,99000,99000,920,1
LockFreeBased,1700,99000,99000,898,0
LockFreeBased,1800,99000,99000,1044,1
LockFreeBased,1800,99000,98540,620,0
LockFreeBased,1900,99000,99000,1066,1
LockFreeBased,1900,99000,86062,1062,0
LockFreeBased,2000,99000,99000,818,1
LockFreeBased,2000,99000,99000,785,0
LockFreeBased,100,100000,100000,755,1
LockFreeBased,100,100000,63145,515,0
LockFreeBased,200,100000,100000,982,1
LockFreeBased,200,100000,82529,593,0
LockFreeBased,300,100000,100000,783,1
LockFreeBased,300,100000,93481,1038,0
LockFreeBased,400,100000,100000,752,1
LockFreeBased,400,100000,93439,815,0
LockFreeBased,500,100000,100000,667,1
LockFreeBased,500,100000,97489,729,0
LockFreeBased,600,100000,100000,714,1
LockFreeBased,600,100000,89930,669,0
LockFreeBased,700,100000,100000,927,1
LockFreeBased,700,100000,95795,774,0
LockFreeBased,800,100000,100000,1023,1
LockFreeBased,800,100000,33220,369,0
LockFreeBased,900,100000,100000,874,1
LockFreeBased,900,100000,61169,723,0
LockFreeBased,1000,100000,100000,1000,1
LockFreeBased,1000,100000,52594,708,0
LockFreeBased,1100,100000,100000,976,1
LockFreeBased,1100,100000,96348,830,0
LockFreeBased,1200,100000,100000,2503,1
LockFreeBased,1200,100000,63272,1503,0
LockFreeBased,1300,100000,100000,1047,1
LockFreeBased,1300,100000,59477,1040,0
LockFreeBased,1400,100000,100000,1240,1
LockFreeBased,1400,100000,33984,607,0
LockFreeBased,1500,100000,100000,1079,1
LockFreeBased,1500,100000,96662,961,0
LockFreeBased,1600,100000,100000,899,1
LockFreeBased,1600,100000,100000,1076,0
LockFreeBased,1700,100000,100000,860,1
LockFreeBased,1700,100000,98715,1320,0
LockFreeBased,1800,100000,100000,975,1
LockFreeBased,1800,100000,39303,434,0
LockFreeBased,1900,100000,100000,1143,1
LockFreeBased,1900,100000,71388,608,0
LockFreeBased,2000,100000,100000,858,1
LockFreeBased,2000,100000,100000,826,0
LockFreeBased,100,101000,101000,779,1
LockFreeBased,100,101000,93170,703,0
LockFreeBased,200,101000,101000,849,1
LockFreeBased,200,101000,101000,1051,0
LockFreeBased,300,101000,101000,772,1
LockFreeBased,300,101000,101000,723,0
LockFreeBased,400,101000,101000,703,1
LockFreeBased,400,101000,97276,776,0
LockFreeBased,500,101000,101000,2217,1
LockFreeBased,500,101000,98717,755,0
LockFreeBased,600,101000,101000,708,1
LockFreeBased,600,101000,96952,1061,0
LockFreeBased,700,101000,101000,765,1
LockFreeBased,700,101000,92800,869,0
LockFreeBased,800,101000,101000,954,1
LockFreeBased,800,101000,18840,328,0
LockFreeBased,900,101000,101000,987,1
LockFreeBased,900,101000,101000,909,0
LockFreeBased,1000,101000,101000,1051,1
LockFreeBased,1000,101000,95244,2242,0
LockFreeBased,1100,101000,101000,1741,1
LockFreeBased,1100,101000,101000,779,0
LockFreeBased,1200,101000,101000,1432,1
LockFreeBased,1200,101000,101000,1157,0
LockFreeBased,1300,101000,101000,1062,1
LockFreeBased,1300,101000,101000,874,0
LockFreeBased,1400,101000,101000,1104,1
LockFreeBased,1400,101000,74798,874,0
LockFreeBased,1500,101000,101000,1002,1
LockFreeBased,1500,101000,90521,843,0
LockFreeBased,1600,101000,101000,1061,1
LockFreeBased,1600,101000,101000,1031,0
LockFreeBased,1700,101000,101000,851,1
LockFreeBased,1700,101000,99701,937,0
LockFreeBased,1800,101000,101000,827,1
LockFreeBased,1800,101000,97484,772,0
LockFreeBased,1900,101000,101000,820,1
LockFreeBased,1900,101000,66019,607,0
LockFreeBased,2000,101000,101000,940,1
LockFreeBased,2000,101000,79623,666,0
LockFreeBased,100,102000,102000,1029,1
LockFreeBased,100,102000,43386,465,0
LockFreeBased,200,102000,102000,748,1
LockFreeBased,200,102000,97323,732,0
LockFreeBased,300,102000,102000,716,1
LockFreeBased,300,102000,97097,822,0
LockFreeBased,400,102000,102000,1072,1
LockFreeBased,400,102000,85149,921,0
LockFreeBased,500,102000,102000,1071,1
LockFreeBased,500,102000,91083,1007,0
LockFreeBased,600,102000,102000,1256,1
LockFreeBased,600,102000,92863,791,0
LockFreeBased,700,102000,102000,826,1
LockFreeBased,700,102000,27713,376,0
LockFreeBased,800,102000,102000,1224,1
LockFreeBased,800,102000,102000,1206,0
LockFreeBased,900,102000,102000,716,1
LockFreeBased,900,102000,102000,735,0
LockFreeBased,1000,102000,102000,823,1
LockFreeBased,1000,102000,102000,1046,0
LockFreeBased,1100,102000,102000,802,1
LockFreeBased,1100,102000,86883,750,0
LockFreeBased,1200,102000,102000,880,1
LockFreeBased,1200,102000,102000,903,0
LockFreeBased,1300,102000,102000,855,1
LockFreeBased,1300,102000,90199,791,0
LockFreeBased,1400,102000,102000,1173,1
LockFreeBased,1400,102000,79934,893,0
LockFreeBased,1500,102000,102000,1211,1
LockFreeBased,1500,102000,98511,749,0
LockFreeBased,1600,102000,102000,768,1
LockFreeBased,1600,102000,102000,1160,0
LockFreeBased,1700,102000,102000,868,1
LockFreeBased,1700,102000,88583,630,0
LockFreeBased,1800,102000,102000,800,1
LockFreeBased,1800,102000,58154,575,0
LockFreeBased,1900,102000,102000,1038,1
LockFreeBased,1900,102000,101714,999,0
LockFreeBased,2000,102000,102000,1003,1
LockFreeBased,2000,102000,81053,1444,0
LockFreeBased,100,103000,103000,1364,1
LockFreeBased,100,103000,102758,1114,0
LockFreeBased,200,103000,103000,1177,1
LockFreeBased,200,103000,43600,660,0
LockFreeBased,300,103000,103000,1072,1
LockFreeBased,300,103000,75695,781,0
LockFreeBased,400,103000,103000,1158,1
LockFreeBased,400,103000,78992,920,0
LockFreeBased,500,103000,103000,880,1
LockFreeBased,500,103000,100881,713,0
LockFreeBased,600,103000,103000,1248,1
LockFreeBased,600,103000,103000,1112,0
LockFreeBased,700,103000,103000,1011,1
LockFreeBased,700,103000,71655,540,0
LockFreeBased,800,103000,103000,886,1
LockFreeBased,800,103000,78295,635,0
LockFreeBased,900,103000,103000,803,1
LockFreeBased,900,103000,86173,640,0
LockFreeBased,1000,103000,103000,835,1
LockFreeBased,1000,103000,82192,587,0
LockFreeBased,1100,103000,103000,832,1
LockFreeBased,1100,103000,103000,897,0
LockFreeBased,1200,103000,103000,778,1
LockFreeBased,1200,103000,88764,712,0
LockFreeBased,1300,103000,103000,1050,1
LockFreeBased,1300,103000,96175,970,0
LockFreeBased,1400,103000,103000,826,1
LockFreeBased,1400,103000,62852,552,0
LockFreeBased,1500,103000,103000,793,1
LockFreeBased,1500,103000,103000,1062,0
LockFreeBased,1600,103000,103000,781,1
LockFreeBased,1600,103000,103000,759,0
LockFreeBased,1700,103000,103000,967,1
LockFreeBased,1700,103000,103000,1145,0
LockFreeBased,1800,103000,103000,685,1
LockFreeBased,1800,103000,103000,764,0
LockFreeBased,1900,103000,103000,846,1
LockFreeBased,1900,103000,103000,757,0
LockFreeBased,2000,103000,103000,1189,1
LockFreeBased,2000,103000,98803,866,0
LockFreeBased,100,104000,104000,1081,1
LockFreeBased,100,104000,53254,813,0
LockFreeBased,200,104000,104000,857,1
LockFreeBased,200,104000,104000,967,0
LockFreeBased,300,104000,104000,812,1
LockFreeBased,300,104000,98662,894,0
LockFreeBased,400,104000,104000,836,1
LockFreeBased,400,104000,103132,1095,0
LockFreeBased,500,104000,104000,1159,1
LockFreeBased,500,104000,104000,869,0
LockFreeBased,600,104000,104000,1086,1
LockFreeBased,600,104000,89470,625,0
LockFreeBased,700,104000,104000,1144,1
LockFreeBased,700,104000,104000,1148,0
LockFreeBased,800,104000,104000,882,1
LockFreeBased,800,104000,104000,1033,0
LockFreeBased,900,104000,104000,1090,1
LockFreeBased,900,104000,84268,842,0
LockFreeBased,1000,104000,104000,1059,1
LockFreeBased,1000,104000,99070,903,0
LockFreeBased,1100,104000,104000,916,1
LockFreeBased,1100,104000,80673,914,0
LockFreeBased,1200,104000,104000,978,1
LockFreeBased,1200,104000,58632,548,0
LockFreeBased,1300,104000,104000,966,1
LockFreeBased,1300,104000,102821,940,0
LockFreeBased,1400,104000,104000,899,1
LockFreeBased,1400,104000,104000,1093,0
LockFreeBased,1500,104000,104000,760,1
LockFreeBased,1500,104000,97761,963,0
LockFreeBased,1600,104000,104000,987,1
LockFreeBased,1600,104000,103018,888,0
LockFreeBased,1700,104000,104000,913,1
LockFreeBased,1700,104000,104000,912,0
LockFreeBased,1800,104000,104000,790,1
LockFreeBased,1800,104000,104000,915,0
LockFreeBased,1900,104000,104000,854,1
LockFreeBased,1900,104000,81966,774,0
LockFreeBased,2000,104000,104000,804,1
LockFreeBased,2000,104000,57922,709,0
LockFreeBased,100,105000,105000,1119,1
LockFreeBased,100,105000,78221,714,0
LockFreeBased,200,105000,105000,1087,1
LockFreeBased,200,105000,94831,855,0
LockFreeBased,300,105000,105000,756,1
LockFreeBased,300,105000,42938,401,0
LockFreeBased,400,105000,105000,925,1
LockFreeBased,400,105000,94496,734,0
LockFreeBased,500,105000,105000,1156,1
LockFreeBased,500,105000,105000,1076,0
LockFreeBased,600,105000,105000,795,1
LockFreeBased,600,105000,101344,734,0
LockFreeBased,700,105000,105000,725,1
LockFreeBased,700,105000,105000,927,0
LockFreeBased,800,105000,105000,823,1
LockFreeBased,800,105000,95879,728,0
LockFreeBased,900,105000,105000,889,1
LockFreeBased,900,105000,101285,820,0
LockFreeBased,1000,105000,105000,828,1
LockFreeBased,1000,105000,38713,457,0
LockFreeBased,1100,105000,105000,894,1
LockFreeBased,1100,105000,87369,1060,0
LockFreeBased,1200,105000,105000,941,1
LockFreeBased,1200,105000,102909,818,0
LockFreeBased,1300,105000,105000,1122,1
LockFreeBased,1300,105000,105000,870,0
LockFreeBased,1400,105000,105000,1082,1
LockFreeBased,1400,105000,69241,642,0
LockFreeBased,1500,105000,105000,884,1
LockFreeBased,1500,105000,50175,563,0
LockFreeBased,1600,105000,105000,817,1
LockFreeBased,1600,105000,90762,756,0
LockFreeBased,1700,105000,105000,914,1
LockFreeBased,1700,105000,105000,1151,0
LockFreeBased,1800,105000,105000,1092,1
LockFreeBased,1800,105000,102783,745,0
LockFreeBased,1900,105000,105000,817,1
LockFreeBased,1900,105000,101522,832,0
LockFreeBased,2000,105000,105000,950,1
LockFreeBased,2000,105000,102521,1255,0
LockFreeBased,100,106000,106000,1151,1
LockFreeBased,100,106000,105893,903,0
LockFreeBased,200,106000,106000,1149,1
LockFreeBased,200,106000,105837,888,0
LockFreeBased,300,106000,106000,758,1
LockFreeBased,300,106000,101533,813,0
LockFreeBased,400,106000,106000,821,1
LockFreeBased,400,106000,82388,666,0
LockFreeBased,500,106000,106000,1026,1
LockFreeBased,500,106000,33917,423,0
LockFreeBased,600,106000,106000,866,1
LockFreeBased,600,106000,104149,1070,0
LockFreeBased,700,106000,106000,1005,1
LockFreeBased,700,106000,699,204,0
LockFreeBased,800,106000,106000,874,1
LockFreeBased,800,106000,104710,1117,0
LockFreeBased,900,106000,106000,1088,1
LockFreeBased,900,106000,52186,676,0
LockFreeBased,1000,106000,106000,1239,1
LockFreeBased,1000,106000,76279,2350,0
LockFreeBased,1100,106000,106000,1173,1
LockFreeBased,1100,106000,90789,655,0
LockFreeBased,1200,106000,106000,1191,1
LockFreeBased,1200,106000,103345,1048,0
LockFreeBased,1300,106000,106000,945,1
LockFreeBased,1300,106000,106000,912,0
LockFreeBased,1400,106000,106000,940,1
LockFreeBased,1400,106000,69556,717,0
LockFreeBased,1500,106000,106000,922,1
LockFreeBased,1500,106000,99984,924,0
LockFreeBased,1600,106000,106000,991,1
LockFreeBased,1600,106000,97692,972,0
LockFreeBased,1700,106000,106000,952,1
LockFreeBased,1700,106000,86874,1022,0
LockFreeBased,1800,106000,106000,1113,1
LockFreeBased,1800,106000,74417,712,0
LockFreeBased,1900,106000,106000,1157,1
LockFreeBased,1900,106000,106000,1005,0
LockFreeBased,2000,106000,106000,840,1
LockFreeBased,2000,106000,98133,904,0
LockFreeBased,100,107000,107000,948,1
LockFreeBased,100,107000,82604,614,0
LockFreeBased,200,107000,107000,1165,1
LockFreeBased,200,107000,105095,991,0
LockFreeBased,300,107000,107000,811,1
LockFreeBased,300,107000,105051,1217,0
LockFreeBased,400,107000,107000,655,1
LockFreeBased,400,107000,92984,692,0
LockFreeBased,500,107000,107000,1068,1
LockFreeBased,500,107000,107000,763,0
LockFreeBased,600,107000,107000,878,1
LockFreeBased,600,107000,83748,752,0
LockFreeBased,700,107000,107000,1090,1
LockFreeBased,700,107000,87760,1960,0
LockFreeBased,800,107000,107000,868,1
LockFreeBased,800,107000,82552,690,0
LockFreeBased,900,107000,107000,814,1
LockFreeBased,900,107000,72910,627,0
LockFreeBased,1000,107000,107000,1023,1
LockFreeBased,1000,107000,102924,790,0
LockFreeBased,1100,107000,107000,1253,1
LockFreeBased,1100,107000,101100,818,0
LockFreeBased,1200,107000,107000,938,1
LockFreeBased,1200,107000,79833,713,0
LockFreeBased,1300,107000,107000,765,1
LockFreeBased,1300,107000,107000,796,0
LockFreeBased,1400,107000,107000,803,1
LockFreeBased,1400,107000,92606,672,0
LockFreeBased,1500,107000,107000,869,1
LockFreeBased,1500,107000,103427,868,0
LockFreeBased,1600,107000,107000,1208,1
LockFreeBased,1600,107000,20801,255,0
LockFreeBased,1700,107000,107000,1271,1
LockFreeBased,1700,107000,107000,1155,0
LockFreeBased,1800,107000,107000,726,1
LockFreeBased,1800,107000,103343,722,0
LockFreeBased,1900,107000,107000,1202,1
LockFreeBased,1900,107000,107000,884,0
LockFreeBased,2000,107000,107000,820,1
LockFreeBased,2000,107000,101907,749,0
LockFreeBased,100,108000,108000,850,1
LockFreeBased,100,108000,103922,959,0
LockFreeBased,200,108000,108000,902,1
LockFreeBased,200,108000,103438,865,0
LockFreeBased,300,108000,108000,874,1
LockFreeBased,300,108000,59915,610,0
LockFreeBased,400,108000,108000,717,1
LockFreeBased,400,108000,108000,825,0
LockFreeBased,500,108000,108000,766,1
LockFreeBased,500,108000,106003,867,0
LockFreeBased,600,108000,108000,724,1
LockFreeBased,600,108000,75785,833,0
LockFreeBased,700,108000,108000,900,1
LockFreeBased,700,108000,87852,827,0
LockFreeBased,800,108000,108000,828,1
LockFreeBased,800,108000,10303,287,0
LockFreeBased,900,108000,108000,1219,1
LockFreeBased,900,108000,66013,573,0
LockFreeBased,1000,108000,108000,804,1
LockFreeBased,1000,108000,71430,600,0
LockFreeBased,1100,108000,108000,1051,1
LockFreeBased,1100,108000,108000,834,0
LockFreeBased,1200,108000,108000,824,1
LockFreeBased,1200,108000,103579,804,0
LockFreeBased,1300,108000,108000,897,1
LockFreeBased,1300,108000,93430,751,0
LockFreeBased,1400,108000,108000,928,1
LockFreeBased,1400,108000,108000,861,0
LockFreeBased,1500,108000,108000,982,1
LockFreeBased,1500,108000,104078,813,0
LockFreeBased,1600,108000,108000,914,1
LockFreeBased,1600,108000,108000,1160,0
LockFreeBased,1700,108000,108000,1000,1
LockFreeBased,1700,108000,61162,658,0
LockFreeBased,1800,108000,108000,1211,1
LockFreeBased,1800,108000,108000,935,0
LockFreeBased,1900,108000,108000,906,1
LockFreeBased,1900,108000,108000,902,0
LockFreeBased,2000,108000,108000,844,1
LockFreeBased,2000,108000,104659,837,0
LockFreeBased,100,109000,109000,860,1
LockFreeBased,100,109000,108840,863,0
LockFreeBased,200,109000,109000,904,1
LockFreeBased,200,109000,108996,872,0
LockFreeBased,300,109000,109000,924,1
LockFreeBased,300,109000,90892,775,0
LockFreeBased,400,109000,109000,848,1
LockFreeBased,400,109000,109000,882,0
LockFreeBased,500,109000,109000,942,1
LockFreeBased,500,109000,87317,903,0
LockFreeBased,600,109000,109000,1140,1
LockFreeBased,600,109000,104074,849,0
LockFreeBased,700,109000,109000,1064,1
LockFreeBased,700,109000,21948,432,0
LockFreeBased,800,109000,109000,2765,1
LockFreeBased,800,109000,106116,1559,0
LockFreeBased,900,109000,109000,1547,1
LockFreeBased,900,109000,108950,1485,0
LockFreeBased,1000,109000,109000,1136,1
LockFreeBased,1000,109000,98597,953,0
LockFreeBased,1100,109000,109000,956,1
LockFreeBased,1100,109000,91089,752,0
LockFreeBased,1200,109000,109000,885,1
LockFreeBased,1200,109000,109000,1192,0
LockFreeBased,1300,109000,109000,1221,1
LockFreeBased,1300,109000,70966,838,0
LockFreeBased,1400,109000,109000,1008,1
LockFreeBased,1400,109000,108443,1021,0
LockFreeBased,1500,109000,109000,865,1
LockFreeBased,1500,109000,93231,798,0
LockFreeBased,1600,109000,109000,905,1
LockFreeBased,1600,109000,96174,749,0
LockFreeBased,1700,109000,109000,852,1
LockFreeBased,1700,109000,104018,828,0
LockFreeBased,1800,109000,109000,971,1
LockFreeBased,1800,109000,109000,837,0
LockFreeBased,1900,109000,109000,905,1
LockFreeBased,1900,109000,106455,882,0
LockFreeBased,2000,109000,109000,888,1
LockFreeBased,2000,109000,101996,884,0
LockFreeBased,100,110000,110000,850,1
LockFreeBased,100,110000,97255,731,0
LockFreeBased,200,110000,110000,864,1
LockFreeBased,200,110000,61834,677,0
LockFreeBased,300,110000,110000,1267,1
LockFreeBased,300,110000,84021,668,0
LockFreeBased,400,110000,110000,965,1
LockFreeBased,400,110000,98133,901,0
LockFreeBased,500,110000,110000,813,1
LockFreeBased,500,110000,110000,922,0
LockFreeBased,600,110000,110000,1039,1
LockFreeBased,600,110000,80674,957,0
LockFreeBased,700,110000,110000,1037,1
LockFreeBased,700,110000,110000,854,0
LockFreeBased,800,110000,110000,1011,1
LockFreeBased,800,110000,106315,914,0
LockFreeBased,900,110000,110000,961,1
LockFreeBased,900,110000,105268,861,0
LockFreeBased,1000,110000,110000,916,1
LockFreeBased,1000,110000,108715,925,0
LockFreeBased,1100,110000,110000,945,1
LockFreeBased,1100,110000,70789,734,0
LockFreeBased,1200,110000,110000,1069,1
LockFreeBased,1200,110000,71058,760,0
LockFreeBased,1300,110000,110000,1080,1
LockFreeBased,1300,110000,110000,828,0
LockFreeBased,1400,110000,110000,893,1
LockFreeBased,1400,110000,105539,1001,0
LockFreeBased,1500,110000,110000,860,1
LockFreeBased,1500,110000,68726,598,0
LockFreeBased,1600,110000,110000,872,1
LockFreeBased,1600,110000,66687,783,0
LockFreeBased,1700,110000,110000,948,1
LockFreeBased,1700,110000,106133,867,0
LockFreeBased,1800,110000,110000,830,1
LockFreeBased,1800,110000,87359,915,0
LockFreeBased,1900,110000,110000,1013,1
LockFreeBased,1900,110000,107693,947,0
LockFreeBased,2000,110000,110000,884,1
LockFreeBased,2000,110000,102725,876,0
LockFreeBased,100,111000,111000,1182,1
LockFreeBased,100,111000,107008,963,0
LockFreeBased,200,111000,111000,1163,1
LockFreeBased,200,111000,19370,358,0
LockFreeBased,300,111000,111000,1179,1
LockFreeBased,300,111000,105007,1009,0
LockFreeBased,400,111000,111000,944,1
LockFreeBased,400,111000,63805,561,0
LockFreeBased,500,111000,111000,1055,1
LockFreeBased,500,111000,108917,977,0
LockFreeBased,600,111000,111000,883,1
LockFreeBased,600,111000,92874,800,0
LockFreeBased,700,111000,111000,1062,1
LockFreeBased,700,111000,53601,589,0
LockFreeBased,800,111000,111000,921,1
LockFreeBased,800,111000,107092,848,0
LockFreeBased,900,111000,111000,937,1
LockFreeBased,900,111000,110666,1276,0
LockFreeBased,1000,111000,111000,893,1
LockFreeBased,1000,111000,89550,702,0
LockFreeBased,1100,111000,111000,995,1
LockFreeBased,1100,111000,36841,433,0
LockFreeBased,1200,111000,111000,913,1
LockFreeBased,1200,111000,84720,774,0
LockFreeBased,1300,111000,111000,949,1
LockFreeBased,1300,111000,105554,911,0
LockFreeBased,1400,111000,111000,883,1
LockFreeBased,1400,111000,96420,739,0
LockFreeBased,1500,111000,111000,898,1
LockFreeBased,1500,111000,50770,815,0
LockFreeBased,1600,111000,111000,1085,1
LockFreeBased,1600,111000,89738,861,0
LockFreeBased,1700,111000,111000,830,1
LockFreeBased,1700,111000,69450,841,0
LockFreeBased,1800,111000,111000,1050,1
LockFreeBased,1800,111000,106544,1117,0
LockFreeBased,1900,111000,111000,1112,1
LockFreeBased,1900,111000,108732,1025,0
LockFreeBased,2000,111000,111000,1231,1
LockFreeBased,2000,111000,76900,983,0
LockFreeBased,100,112000,112000,1252,1
LockFreeBased,100,112000,112000,1082,0
LockFreeBased,200,112000,112000,951,1
LockFreeBased,200,112000,89693,765,0
LockFreeBased,300,112000,112000,956,1
LockFreeBased,300,112000,91504,690,0
LockFreeBased,400,112000,112000,846,1
LockFreeBased,400,112000,112000,755,0
LockFreeBased,500,112000,112000,753,1
LockFreeBased,500,112000,112000,907,0
LockFreeBased,600,112000,112000,1001,1
LockFreeBased,600,112000,112000,857,0
LockFreeBased,700,112000,112000,1171,1
LockFreeBased,700,112000,85638,753,0
LockFreeBased,800,112000,112000,860,1
LockFreeBased,800,112000,108376,972,0
LockFreeBased,900,112000,112000,1268,1
LockFreeBased,900,112000,112000,1140,0
LockFreeBased,1000,112000,112000,1076,1
LockFreeBased,1000,112000,90289,885,0
LockFreeBased,1100,112000,112000,1091,1
LockFreeBased,1100,112000,93674,911,0
LockFreeBased,1200,112000,112000,999,1
LockFreeBased,1200,112000,108092,784,0
LockFreeBased,1300,112000,112000,981,1
LockFreeBased,1300,112000,111481,715,0
LockFreeBased,1400,112000,112000,1158,1
LockFreeBased,1400,112000,100856,786,0
LockFreeBased,1500,112000,112000,792,1
LockFreeBased,1500,112000,68274,571,0
LockFreeBased,1600,112000,112000,1138,1
LockFreeBased,1600,112000,112000,728,0
LockFreeBased,1700,112000,112000,884,1
LockFreeBased,1700,112000,111504,1111,0
LockFreeBased,1800,112000,112000,2125,1
LockFreeBased,1800,112000,81516,610,0
LockFreeBased,1900,112000,112000,901,1
LockFreeBased,1900,112000,112000,1161,0
LockFreeBased,2000,112000,112000,706,1
LockFreeBased,2000,112000,88229,683,0
LockFreeBased,100,113000,113000,790,1
LockFreeBased,100,113000,98214,671,0
LockFreeBased,200,113000,113000,1123,1
LockFreeBased,200,113000,85159,597,0
LockFreeBased,300,113000,113000,829,1
LockFreeBased,300,113000,109822,978,0
LockFreeBased,400,113000,113000,864,1
LockFreeBased,400,113000,104565,862,0
LockFreeBased,500,113000,113000,873,1
LockFreeBased,500,113000,100182,1012,0
LockFreeBased,600,113000,113000,1018,1
LockFreeBased,600,113000,70747,649,0
LockFreeBased,700,113000,113000,1161,1
LockFreeBased,700,113000,113000,900,0
LockFreeBased,800,113000,113000,921,1
LockFreeBased,800,113000,109417,860,0
LockFreeBased,900,113000,113000,951,1
LockFreeBased,900,113000,109222,870,0
LockFreeBased,1000,113000,113000,884,1
LockFreeBased,1000,113000,113000,757,0
LockFreeBased,1100,113000,113000,1006,1
LockFreeBased,1100,113000,109135,772,0
LockFreeBased,1200,113000,113000,1162,1
LockFreeBased,1200,113000,111733,861,0
LockFreeBased,1300,113000,113000,1035,1
LockFreeBased,1300,113000,107486,890,0
LockFreeBased,1400,113000,113000,969,1
LockFreeBased,1400,113000,86654,678,0
LockFreeBased,1500,113000,113000,817,1
LockFreeBased,1500,113000,98527,812,0
LockFreeBased,1600,113000,113000,995,1
LockFreeBased,1600,113000,77605,1702,0
LockFreeBased,1700,113000,113000,957,1
LockFreeBased,1700,113000,113000,829,0
LockFreeBased,1800,113000,113000,983,1
LockFreeBased,1800,113000,108549,871,0
LockFreeBased,1900,113000,113000,1042,1
LockFreeBased,1900,113000,113000,1124,0
LockFreeBased,2000,113000,113000,818,1
LockFreeBased,2000,113000,109807,704,0
LockFreeBased,100,114000,114000,810,1
LockFreeBased,100,114000,91462,3047,0
LockFreeBased,200,114000,114000,2228,1
LockFreeBased,200,114000,113992,1606,0
LockFreeBased,300,114000,114000,1313,1
LockFreeBased,300,114000,66530,2044,0
LockFreeBased,400,114000,114000,1072,1
LockFreeBased,400,114000,114000,1341,0
LockFreeBased,500,114000,114000,950,1
LockFreeBased,500,114000,112007,1123,0
LockFreeBased,600,114000,114000,895,1
LockFreeBased,600,114000,114000,784,0
LockFreeBased,700,114000,114000,690,1
LockFreeBased,700,114000,109781,805,0
LockFreeBased,800,114000,114000,762,1
LockFreeBased,800,114000,114000,1037,0
LockFreeBased,900,114000,114000,731,1
LockFreeBased,900,114000,113813,863,0
LockFreeBased,1000,114000,114000,881,1
LockFreeBased,1000,114000,101423,1106,0
LockFreeBased,1100,114000,114000,924,1
LockFreeBased,1100,114000,107878,1207,0
LockFreeBased,1200,114000,114000,945,1
LockFreeBased,1200,114000,83794,731,0
LockFreeBased,1300,114000,114000,902,1
LockFreeBased,1300,114000,91065,779,0
LockFreeBased,1400,114000,114000,860,1
LockFreeBased,1400,114000,113144,879,0
LockFreeBased,1500,114000,114000,881,1
LockFreeBased,1500,114000,114000,920,0
LockFreeBased,1600,114000,114000,760,1
LockFreeBased,1600,114000,97808,842,0
LockFreeBased,1700,114000,114000,1061,1
LockFreeBased,1700,114000,101832,730,0
LockFreeBased,1800,114000,114000,1136,1
LockFreeBased,1800,114000,114000,982,0
LockFreeBased,1900,114000,114000,1194,1
LockFreeBased,1900,114000,111021,797,0
LockFreeBased,2000,114000,114000,926,1
LockFreeBased,2000,114000,106336,1161,0
LockFreeBased,100,115000,115000,1070,1
LockFreeBased,100,115000,50955,440,0
LockFreeBased,200,115000,115000,892,1
LockFreeBased,200,115000,115000,807,0
LockFreeBased,300,115000,115000,947,1
LockFreeBased,300,115000,114009,1276,0
LockFreeBased,400,115000,115000,930,1
LockFreeBased,400,115000,111149,970,0
LockFreeBased,500,115000,115000,920,1
LockFreeBased,500,115000,96206,765,0
LockFreeBased,600,115000,115000,974,1
LockFreeBased,600,115000,115000,1169,0
LockFreeBased,700,115000,115000,830,1
LockFreeBased,700,115000,115000,777,0
LockFreeBased,800,115000,115000,804,1
LockFreeBased,800,115000,93623,689,0
LockFreeBased,900,115000,115000,1090,1
LockFreeBased,900,115000,74875,1216,0
LockFreeBased,1000,115000,115000,999,1
LockFreeBased,1000,115000,110806,870,0
LockFreeBased,1100,115000,115000,1201,1
LockFreeBased,1100,115000,96869,689,0
LockFreeBased,1200,115000,115000,801,1
LockFreeBased,1200,115000,112773,844,0
LockFreeBased,1300,115000,115000,805,1
LockFreeBased,1300,115000,95627,707,0
LockFreeBased,1400,115000,115000,820,1
LockFreeBased,1400,115000,91246,871,0
LockFreeBased,1500,115000,115000,1214,1
LockFreeBased,1500,115000,114701,941,0
LockFreeBased,1600,115000,115000,1209,1
LockFreeBased,1600,115000,115000,967,0
LockFreeBased,1700,115000,115000,946,1
LockFreeBased,1700,115000,94121,714,0
LockFreeBased,1800,115000,115000,1319,1
LockFreeBased,1800,115000,111540,1156,0
LockFreeBased,1900,115000,115000,1058,1
LockFreeBased,1900,115000,112278,919,0
LockFreeBased,2000,115000,115000,966,1
LockFreeBased,2000,115000,109985,879,0
LockFreeBased,100,116000,116000,957,1
LockFreeBased,100,116000,111483,1852,0
LockFreeBased,200,116000,116000,1227,1
LockFreeBased,200,116000,69603,651,0
LockFreeBased,300,116000,116000,1002,1
LockFreeBased,300,116000,90452,864,0
LockFreeBased,400,116000,116000,954,1
LockFreeBased,400,116000,103675,805,0
LockFreeBased,500,116000,116000,899,1
LockFreeBased,500,116000,87823,977,0
LockFreeBased,600,116000,116000,1158,1
LockFreeBased,600,116000,92434,1049,0
LockFreeBased,700,116000,116000,1251,1
LockFreeBased,700,116000,111814,960,0
LockFreeBased,800,116000,116000,866,1
LockFreeBased,800,116000,99976,722,0
LockFreeBased,900,116000,116000,741,1
LockFreeBased,900,116000,36501,707,0
LockFreeBased,1000,116000,116000,756,1
LockFreeBased,1000,116000,112809,891,0
LockFreeBased,1100,116000,116000,758,1
LockFreeBased,1100,116000,82969,586,0
LockFreeBased,1200,116000,116000,2401,1
LockFreeBased,1200,116000,116000,1217,0
LockFreeBased,1300,116000,116000,825,1
LockFreeBased,1300,116000,111972,826,0
LockFreeBased,1400,116000,116000,835,1
LockFreeBased,1400,116000,109329,1128,0
LockFreeBased,1500,116000,116000,1022,1
LockFreeBased,1500,116000,110362,852,0
LockFreeBased,1600,116000,116000,916,1
LockFreeBased,1600,116000,88032,783,0
LockFreeBased,1700,116000,116000,1201,1
LockFreeBased,1700,116000,116000,980,0
LockFreeBased,1800,116000,116000,949,1
LockFreeBased,1800,116000,112922,1154,0
LockFreeBased,1900,116000,116000,886,1
LockFreeBased,1900,116000,115934,717,0
LockFreeBased,2000,116000,116000,1332,1
LockFreeBased,2000,116000,84644,869,0
LockFreeBased,100,117000,117000,882,1
LockFreeBased,100,117000,112943,900,0
LockFreeBased,200,117000,117000,1376,1
LockFreeBased,200,117000,117000,829,0
LockFreeBased,300,117000,117000,1117,1
LockFreeBased,300,117000,117000,922,0
LockFreeBased,400,117000,117000,1012,1
LockFreeBased,400,117000,113285,1041,0
LockFreeBased,500,117000,117000,1033,1
LockFreeBased,500,117000,97448,867,0
LockFreeBased,600,117000,117000,1148,1
LockFreeBased,600,117000,98970,882,0
LockFreeBased,700,117000,117000,997,1
LockFreeBased,700,117000,111979,943,0
LockFreeBased,800,117000,117000,993,1
LockFreeBased,800,117000,115757,1283,0
LockFreeBased,900,117000,117000,895,1
LockFreeBased,900,117000,115734,825,0
LockFreeBased,1000,117000,117000,923,1
LockFreeBased,1000,117000,113371,913,0
LockFreeBased,1100,117000,117000,988,1
LockFreeBased,1100,117000,101567,966,0
LockFreeBased,1200,117000,117000,1109,1
LockFreeBased,1200,117000,83261,970,0
LockFreeBased,1300,117000,117000,921,1
LockFreeBased,1300,117000,116304,1644,0
LockFreeBased,1400,117000,117000,792,1
LockFreeBased,1400,117000,117000,1161,0
LockFreeBased,1500,117000,117000,748,1
LockFreeBased,1500,117000,116885,955,0
LockFreeBased,1600,117000,117000,881,1
LockFreeBased,1600,117000,113268,813,0
LockFreeBased,1700,117000,117000,891,1
LockFreeBased,1700,117000,117000,1145,0
LockFreeBased,1800,117000,117000,879,1
LockFreeBased,1800,117000,75702,643,0
LockFreeBased,1900,117000,117000,1218,1
LockFreeBased,1900,117000,116720,943,0
LockFreeBased,2000,117000,117000,870,1
LockFreeBased,2000,117000,117000,841,0
LockFreeBased,100,118000,118000,949,1
LockFreeBased,100,118000,94861,831,0
LockFreeBased,200,118000,118000,895,1
LockFreeBased,200,118000,118000,1308,0
LockFreeBased,300,118000,118000,2129,1
LockFreeBased,300,118000,118000,1253,0
LockFreeBased,400,118000,118000,6488,1
LockFreeBased,400,118000,78664,1729,0
LockFreeBased,500,118000,118000,1713,1
LockFreeBased,500,118000,8421,568,0
LockFreeBased,600,118000,118000,1478,1
LockFreeBased,600,118000,116531,1526,0
LockFreeBased,700,118000,118000,1217,1
LockFreeBased,700,118000,109956,1093,0
LockFreeBased,800,118000,118000,1022,1
LockFreeBased,800,118000,85079,776,0
LockFreeBased,900,118000,118000,846,1
LockFreeBased,900,118000,113793,769,0
LockFreeBased,1000,118000,118000,1060,1
LockFreeBased,1000,118000,114472,784,0
LockFreeBased,1100,118000,118000,798,1
LockFreeBased,1100,118000,116303,1294,0
LockFreeBased,1200,118000,118000,738,1
LockFreeBased,1200,118000,109341,1004,0
LockFreeBased,1300,118000,118000,1148,1
LockFreeBased,1300,118000,54864,570,0
LockFreeBased,1400,118000,118000,785,1
LockFreeBased,1400,118000,46659,494,0
LockFreeBased,1500,118000,118000,992,1
LockFreeBased,1500,118000,113127,826,0
LockFreeBased,1600,118000,118000,875,1
LockFreeBased,1600,118000,114506,948,0
LockFreeBased,1700,118000,118000,1098,1
LockFreeBased,1700,118000,113924,783,0
LockFreeBased,1800,118000,118000,1032,1
LockFreeBased,1800,118000,87789,755,0
LockFreeBased,1900,118000,118000,876,1
LockFreeBased,1900,118000,115101,940,0
LockFreeBased,2000,118000,118000,862,1
LockFreeBased,2000,118000,116495,884,0
LockFreeBased,100,119000,119000,1025,1
LockFreeBased,100,119000,112378,992,0
LockFreeBased,200,119000,119000,871,1
LockFreeBased,200,119000,109745,1081,0
LockFreeBased,300,119000,119000,1285,1
LockFreeBased,300,119000,118950,930,0
LockFreeBased,400,119000,119000,970,1
LockFreeBased,400,119000,119000,1183,0
LockFreeBased,500,119000,119000,1035,1
LockFreeBased,500,119000,111738,962,0
LockFreeBased,600,119000,119000,979,1
LockFreeBased,600,119000,118367,1136,0
LockFreeBased,700,119000,119000,1413,1
LockFreeBased,700,119000,59751,545,0
LockFreeBased,800,119000,119000,863,1
LockFreeBased,800,119000,119000,861,0
LockFreeBased,900,119000,119000,1057,1
LockFreeBased,900,119000,113580,822,0
LockFreeBased,1000,119000,119000,1034,1
LockFreeBased,1000,119000,114971,957,0
LockFreeBased,1100,119000,119000,1071,1
LockFreeBased,1100,119000,81913,830,0
LockFreeBased,1200,119000,119000,1054,1
LockFreeBased,1200,119000,87544,723,0
LockFreeBased,1300,119000,119000,1000,1
LockFreeBased,1300,119000,114298,891,0
LockFreeBased,1400,119000,119000,1028,1
LockFreeBased,1400,119000,104482,808,0
LockFreeBased,1500,119000,119000,973,1
LockFreeBased,1500,119000,118201,823,0
LockFreeBased,1600,119000,119000,881,1
LockFreeBased,1600,119000,68536,614,0
LockFreeBased,1700,119000,119000,3222,1
LockFreeBased,1700,119000,104233,1780,0
LockFreeBased,1800,119000,119000,1532,1
LockFreeBased,1800,119000,1799,650,0
LockFreeBased,1900,119000,119000,1343,1
LockFreeBased,1900,119000,39385,604,0
LockFreeBased,2000,119000,119000,1218,1
LockFreeBased,2000,119000,115141,943,0
LockFreeBased,100,120000,120000,941,1
LockFreeBased,100,120000,116749,950,0
LockFreeBased,200,120000,120000,899,1
LockFreeBased,200,120000,117224,1362,0
LockFreeBased,300,120000,120000,992,1
LockFreeBased,300,120000,115725,893,0
LockFreeBased,400,120000,120000,1010,1
LockFreeBased,400,120000,120000,998,0
LockFreeBased,500,120000,120000,909,1
LockFreeBased,500,120000,116351,904,0
LockFreeBased,600,120000,120000,961,1
LockFreeBased,600,120000,120000,918,0
LockFreeBased,700,120000,120000,1003,1
LockFreeBased,700,120000,115511,1138,0
LockFreeBased,800,120000,120000,1121,1
LockFreeBased,800,120000,88175,777,0
LockFreeBased,900,120000,120000,1007,1
LockFreeBased,900,120000,63856,600,0
LockFreeBased,1000,120000,120000,1057,1
LockFreeBased,1000,120000,120000,925,0
LockFreeBased,1100,120000,120000,915,1
LockFreeBased,1100,120000,105943,822,0
LockFreeBased,1200,120000,120000,903,1
LockFreeBased,1200,120000,120000,975,0
LockFreeBased,1300,120000,120000,956,1
LockFreeBased,1300,120000,47644,448,0
LockFreeBased,1400,120000,120000,1044,1
LockFreeBased,1400,120000,115419,973,0
LockFreeBased,1500,120000,120000,961,1
LockFreeBased,1500,120000,112003,1094,0
LockFreeBased,1600,120000,120000,964,1
LockFreeBased,1600,120000,113885,1035,0
LockFreeBased,1700,120000,120000,1190,1
LockFreeBased,1700,120000,113124,844,0
LockFreeBased,1800,120000,120000,1074,1
LockFreeBased,1800,120000,120000,1342,0
LockFreeBased,1900,120000,120000,891,1
LockFreeBased,1900,120000,106333,916,0
LockFreeBased,2000,120000,120000,915,1
LockFreeBased,2000,120000,120000,951,0
LockFreeBased,100,121000,121000,1225,1
LockFreeBased,100,121000,116018,1151,0
LockFreeBased,200,121000,121000,1143,1
LockFreeBased,200,121000,76736,755,0
LockFreeBased,300,121000,121000,1048,1
LockFreeBased,300,121000,119443,1309,0
LockFreeBased,400,121000,121000,1048,1
LockFreeBased,400,121000,97224,1000,0
LockFreeBased,500,121000,121000,955,1
LockFreeBased,500,121000,51041,573,0
LockFreeBased,600,121000,121000,962,1
LockFreeBased,600,121000,108079,915,0
LockFreeBased,700,121000,121000,1007,1
LockFreeBased,700,121000,121000,1038,0
LockFreeBased,800,121000,121000,1168,1
LockFreeBased,800,121000,96848,768,0
LockFreeBased,900,121000,121000,1095,1
LockFreeBased,900,121000,121000,1430,0
LockFreeBased,1000,121000,121000,950,1
LockFreeBased,1000,121000,96275,794,0
LockFreeBased,1100,121000,121000,1096,1
LockFreeBased,1100,121000,121000,924,0
LockFreeBased,1200,121000,121000,762,1
LockFreeBased,1200,121000,109961,939,0
LockFreeBased,1300,121000,121000,806,1
LockFreeBased,1300,121000,118555,1213,0
LockFreeBased,1400,121000,121000,1074,1
LockFreeBased,1400,121000,121000,1033,0
LockFreeBased,1500,121000,121000,931,1
LockFreeBased,1500,121000,121000,1036,0
LockFreeBased,1600,121000,121000,1054,1
LockFreeBased,1600,121000,87237,839,0
LockFreeBased,1700,121000,121000,957,1
LockFreeBased,1700,121000,121000,988,0
LockFreeBased,1800,121000,121000,1300,1
LockFreeBased,1800,121000,113198,985,0
LockFreeBased,1900,121000,121000,1017,1
LockFreeBased,1900,121000,111821,949,0
LockFreeBased,2000,121000,121000,1010,1
LockFreeBased,2000,121000,120784,1215,0
LockFreeBased,100,122000,122000,1020,1
LockFreeBased,100,122000,6808,274,0
LockFreeBased,200,122000,122000,1259,1
LockFreeBased,200,122000,100887,1013,0
LockFreeBased,300,122000,122000,1300,1
LockFreeBased,300,122000,101436,845,0
LockFreeBased,400,122000,122000,1713,1
LockFreeBased,400,122000,109469,987,0
LockFreeBased,500,122000,122000,1053,1
LockFreeBased,500,122000,117445,1033,0
LockFreeBased,600,122000,122000,1362,1
LockFreeBased,600,122000,119289,850,0
LockFreeBased,700,122000,122000,1173,1
LockFreeBased,700,122000,122000,1180,0
LockFreeBased,800,122000,122000,879,1
LockFreeBased,800,122000,82229,805,0
LockFreeBased,900,122000,122000,1190,1
LockFreeBased,900,122000,115348,922,0
LockFreeBased,1000,122000,122000,1170,1
LockFreeBased,1000,122000,116719,2382,0
LockFreeBased,1100,122000,122000,1966,1
LockFreeBased,1100,122000,122000,1747,0
LockFreeBased,1200,122000,122000,1370,1
LockFreeBased,1200,122000,122000,1329,0
LockFreeBased,1300,122000,122000,1012,1
LockFreeBased,1300,122000,122000,861,0
LockFreeBased,1400,122000,122000,972,1
LockFreeBased,1400,122000,121959,1017,0
LockFreeBased,1500,122000,122000,1179,1
LockFreeBased,1500,122000,111847,1055,0
LockFreeBased,1600,122000,122000,1210,1
LockFreeBased,1600,122000,122000,1158,0
LockFreeBased,1700,122000,122000,1027,1
LockFreeBased,1700,122000,68552,761,0
LockFreeBased,1800,122000,122000,949,1
LockFreeBased,1800,122000,122000,1364,0
LockFreeBased,1900,122000,122000,815,1
LockFreeBased,1900,122000,119082,1073,0
LockFreeBased,2000,122000,122000,872,1
LockFreeBased,2000,122000,122000,1247,0
LockFreeBased,100,123000,123000,956,1
LockFreeBased,100,123000,118682,1202,0
LockFreeBased,200,123000,123000,1038,1
LockFreeBased,200,123000,107758,814,0
LockFreeBased,300,123000,123000,873,1
LockFreeBased,300,123000,122293,1311,0
LockFreeBased,400,123000,123000,1060,1
LockFreeBased,400,123000,119545,960,0
LockFreeBased,500,123000,123000,999,1
LockFreeBased,500,123000,123000,913,0
LockFreeBased,600,123000,123000,985,1
LockFreeBased,600,123000,117914,973,0
LockFreeBased,700,123000,123000,1053,1
LockFreeBased,700,123000,92084,804,0
LockFreeBased,800,123000,123000,1122,1
LockFreeBased,800,123000,71543,688,0
LockFreeBased,900,123000,123000,1360,1
LockFreeBased,900,123000,121666,1040,0
LockFreeBased,1000,123000,123000,1010,1
LockFreeBased,1000,123000,123000,1435,0
LockFreeBased,1100,123000,123000,953,1
LockFreeBased,1100,123000,108719,1080,0
LockFreeBased,1200,123000,123000,1251,1
LockFreeBased,1200,123000,121957,986,0
LockFreeBased,1300,123000,123000,1053,1
LockFreeBased,1300,123000,8916,225,0
LockFreeBased,1400,123000,123000,961,1
LockFreeBased,1400,123000,119468,952,0
LockFreeBased,1500,123000,123000,1030,1
LockFreeBased,1500,123000,105291,831,0
LockFreeBased,1600,123000,123000,989,1
LockFreeBased,1600,123000,123000,920,0
LockFreeBased,1700,123000,123000,911,1
LockFreeBased,1700,123000,105019,911,0
LockFreeBased,1800,123000,123000,1023,1
LockFreeBased,1800,123000,31382,452,0
LockFreeBased,1900,123000,123000,851,1
LockFreeBased,1900,123000,123000,898,0
LockFreeBased,2000,123000,123000,961,1
LockFreeBased,2000,123000,35066,493,0
LockFreeBased,100,124000,124000,1413,1
LockFreeBased,100,124000,124000,1239,0
LockFreeBased,200,124000,124000,1049,1
LockFreeBased,200,124000,118151,1390,0
LockFreeBased,300,124000,124000,898,1
LockFreeBased,300,124000,299,219,0
LockFreeBased,400,124000,124000,1132,1
LockFreeBased,400,124000,124000,1443,0
LockFreeBased,500,124000,124000,972,1
LockFreeBased,500,124000,123209,1213,0
LockFreeBased,600,124000,124000,958,1
LockFreeBased,600,124000,118922,897,0
LockFreeBased,700,124000,124000,934,1
LockFreeBased,700,124000,104567,934,0
LockFreeBased,800,124000,124000,969,1
LockFreeBased,800,124000,124000,1056,0
LockFreeBased,900,124000,124000,1288,1
LockFreeBased,900,124000,120691,1130,0
LockFreeBased,1000,124000,124000,891,1
LockFreeBased,1000,124000,101852,755,0
LockFreeBased,1100,124000,124000,953,1
LockFreeBased,1100,124000,124000,932,0
LockFreeBased,1200,124000,124000,862,1
LockFreeBased,1200,124000,118240,889,0
LockFreeBased,1300,124000,124000,942,1
LockFreeBased,1300,124000,124000,1019,0
LockFreeBased,1400,124000,124000,912,1
LockFreeBased,1400,124000,124000,941,0
LockFreeBased,1500,124000,124000,989,1
LockFreeBased,1500,124000,120290,1031,0
LockFreeBased,1600,124000,124000,1064,1
LockFreeBased,1600,124000,115392,967,0
LockFreeBased,1700,124000,124000,1084,1
LockFreeBased,1700,124000,1699,303,0
LockFreeBased,1800,124000,124000,1687,1
LockFreeBased,1800,124000,93493,859,0
LockFreeBased,1900,124000,124000,1152,1
LockFreeBased,1900,124000,124000,1134,0
LockFreeBased,2000,124000,124000,1033,1
LockFreeBased,2000,124000,117165,827,0
LockFreeBased,100,125000,125000,1275,1
LockFreeBased,100,125000,31414,400,0
LockFreeBased,200,125000,125000,923,1
LockFreeBased,200,125000,78595,664,0
LockFreeBased,300,125000,125000,980,1
LockFreeBased,300,125000,125000,1492,0
LockFreeBased,400,125000,125000,894,1
LockFreeBased,400,125000,123118,1277,0
LockFreeBased,500,125000,125000,878,1
LockFreeBased,500,125000,79697,822,0
LockFreeBased,600,125000,125000,2522,1
LockFreeBased,600,125000,57443,599,0
LockFreeBased,700,125000,125000,1101,1
LockFreeBased,700,125000,125000,885,0
LockFreeBased,800,125000,125000,1033,1
LockFreeBased,800,125000,124802,760,0
LockFreeBased,900,125000,125000,975,1
LockFreeBased,900,125000,59389,769,0
LockFreeBased,1000,125000,125000,923,1
LockFreeBased,1000,125000,125000,1016,0
LockFreeBased,1100,125000,125000,1170,1
LockFreeBased,1100,125000,85045,775,0
LockFreeBased,1200,125000,125000,1085,1
LockFreeBased,1200,125000,107409,916,0
LockFreeBased,1300,125000,125000,1239,1
LockFreeBased,1300,125000,125000,1091,0
LockFreeBased,1400,125000,125000,2322,1
LockFreeBased,1400,125000,31472,538,0
LockFreeBased,1500,125000,125000,1163,1
LockFreeBased,1500,125000,119632,1050,0
LockFreeBased,1600,125000,125000,1188,1
LockFreeBased,1600,125000,90149,879,0
LockFreeBased,1700,125000,125000,1180,1
LockFreeBased,1700,125000,117908,847,0
LockFreeBased,1800,125000,125000,914,1
LockFreeBased,1800,125000,122960,1021,0
LockFreeBased,1900,125000,125000,873,1
LockFreeBased,1900,125000,123425,985,0
LockFreeBased,2000,125000,125000,845,1
LockFreeBased,2000,125000,121463,921,0
LockFreeBased,100,126000,126000,886,1
LockFreeBased,100,126000,125988,889,0
LockFreeBased,200,126000,126000,1405,1
LockFreeBased,200,126000,117633,973,0
LockFreeBased,300,126000,126000,1044,1
LockFreeBased,300,126000,102338,847,0
LockFreeBased,400,126000,126000,1066,1
LockFreeBased,400,126000,123050,968,0
LockFreeBased,500,126000,126000,1043,1
LockFreeBased,500,126000,86301,677,0
LockFreeBased,600,126000,126000,1088,1
LockFreeBased,600,126000,126000,1194,0
LockFreeBased,700,126000,126000,1070,1
LockFreeBased,700,126000,106396,885,0
LockFreeBased,800,126000,126000,1125,1
LockFreeBased,800,126000,110254,906,0
LockFreeBased,900,126000,126000,1060,1
LockFreeBased,900,126000,72334,986,0
LockFreeBased,1000,126000,126000,1146,1
LockFreeBased,1000,126000,4352,320,0
LockFreeBased,1100,126000,126000,1196,1
LockFreeBased,1100,126000,122200,1069,0
LockFreeBased,1200,126000,126000,1127,1
LockFreeBased,1200,126000,121133,945,0
LockFreeBased,1300,126000,126000,848,1
LockFreeBased,1300,126000,123141,917,0
LockFreeBased,1400,126000,126000,1157,1
LockFreeBased,1400,126000,122891,985,0
LockFreeBased,1500,126000,126000,1162,1
LockFreeBased,1500,126000,120750,1043,0
LockFreeBased,1600,126000,126000,1307,1
LockFreeBased,1600,126000,26174,335,0
LockFreeBased,1700,126000,126000,2475,1
LockFreeBased,1700,126000,108188,767,0
LockFreeBased,1800,126000,126000,1553,1
LockFreeBased,1800,126000,112556,1038,0
LockFreeBased,1900,126000,126000,989,1
LockFreeBased,1900,126000,123323,997,0
LockFreeBased,2000,126000,126000,1248,1
LockFreeBased,2000,126000,126000,1109,0
LockFreeBased,100,127000,127000,1016,1
LockFreeBased,100,127000,121223,1013,0
LockFreeBased,200,127000,127000,1284,1
LockFreeBased,200,127000,104221,982,0
LockFreeBased,300,127000,127000,1077,1
LockFreeBased,300,127000,118880,914,0
LockFreeBased,400,127000,127000,1363,1
LockFreeBased,400,127000,92752,886,0
LockFreeBased,500,127000,127000,1293,1
LockFreeBased,500,127000,115862,924,0
LockFreeBased,600,127000,127000,1323,1
LockFreeBased,600,127000,26196,357,0
LockFreeBased,700,127000,127000,1055,1
LockFreeBased,700,127000,119954,1008,0
LockFreeBased,800,127000,127000,1037,1
LockFreeBased,800,127000,116571,1002,0
LockFreeBased,900,127000,127000,1069,1
LockFreeBased,900,127000,127000,1099,0
LockFreeBased,1000,127000,127000,1332,1
LockFreeBased,1000,127000,127000,1058,0
LockFreeBased,1100,127000,127000,3267,1
LockFreeBased,1100,127000,127000,1954,0
LockFreeBased,1200,127000,127000,1738,1
LockFreeBased,1200,127000,62905,879,0
LockFreeBased,1300,127000,127000,1298,1
LockFreeBased,1300,127000,111552,1012,0
LockFreeBased,1400,127000,127000,1112,1
LockFreeBased,1400,127000,124459,1065,0
LockFreeBased,1500,127000,127000,1026,1
LockFreeBased,1500,127000,108475,903,0
LockFreeBased,1600,127000,127000,1003,1
LockFreeBased,1600,127000,91283,770,0
LockFreeBased,1700,127000,127000,1021,1
LockFreeBased,1700,127000,121555,1022,0
LockFreeBased,1800,127000,127000,1047,1
LockFreeBased,1800,127000,127000,1420,0
LockFreeBased,1900,127000,127000,1256,1
LockFreeBased,1900,127000,100062,1073,0
LockFreeBased,2000,127000,127000,1041,1
LockFreeBased,2000,127000,44703,565,0
LockFreeBased,100,128000,128000,994,1
LockFreeBased,100,128000,113722,1215,0
LockFreeBased,200,128000,128000,1151,1
LockFreeBased,200,128000,127999,1276,0
LockFreeBased,300,128000,128000,2539,1
LockFreeBased,300,128000,84621,1475,0
LockFreeBased,400,128000,128000,1850,1
LockFreeBased,400,128000,105695,1211,0
LockFreeBased,500,128000,128000,1211,1
LockFreeBased,500,128000,108347,1019,0
LockFreeBased,600,128000,128000,1361,1
LockFreeBased,600,128000,127225,1185,0
LockFreeBased,700,128000,128000,1066,1
LockFreeBased,700,128000,108080,856,0
LockFreeBased,800,128000,128000,1091,1
LockFreeBased,800,128000,128000,1029,0
LockFreeBased,900,128000,128000,1028,1
LockFreeBased,900,128000,112423,872,0
LockFreeBased,1000,128000,128000,1051,1
LockFreeBased,1000,128000,123827,1027,0
LockFreeBased,1100,128000,128000,1335,1
LockFreeBased,1100,128000,122723,1011,0
LockFreeBased,1200,128000,128000,1267,1
LockFreeBased,1200,128000,124004,913,0
LockFreeBased,1300,128000,128000,892,1
LockFreeBased,1300,128000,128000,972,0
LockFreeBased,1400,128000,128000,1268,1
LockFreeBased,1400,128000,128000,1059,0
LockFreeBased,1500,128000,128000,1092,1
LockFreeBased,1500,128000,102207,886,0
LockFreeBased,1600,128000,128000,1053,1
LockFreeBased,1600,128000,123207,968,0
LockFreeBased,1700,128000,128000,1067,1
LockFreeBased,1700,128000,126346,1252,0
LockFreeBased,1800,128000,128000,2223,1
LockFreeBased,1800,128000,125582,874,0
LockFreeBased,1900,128000,128000,893,1
LockFreeBased,1900,128000,128000,1298,0
LockFreeBased,2000,128000,128000,873,1
LockFreeBased,2000,128000,128000,1101,0
LockFreeBased,100,129000,129000,1115,1
LockFreeBased,100,129000,26573,399,0
LockFreeBased,200,129000,129000,1242,1
LockFreeBased,200,129000,47723,782,0
LockFreeBased,300,129000,129000,1223,1
LockFreeBased,300,129000,100494,903,0
LockFreeBased,400,129000,129000,1161,1
LockFreeBased,400,129000,129000,1055,0
LockFreeBased,500,129000,129000,1125,1
LockFreeBased,500,129000,93740,831,0
LockFreeBased,600,129000,129000,1133,1
LockFreeBased,600,129000,129000,1199,0
LockFreeBased,700,129000,129000,1104,1
LockFreeBased,700,129000,129000,1079,0
LockFreeBased,800,129000,129000,1387,1
LockFreeBased,800,129000,129000,994,0
LockFreeBased,900,129000,129000,1012,1
LockFreeBased,900,129000,125916,1256,0
LockFreeBased,1000,129000,129000,990,1
LockFreeBased,1000,129000,27430,353,0
LockFreeBased,1100,129000,129000,1203,1
LockFreeBased,1100,129000,120197,1054,0
LockFreeBased,1200,129000,129000,1110,1
LockFreeBased,1200,129000,110952,951,0
LockFreeBased,1300,129000,129000,1108,1
LockFreeBased,1300,129000,129000,1052,0
LockFreeBased,1400,129000,129000,960,1
LockFreeBased,1400,129000,124014,1008,0
LockFreeBased,1500,129000,129000,1125,1
LockFreeBased,1500,129000,114115,943,0
LockFreeBased,1600,129000,129000,890,1
LockFreeBased,1600,129000,129000,1443,0
LockFreeBased,1700,129000,129000,897,1
LockFreeBased,1700,129000,38049,361,0
LockFreeBased,1800,129000,129000,1319,1
LockFreeBased,1800,129000,129000,1378,0
LockFreeBased,1900,129000,129000,1042,1
LockFreeBased,1900,129000,60625,691,0
LockFreeBased,2000,129000,129000,1035,1
LockFreeBased,2000,129000,124433,1006,0
LockFreeBased,100,130000,130000,1095,1
LockFreeBased,100,130000,124892,1063,0
LockFreeBased,200,130000,130000,1131,1
LockFreeBased,200,130000,128452,994,0
LockFreeBased,300,130000,130000,1029,1
LockFreeBased,300,130000,86436,1003,0
LockFreeBased,400,130000,130000,1047,1
LockFreeBased,400,130000,85855,796,0
LockFreeBased,500,130000,130000,1003,1
LockFreeBased,500,130000,121824,1215,0
LockFreeBased,600,130000,130000,1820,1
LockFreeBased,600,130000,119242,920,0
LockFreeBased,700,130000,130000,911,1
LockFreeBased,700,130000,93780,773,0
LockFreeBased,800,130000,130000,1440,1
LockFreeBased,800,130000,80765,623,0
LockFreeBased,900,130000,130000,1441,1
LockFreeBased,900,130000,130000,1075,0
LockFreeBased,1000,130000,130000,1364,1
LockFreeBased,1000,130000,8729,274,0
LockFreeBased,1100,130000,130000,1446,1
LockFreeBased,1100,130000,85918,734,0
LockFreeBased,1200,130000,130000,906,1
LockFreeBased,1200,130000,98631,881,0
LockFreeBased,1300,130000,130000,1207,1
LockFreeBased,1300,130000,130000,1070,0
LockFreeBased,1400,130000,130000,1449,1
LockFreeBased,1400,130000,55119,692,0
LockFreeBased,1500,130000,130000,1060,1
LockFreeBased,1500,130000,96139,914,0
LockFreeBased,1600,130000,130000,1084,1
LockFreeBased,1600,130000,103116,1149,0
LockFreeBased,1700,130000,130000,1098,1
LockFreeBased,1700,130000,118320,1743,0
LockFreeBased,1800,130000,130000,2203,1
LockFreeBased,1800,130000,19835,1079,0
LockFreeBased,1900,130000,130000,2305,1
LockFreeBased,1900,130000,42653,1235,0
LockFreeBased,2000,130000,130000,7160,1
LockFreeBased,2000,130000,63772,2309,0
LockFreeBased,100,131000,131000,4482,1
LockFreeBased,100,131000,126986,1093,0
LockFreeBased,200,131000,131000,991,1
LockFreeBased,200,131000,128829,1072,0
LockFreeBased,300,131000,131000,1595,1
LockFreeBased,300,131000,1862,447,0
LockFreeBased,400,131000,131000,2407,1
LockFreeBased,400,131000,126570,2953,0
LockFreeBased,500,131000,131000,1506,1
LockFreeBased,500,131000,131000,1972,0
LockFreeBased,600,131000,131000,1597,1
LockFreeBased,600,131000,123440,1248,0
LockFreeBased,700,131000,131000,1493,1
LockFreeBased,700,131000,116790,1291,0
LockFreeBased,800,131000,131000,1067,1
LockFreeBased,800,131000,117358,1711,0
LockFreeBased,900,131000,131000,1187,1
LockFreeBased,900,131000,27686,345,0
LockFreeBased,1000,131000,131000,1511,1
LockFreeBased,1000,131000,116390,885,0
LockFreeBased,1100,131000,131000,980,1
LockFreeBased,1100,131000,128017,1070,0
LockFreeBased,1200,131000,131000,1021,1
LockFreeBased,1200,131000,22943,706,0
LockFreeBased,1300,131000,131000,1096,1
LockFreeBased,1300,131000,120635,1124,0
LockFreeBased,1400,131000,131000,994,1
LockFreeBased,1400,131000,79830,781,0
LockFreeBased,1500,131000,131000,1042,1
LockFreeBased,1500,131000,131000,1494,0
LockFreeBased,1600,131000,131000,1709,1
LockFreeBased,1600,131000,128487,1187,0
LockFreeBased,1700,131000,131000,954,1
LockFreeBased,1700,131000,107564,1082,0
LockFreeBased,1800,131000,131000,1206,1
LockFreeBased,1800,131000,128172,1242,0
LockFreeBased,1900,131000,131000,1225,1
LockFreeBased,1900,131000,122592,1215,0
LockFreeBased,2000,131000,131000,1266,1
LockFreeBased,2000,131000,114365,1101,0
LockFreeBased,100,132000,132000,1285,1
LockFreeBased,100,132000,126294,1255,0
LockFreeBased,200,132000,132000,1141,1
LockFreeBased,200,132000,116101,1099,0
LockFreeBased,300,132000,132000,2238,1
LockFreeBased,300,132000,47269,609,0
LockFreeBased,400,132000,132000,2110,1
LockFreeBased,400,132000,128068,1711,0
LockFreeBased,500,132000,132000,1216,1
LockFreeBased,500,132000,17184,447,0
LockFreeBased,600,132000,132000,2031,1
LockFreeBased,600,132000,57328,737,0
LockFreeBased,700,132000,132000,1277,1
LockFreeBased,700,132000,37135,678,0
LockFreeBased,800,132000,132000,1201,1
LockFreeBased,800,132000,29677,405,0
LockFreeBased,900,132000,132000,1247,1
LockFreeBased,900,132000,23768,562,0
LockFreeBased,1000,132000,132000,2124,1
LockFreeBased,1000,132000,132000,1156,0
LockFreeBased,1100,132000,132000,1100,1
LockFreeBased,1100,132000,122749,1983,0
LockFreeBased,1200,132000,132000,1784,1
LockFreeBased,1200,132000,23335,405,0
LockFreeBased,1300,132000,132000,1817,1
LockFreeBased,1300,132000,1299,284,0
LockFreeBased,1400,132000,132000,1572,1
LockFreeBased,1400,132000,128301,1073,0
LockFreeBased,1500,132000,132000,1331,1
LockFreeBased,1500,132000,114824,981,0
LockFreeBased,1600,132000,132000,1271,1
LockFreeBased,1600,132000,88380,1893,0
LockFreeBased,1700,132000,132000,1112,1
LockFreeBased,1700,132000,119345,1083,0
LockFreeBased,1800,132000,132000,1138,1
LockFreeBased,1800,132000,126708,983,0
LockFreeBased,1900,132000,132000,1083,1
LockFreeBased,1900,132000,129265,1076,0
LockFreeBased,2000,132000,132000,1160,1
LockFreeBased,2000,132000,94996,833,0
LockFreeBased,100,133000,133000,1076,1
LockFreeBased,100,133000,132849,925,0
LockFreeBased,200,133000,133000,1269,1
LockFreeBased,200,133000,133000,1035,0
LockFreeBased,300,133000,133000,1181,1
LockFreeBased,300,133000,53720,642,0
LockFreeBased,400,133000,133000,1361,1
LockFreeBased,400,133000,62335,837,0
LockFreeBased,500,133000,133000,1157,1
LockFreeBased,500,133000,77299,726,0
LockFreeBased,600,133000,133000,1081,1
LockFreeBased,600,133000,599,307,0
LockFreeBased,700,133000,133000,1169,1
LockFreeBased,700,133000,85803,922,0
LockFreeBased,800,133000,133000,1029,1
LockFreeBased,800,133000,70169,733,0
LockFreeBased,900,133000,133000,1360,1
LockFreeBased,900,133000,133000,1302,0
LockFreeBased,1000,133000,133000,1214,1
LockFreeBased,1000,133000,103229,1827,0
LockFreeBased,1100,133000,133000,1206,1
LockFreeBased,1100,133000,105873,964,0
LockFreeBased,1200,133000,133000,1127,1
LockFreeBased,1200,133000,77952,679,0
LockFreeBased,1300,133000,133000,1133,1
LockFreeBased,1300,133000,127767,1044,0
LockFreeBased,1400,133000,133000,1344,1
LockFreeBased,1400,133000,123070,1060,0
LockFreeBased,1500,133000,133000,1550,1
LockFreeBased,1500,133000,41253,453,0
LockFreeBased,1600,133000,133000,1263,1
LockFreeBased,1600,133000,122734,1161,0
LockFreeBased,1700,133000,133000,1462,1
LockFreeBased,1700,133000,128670,963,0
LockFreeBased,1800,133000,133000,1029,1
LockFreeBased,1800,133000,43536,473,0
LockFreeBased,1900,133000,133000,1319,1
LockFreeBased,1900,133000,127996,1226,0
LockFreeBased,2000,133000,133000,1385,1
LockFreeBased,2000,133000,128999,1208,0
LockFreeBased,100,134000,134000,1585,1
LockFreeBased,100,134000,70497,1017,0
LockFreeBased,200,134000,134000,1596,1
LockFreeBased,200,134000,40426,453,0
LockFreeBased,300,134000,134000,1264,1
LockFreeBased,300,134000,127029,1448,0
LockFreeBased,400,134000,134000,1147,1
LockFreeBased,400,134000,134000,1270,0
LockFreeBased,500,134000,134000,1395,1
LockFreeBased,500,134000,134000,1377,0
LockFreeBased,600,134000,134000,1025,1
LockFreeBased,600,134000,93141,1254,0
LockFreeBased,700,134000,134000,1373,1
LockFreeBased,700,134000,134000,1008,0
LockFreeBased,800,134000,134000,1468,1
LockFreeBased,800,134000,130852,1004,0
LockFreeBased,900,134000,134000,1288,1
LockFreeBased,900,134000,129298,1352,0
LockFreeBased,1000,134000,134000,1095,1
LockFreeBased,1000,134000,134000,1370,0
LockFreeBased,1100,134000,134000,956,1
LockFreeBased,1100,134000,133929,1082,0
LockFreeBased,1200,134000,134000,1391,1
LockFreeBased,1200,134000,1199,271,0
LockFreeBased,1300,134000,134000,1239,1
LockFreeBased,1300,134000,131730,1207,0
LockFreeBased,1400,134000,134000,1401,1
LockFreeBased,1400,134000,134000,831,0
LockFreeBased,1500,134000,134000,1028,1
LockFreeBased,1500,134000,45848,567,0
LockFreeBased,1600,134000,134000,1092,1
LockFreeBased,1600,134000,6109,309,0
LockFreeBased,1700,134000,134000,1226,1
LockFreeBased,1700,134000,134000,1452,0
LockFreeBased,1800,134000,134000,1153,1
LockFreeBased,1800,134000,134000,1222,0
LockFreeBased,1900,134000,134000,1126,1
LockFreeBased,1900,134000,134000,1237,0
LockFreeBased,2000,134000,134000,1047,1
LockFreeBased,2000,134000,130010,977,0
LockFreeBased,100,135000,135000,1552,1
LockFreeBased,100,135000,69070,772,0
LockFreeBased,200,135000,135000,1137,1
LockFreeBased,200,135000,125921,999,0
LockFreeBased,300,135000,135000,1106,1
LockFreeBased,300,135000,91356,1061,0
LockFreeBased,400,135000,135000,1170,1
LockFreeBased,400,135000,135000,1060,0
LockFreeBased,500,135000,135000,1172,1
LockFreeBased,500,135000,118819,1037,0
LockFreeBased,600,135000,135000,1079,1
LockFreeBased,600,135000,129616,964,0
LockFreeBased,700,135000,135000,1079,1
LockFreeBased,700,135000,135000,1112,0
LockFreeBased,800,135000,135000,1035,1
LockFreeBased,800,135000,103936,793,0
LockFreeBased,900,135000,135000,1347,1
LockFreeBased,900,135000,124916,1554,0
LockFreeBased,1000,135000,135000,1309,1
LockFreeBased,1000,135000,105073,1013,0
LockFreeBased,1100,135000,135000,1177,1
LockFreeBased,1100,135000,118805,1186,0
LockFreeBased,1200,135000,135000,1157,1
LockFreeBased,1200,135000,86977,815,0
LockFreeBased,1300,135000,135000,1095,1
LockFreeBased,1300,135000,90763,923,0
LockFreeBased,1400,135000,135000,1167,1
LockFreeBased,1400,135000,116701,1077,0
LockFreeBased,1500,135000,135000,1377,1
LockFreeBased,1500,135000,129628,1118,0
LockFreeBased,1600,135000,135000,1078,1
LockFreeBased,1600,135000,134289,882,0
LockFreeBased,1700,135000,135000,1275,1
LockFreeBased,1700,135000,135000,1180,0
LockFreeBased,1800,135000,135000,1298,1
LockFreeBased,1800,135000,104952,931,0
LockFreeBased,1900,135000,135000,1062,1
LockFreeBased,1900,135000,131948,1031,0
LockFreeBased,2000,135000,135000,1115,1
LockFreeBased,2000,135000,135000,1098,0
LockFreeBased,100,136000,136000,1010,1
LockFreeBased,100,136000,105498,850,0
LockFreeBased,200,136000,136000,1070,1
LockFreeBased,200,136000,136000,1045,0
LockFreeBased,300,136000,136000,1155,1
LockFreeBased,300,136000,62907,562,0
LockFreeBased,400,136000,136000,2280,1
LockFreeBased,400,136000,99132,903,0
LockFreeBased,500,136000,136000,1228,1
LockFreeBased,500,136000,132332,1096,0
LockFreeBased,600,136000,136000,1071,1
LockFreeBased,600,136000,86363,864,0
LockFreeBased,700,136000,136000,1151,1
LockFreeBased,700,136000,128785,1010,0
LockFreeBased,800,136000,136000,1184,1
LockFreeBased,800,136000,130566,1315,0
LockFreeBased,900,136000,136000,1073,1
LockFreeBased,900,136000,136000,1249,0
LockFreeBased,1000,136000,136000,1417,1
LockFreeBased,1000,136000,109369,964,0
LockFreeBased,1100,136000,136000,1179,1
LockFreeBased,1100,136000,136000,1277,0
LockFreeBased,1200,136000,136000,1492,1
LockFreeBased,1200,136000,108171,979,0
LockFreeBased,1300,136000,136000,1179,1
LockFreeBased,1300,136000,114916,846,0
LockFreeBased,1400,136000,136000,1030,1
LockFreeBased,1400,136000,136000,1463,0
LockFreeBased,1500,136000,136000,909,1
LockFreeBased,1500,136000,136000,939,0
LockFreeBased,1600,136000,136000,1126,1
LockFreeBased,1600,136000,91847,776,0
LockFreeBased,1700,136000,136000,1076,1
LockFreeBased,1700,136000,136000,1115,0
LockFreeBased,1800,136000,136000,1428,1
LockFreeBased,1800,136000,1799,361,0
LockFreeBased,1900,136000,136000,1391,1
LockFreeBased,1900,136000,136000,1259,0
LockFreeBased,2000,136000,136000,1112,1
LockFreeBased,2000,136000,95142,777,0
LockFreeBased,100,137000,137000,1026,1
LockFreeBased,100,137000,136990,989,0
LockFreeBased,200,137000,137000,1325,1
LockFreeBased,200,137000,132440,1068,0
LockFreeBased,300,137000,137000,987,1
LockFreeBased,300,137000,127533,922,0
LockFreeBased,400,137000,137000,1027,1
LockFreeBased,400,137000,93440,769,0
LockFreeBased,500,137000,137000,1054,1
LockFreeBased,500,137000,90763,809,0
LockFreeBased,600,137000,137000,1427,1
LockFreeBased,600,137000,21574,417,0
LockFreeBased,700,137000,137000,989,1
LockFreeBased,700,137000,75045,1841,0
LockFreeBased,800,137000,137000,2883,1
LockFreeBased,800,137000,137000,2149,0
LockFreeBased,900,137000,137000,1707,1
LockFreeBased,900,137000,128610,1377,0
LockFreeBased,1000,137000,137000,1112,1
LockFreeBased,1000,137000,122889,1280,0
LockFreeBased,1100,137000,137000,1102,1
LockFreeBased,1100,137000,137000,1087,0
LockFreeBased,1200,137000,137000,1489,1
LockFreeBased,1200,137000,133473,1072,0
LockFreeBased,1300,137000,137000,1276,1
LockFreeBased,1300,137000,137000,966,0
LockFreeBased,1400,137000,137000,936,1
LockFreeBased,1400,137000,132399,1313,0
LockFreeBased,1500,137000,137000,870,1
LockFreeBased,1500,137000,137000,1316,0
LockFreeBased,1600,137000,137000,1039,1
LockFreeBased,1600,137000,131977,949,0
LockFreeBased,1700,137000,137000,1070,1
LockFreeBased,1700,137000,137000,2576,0
LockFreeBased,1800,137000,137000,1511,1
LockFreeBased,1800,137000,123340,881,0
LockFreeBased,1900,137000,137000,1257,1
LockFreeBased,1900,137000,129190,967,0
LockFreeBased,2000,137000,137000,1495,1
LockFreeBased,2000,137000,137000,1426,0
LockFreeBased,100,138000,138000,1057,1
LockFreeBased,100,138000,137930,1199,0
LockFreeBased,200,138000,138000,1416,1
LockFreeBased,200,138000,132061,1232,0
LockFreeBased,300,138000,138000,1070,1
LockFreeBased,300,138000,70731,552,0
LockFreeBased,400,138000,138000,1425,1
LockFreeBased,400,138000,138000,1235,0
LockFreeBased,500,138000,138000,870,1
LockFreeBased,500,138000,28468,453,0
LockFreeBased,600,138000,138000,1039,1
LockFreeBased,600,138000,132395,1184,0
LockFreeBased,700,138000,138000,1105,1
LockFreeBased,700,138000,132045,1315,0
LockFreeBased,800,138000,138000,1562,1
LockFreeBased,800,138000,120185,987,0
LockFreeBased,900,138000,138000,1377,1
LockFreeBased,900,138000,79326,782,0
LockFreeBased,1000,138000,138000,1168,1
LockFreeBased,1000,138000,53226,619,0
LockFreeBased,1100,138000,138000,1142,1
LockFreeBased,1100,138000,45893,466,0
LockFreeBased,1200,138000,138000,1226,1
LockFreeBased,1200,138000,138000,1191,0
LockFreeBased,1300,138000,138000,1163,1
LockFreeBased,1300,138000,125854,1423,0
LockFreeBased,1400,138000,138000,1102,1
LockFreeBased,1400,138000,48139,598,0
LockFreeBased,1500,138000,138000,1728,1
LockFreeBased,1500,138000,137501,1249,0
LockFreeBased,1600,138000,138000,1228,1
LockFreeBased,1600,138000,127298,1206,0
LockFreeBased,1700,138000,138000,1376,1
LockFreeBased,1700,138000,104482,806,0
LockFreeBased,1800,138000,138000,974,1
LockFreeBased,1800,138000,75123,631,0
LockFreeBased,1900,138000,138000,1005,1
LockFreeBased,1900,138000,138000,1369,0
LockFreeBased,2000,138000,138000,973,1
LockFreeBased,2000,138000,99127,1111,0
LockFreeBased,100,139000,139000,1495,1
LockFreeBased,100,139000,101919,916,0
LockFreeBased,200,139000,139000,5297,1
LockFreeBased,200,139000,136350,1217,0
LockFreeBased,300,139000,139000,1127,1
LockFreeBased,300,139000,136087,2008,0
LockFreeBased,400,139000,139000,1769,1
LockFreeBased,400,139000,133703,1137,0
LockFreeBased,500,139000,139000,1387,1
LockFreeBased,500,139000,125916,1263,0
LockFreeBased,600,139000,139000,1238,1
LockFreeBased,600,139000,91908,1025,0
LockFreeBased,700,139000,139000,1374,1
LockFreeBased,700,139000,139000,1093,0
LockFreeBased,800,139000,139000,1359,1
LockFreeBased,800,139000,132618,1247,0
LockFreeBased,900,139000,139000,1345,1
LockFreeBased,900,139000,137867,1448,0
LockFreeBased,1000,139000,139000,1181,1
LockFreeBased,1000,139000,126985,1060,0
LockFreeBased,1100,139000,139000,1176,1
LockFreeBased,1100,139000,125522,854,0
LockFreeBased,1200,139000,139000,1221,1
LockFreeBased,1200,139000,134668,1339,0
LockFreeBased,1300,139000,139000,1127,1
LockFreeBased,1300,139000,75666,1124,0
LockFreeBased,1400,139000,139000,1503,1
LockFreeBased,1400,139000,90772,879,0
LockFreeBased,1500,139000,139000,1246,1
LockFreeBased,1500,139000,110649,1006,0
LockFreeBased,1600,139000,139000,1263,1
LockFreeBased,1600,139000,133851,1038,0
LockFreeBased,1700,139000,139000,1034,1
LockFreeBased,1700,139000,138713,1046,0
LockFreeBased,1800,139000,139000,1043,1
LockFreeBased,1800,139000,137280,1182,0
LockFreeBased,1900,139000,139000,1058,1
LockFreeBased,1900,139000,125414,964,0
LockFreeBased,2000,139000,139000,1133,1
LockFreeBased,2000,139000,139000,1191,0
LockFreeBased,100,140000,140000,1244,1
LockFreeBased,100,140000,99,283,0
LockFreeBased,200,140000,140000,1968,1
LockFreeBased,200,140000,127828,1695,0
LockFreeBased,300,140000,140000,972,1
LockFreeBased,300,140000,66795,593,0
LockFreeBased,400,140000,140000,1067,1
LockFreeBased,400,140000,139962,971,0
LockFreeBased,500,140000,140000,1210,1
LockFreeBased,500,140000,136422,1045,0
LockFreeBased,600,140000,140000,4067,1
LockFreeBased,600,140000,63674,525,0
LockFreeBased,700,140000,140000,1228,1
LockFreeBased,700,140000,27934,799,0
LockFreeBased,800,140000,140000,1825,1
LockFreeBased,800,140000,121396,1521,0
LockFreeBased,900,140000,140000,1519,1
LockFreeBased,900,140000,124791,1525,0
LockFreeBased,1000,140000,140000,1186,1
LockFreeBased,1000,140000,125255,1231,0
LockFreeBased,1100,140000,140000,1106,1
LockFreeBased,1100,140000,140000,1101,0
LockFreeBased,1200,140000,140000,1175,1
LockFreeBased,1200,140000,7871,237,0
LockFreeBased,1300,140000,140000,920,1
LockFreeBased,1300,140000,107295,819,0
LockFreeBased,1400,140000,140000,1027,1
LockFreeBased,1400,140000,140000,1032,0
LockFreeBased,1500,140000,140000,1361,1
LockFreeBased,1500,140000,102515,1328,0
LockFreeBased,1600,140000,140000,1127,1
LockFreeBased,1600,140000,134690,1141,0
LockFreeBased,1700,140000,140000,1214,1
LockFreeBased,1700,140000,128783,1161,0
LockFreeBased,1800,140000,140000,1084,1
LockFreeBased,1800,140000,104815,968,0
LockFreeBased,1900,140000,140000,1430,1
LockFreeBased,1900,140000,140000,1086,0
LockFreeBased,2000,140000,140000,1394,1
LockFreeBased,2000,140000,13841,292,0
LockFreeBased,100,141000,141000,928,1
LockFreeBased,100,141000,107234,1363,0
LockFreeBased,200,141000,141000,1038,1
LockFreeBased,200,141000,99966,1301,0
LockFreeBased,300,141000,141000,1504,1
LockFreeBased,300,141000,43663,505,0
LockFreeBased,400,141000,141000,1360,1
LockFreeBased,400,141000,141000,1538,0
LockFreeBased,500,141000,141000,1137,1
LockFreeBased,500,141000,140236,991,0
LockFreeBased,600,141000,141000,1215,1
LockFreeBased,600,141000,136173,1221,0
LockFreeBased,700,141000,141000,1235,1
LockFreeBased,700,141000,77265,762,0
LockFreeBased,800,141000,141000,1542,1
LockFreeBased,800,141000,136388,1174,0
LockFreeBased,900,141000,141000,964,1
LockFreeBased,900,141000,109839,817,0
LockFreeBased,1000,141000,141000,1322,1
LockFreeBased,1000,141000,132114,1458,0
LockFreeBased,1100,141000,141000,1212,1
LockFreeBased,1100,141000,141000,1124,0
LockFreeBased,1200,141000,141000,1403,1
LockFreeBased,1200,141000,95426,1817,0
LockFreeBased,1300,141000,141000,2093,1
LockFreeBased,1300,141000,126880,1818,0
LockFreeBased,1400,141000,141000,1681,1
LockFreeBased,1400,141000,136183,1461,0
LockFreeBased,1500,141000,141000,1494,1
LockFreeBased,1500,141000,118360,1018,0
LockFreeBased,1600,141000,141000,1242,1
LockFreeBased,1600,141000,92585,867,0
LockFreeBased,1700,141000,141000,1298,1
LockFreeBased,1700,141000,116836,966,0
LockFreeBased,1800,141000,141000,1043,1
LockFreeBased,1800,141000,140919,1202,0
LockFreeBased,1900,141000,141000,1317,1
LockFreeBased,1900,141000,140476,954,0
LockFreeBased,2000,141000,141000,1030,1
LockFreeBased,2000,141000,113425,932,0
LockFreeBased,100,142000,142000,1230,1
LockFreeBased,100,142000,137303,1151,0
LockFreeBased,200,142000,142000,1291,1
LockFreeBased,200,142000,25472,463,0
LockFreeBased,300,142000,142000,1144,1
LockFreeBased,300,142000,109851,1112,0
LockFreeBased,400,142000,142000,2879,1
LockFreeBased,400,142000,84049,1030,0
LockFreeBased,500,142000,142000,1002,1
LockFreeBased,500,142000,136553,1501,0
LockFreeBased,600,142000,142000,1189,1
LockFreeBased,600,142000,102373,951,0
LockFreeBased,700,142000,142000,1355,1
LockFreeBased,700,142000,131328,1066,0
LockFreeBased,800,142000,142000,982,1
LockFreeBased,800,142000,135845,1030,0
LockFreeBased,900,142000,142000,1300,1
LockFreeBased,900,142000,116480,1235,0
LockFreeBased,1000,142000,142000,1482,1
LockFreeBased,1000,142000,124329,1334,0
LockFreeBased,1100,142000,142000,1443,1
LockFreeBased,1100,142000,120809,1261,0
LockFreeBased,1200,142000,142000,1357,1
LockFreeBased,1200,142000,110634,978,0
LockFreeBased,1300,142000,142000,1304,1
LockFreeBased,1300,142000,84968,794,0
LockFreeBased,1400,142000,142000,1256,1
LockFreeBased,1400,142000,135756,1089,0
LockFreeBased,1500,142000,142000,1013,1
LockFreeBased,1500,142000,112670,927,0
LockFreeBased,1600,142000,142000,1214,1
LockFreeBased,1600,142000,142000,983,0
LockFreeBased,1700,142000,142000,1042,1
LockFreeBased,1700,142000,128943,1062,0
LockFreeBased,1800,142000,142000,2603,1
LockFreeBased,1800,142000,135638,1256,0
LockFreeBased,1900,142000,142000,1145,1
LockFreeBased,1900,142000,141611,827,0
LockFreeBased,2000,142000,142000,1095,1
LockFreeBased,2000,142000,132548,928,0
LockFreeBased,100,143000,143000,1083,1
LockFreeBased,100,143000,142948,1036,0
LockFreeBased,200,143000,143000,1053,1
LockFreeBased,200,143000,137354,1234,0
LockFreeBased,300,143000,143000,1336,1
LockFreeBased,300,143000,136015,1075,0
LockFreeBased,400,143000,143000,1620,1
LockFreeBased,400,143000,131468,1485,0
LockFreeBased,500,143000,143000,1715,1
LockFreeBased,500,143000,132185,1253,0
LockFreeBased,600,143000,143000,1257,1
LockFreeBased,600,143000,20418,335,0
LockFreeBased,700,143000,143000,1250,1
LockFreeBased,700,143000,142764,925,0
LockFreeBased,800,143000,143000,1112,1
LockFreeBased,800,143000,114343,929,0
LockFreeBased,900,143000,143000,988,1
LockFreeBased,900,143000,143000,1021,0
LockFreeBased,1000,143000,143000,1051,1
LockFreeBased,1000,143000,89847,860,0
LockFreeBased,1100,143000,143000,1055,1
LockFreeBased,1100,143000,143000,1172,0
LockFreeBased,1200,143000,143000,1133,1
LockFreeBased,1200,143000,36426,609,0
LockFreeBased,1300,143000,143000,1495,1
LockFreeBased,1300,143000,102569,857,0
LockFreeBased,1400,143000,143000,1054,1
LockFreeBased,1400,143000,91518,808,0
LockFreeBased,1500,143000,143000,1259,1
LockFreeBased,1500,143000,142670,1165,0
LockFreeBased,1600,143000,143000,1154,1
LockFreeBased,1600,143000,143000,1126,0
LockFreeBased,1700,143000,143000,1132,1
LockFreeBased,1700,143000,143000,1388,0
LockFreeBased,1800,143000,143000,1087,1
LockFreeBased,1800,143000,143000,960,0
LockFreeBased,1900,143000,143000,1178,1
LockFreeBased,1900,143000,76489,773,0
LockFreeBased,2000,143000,143000,1074,1
LockFreeBased,2000,143000,69207,799,0
LockFreeBased,100,144000,144000,1275,1
LockFreeBased,100,144000,139035,1298,0
LockFreeBased,200,144000,144000,1114,1
LockFreeBased,200,144000,63673,589,0
LockFreeBased,300,144000,144000,1204,1
LockFreeBased,300,144000,138990,1327,0
LockFreeBased,400,144000,144000,1743,1
LockFreeBased,400,144000,139449,1017,0
LockFreeBased,500,144000,144000,1148,1
LockFreeBased,500,144000,123456,750,0
LockFreeBased,600,144000,144000,1387,1
LockFreeBased,600,144000,141832,1050,0
LockFreeBased,700,144000,144000,1039,1
LockFreeBased,700,144000,98143,1077,0
LockFreeBased,800,144000,144000,2446,1
LockFreeBased,800,144000,111011,857,0
LockFreeBased,900,144000,144000,1316,1
LockFreeBased,900,144000,87748,660,0
LockFreeBased,1000,144000,144000,908,1
LockFreeBased,1000,144000,79042,565,0
LockFreeBased,1100,144000,144000,1127,1
LockFreeBased,1100,144000,144000,1062,0
LockFreeBased,1200,144000,144000,1412,1
LockFreeBased,1200,144000,110129,912,0
LockFreeBased,1300,144000,144000,1966,1
LockFreeBased,1300,144000,144000,960,0
LockFreeBased,1400,144000,144000,1330,1
LockFreeBased,1400,144000,124925,1159,0
LockFreeBased,1500,144000,144000,1304,1
LockFreeBased,1500,144000,39009,491,0
LockFreeBased,1600,144000,144000,935,1
LockFreeBased,1600,144000,142132,1080,0
LockFreeBased,1700,144000,144000,995,1
LockFreeBased,1700,144000,96623,1173,0
LockFreeBased,1800,144000,144000,1228,1
LockFreeBased,1800,144000,143961,1189,0
LockFreeBased,1900,144000,144000,1244,1
LockFreeBased,1900,144000,74187,683,0
LockFreeBased,2000,144000,144000,1193,1
LockFreeBased,2000,144000,141885,1255,0
LockFreeBased,100,145000,145000,1692,1
LockFreeBased,100,145000,139272,880,0
LockFreeBased,200,145000,145000,937,1
LockFreeBased,200,145000,125755,1511,0
LockFreeBased,300,145000,145000,1560,1
LockFreeBased,300,145000,57056,608,0
LockFreeBased,400,145000,145000,1186,1
LockFreeBased,400,145000,144995,1137,0
LockFreeBased,500,145000,145000,1186,1
LockFreeBased,500,145000,78589,834,0
LockFreeBased,600,145000,145000,1244,1
LockFreeBased,600,145000,138366,1225,0
LockFreeBased,700,145000,145000,1345,1
LockFreeBased,700,145000,87776,882,0
LockFreeBased,800,145000,145000,1220,1
LockFreeBased,800,145000,139919,1172,0
LockFreeBased,900,145000,145000,1141,1
LockFreeBased,900,145000,127099,1266,0
LockFreeBased,1000,145000,145000,1348,1
LockFreeBased,1000,145000,36817,416,0
LockFreeBased,1100,145000,145000,1178,1
LockFreeBased,1100,145000,89512,842,0
LockFreeBased,1200,145000,145000,1173,1
LockFreeBased,1200,145000,93618,812,0
LockFreeBased,1300,145000,145000,1113,1
LockFreeBased,1300,145000,31586,379,0
LockFreeBased,1400,145000,145000,1021,1
LockFreeBased,1400,145000,81800,765,0
LockFreeBased,1500,145000,145000,1004,1
LockFreeBased,1500,145000,137549,871,0
LockFreeBased,1600,145000,145000,1035,1
LockFreeBased,1600,145000,130949,1162,0
LockFreeBased,1700,145000,145000,3417,1
LockFreeBased,1700,145000,66477,979,0
LockFreeBased,1800,145000,145000,1543,1
LockFreeBased,1800,145000,115527,1376,0
LockFreeBased,1900,145000,145000,1558,1
LockFreeBased,1900,145000,145000,1531,0
LockFreeBased,2000,145000,145000,1207,1
LockFreeBased,2000,145000,140261,1165,0
LockFreeBased,100,146000,146000,1135,1
LockFreeBased,100,146000,145764,1140,0
LockFreeBased,200,146000,146000,1001,1
LockFreeBased,200,146000,123224,913,0
LockFreeBased,300,146000,146000,1048,1
LockFreeBased,300,146000,146000,1113,0
LockFreeBased,400,146000,146000,1286,1
LockFreeBased,400,146000,136296,1162,0
LockFreeBased,500,146000,146000,989,1
LockFreeBased,500,146000,146000,1130,0
LockFreeBased,600,146000,146000,1138,1
LockFreeBased,600,146000,15314,334,0
LockFreeBased,700,146000,146000,1332,1
LockFreeBased,700,146000,146000,1537,0
LockFreeBased,800,146000,146000,1050,1
LockFreeBased,800,146000,115295,902,0
LockFreeBased,900,146000,146000,1022,1
LockFreeBased,900,146000,127649,958,0
LockFreeBased,1000,146000,146000,1161,1
LockFreeBased,1000,146000,130501,1026,0
LockFreeBased,1100,146000,146000,1710,1
LockFreeBased,1100,146000,137194,1461,0
LockFreeBased,1200,146000,146000,1051,1
LockFreeBased,1200,146000,83546,712,0
LockFreeBased,1300,146000,146000,1202,1
LockFreeBased,1300,146000,141348,1075,0
LockFreeBased,1400,146000,146000,1186,1
LockFreeBased,1400,146000,141394,1179,0
LockFreeBased,1500,146000,146000,1160,1
LockFreeBased,1500,146000,95854,885,0
LockFreeBased,1600,146000,146000,1311,1
LockFreeBased,1600,146000,33207,491,0
LockFreeBased,1700,146000,146000,1610,1
LockFreeBased,1700,146000,102996,838,0
LockFreeBased,1800,146000,146000,1354,1
LockFreeBased,1800,146000,112175,1349,0
LockFreeBased,1900,146000,146000,1293,1
LockFreeBased,1900,146000,94558,924,0
LockFreeBased,2000,146000,146000,1308,1
LockFreeBased,2000,146000,146000,1249,0
LockFreeBased,100,147000,147000,1211,1
LockFreeBased,100,147000,146770,879,0
LockFreeBased,200,147000,147000,1154,1
LockFreeBased,200,147000,144058,983,0
LockFreeBased,300,147000,147000,1192,1
LockFreeBased,300,147000,144941,991,0
LockFreeBased,400,147000,147000,1334,1
LockFreeBased,400,147000,129621,1011,0
LockFreeBased,500,147000,147000,1051,1
LockFreeBased,500,147000,138048,1180,0
LockFreeBased,600,147000,147000,1412,1
LockFreeBased,600,147000,102849,1009,0
LockFreeBased,700,147000,147000,1238,1
LockFreeBased,700,147000,122478,950,0
LockFreeBased,800,147000,147000,1161,1
LockFreeBased,800,147000,147000,1074,0
LockFreeBased,900,147000,147000,1288,1
LockFreeBased,900,147000,147000,1454,0
LockFreeBased,1000,147000,147000,1046,1
LockFreeBased,1000,147000,122455,2643,0
LockFreeBased,1100,147000,147000,1224,1
LockFreeBased,1100,147000,72823,657,0
LockFreeBased,1200,147000,147000,1166,1
LockFreeBased,1200,147000,113082,907,0
LockFreeBased,1300,147000,147000,1172,1
LockFreeBased,1300,147000,141720,1817,0
LockFreeBased,1400,147000,147000,1435,1
LockFreeBased,1400,147000,142249,1151,0
LockFreeBased,1500,147000,147000,1096,1
LockFreeBased,1500,147000,142917,1043,0
LockFreeBased,1600,147000,147000,1158,1
LockFreeBased,1600,147000,147000,1423,0
LockFreeBased,1700,147000,147000,1053,1
LockFreeBased,1700,147000,142687,1072,0
LockFreeBased,1800,147000,147000,1406,1
LockFreeBased,1800,147000,147000,1486,0
LockFreeBased,1900,147000,147000,1025,1
LockFreeBased,1900,147000,147000,1025,0
LockFreeBased,2000,147000,147000,1513,1
LockFreeBased,2000,147000,126128,1070,0
LockFreeBased,100,148000,148000,1103,1
LockFreeBased,100,148000,119041,997,0
LockFreeBased,200,148000,148000,1191,1
LockFreeBased,200,148000,102192,1262,0
LockFreeBased,300,148000,148000,1322,1
LockFreeBased,300,148000,142115,1100,0
LockFreeBased,400,148000,148000,1358,1
LockFreeBased,400,148000,148000,1110,0
LockFreeBased,500,148000,148000,1029,1
LockFreeBased,500,148000,146177,1501,0
LockFreeBased,600,148000,148000,1052,1
LockFreeBased,600,148000,123849,813,0
LockFreeBased,700,148000,148000,1084,1
LockFreeBased,700,148000,99147,1300,0
LockFreeBased,800,148000,148000,1141,1
LockFreeBased,800,148000,147256,1223,0
LockFreeBased,900,148000,148000,1158,1
LockFreeBased,900,148000,106053,1041,0
LockFreeBased,1000,148000,148000,1154,1
LockFreeBased,1000,148000,128834,895,0
LockFreeBased,1100,148000,148000,1568,1
LockFreeBased,1100,148000,98293,721,0
LockFreeBased,1200,148000,148000,1031,1
LockFreeBased,1200,148000,105298,701,0
LockFreeBased,1300,148000,148000,1223,1
LockFreeBased,1300,148000,139807,1169,0
LockFreeBased,1400,148000,148000,1075,1
LockFreeBased,1400,148000,130458,991,0
LockFreeBased,1500,148000,148000,1740,1
LockFreeBased,1500,148000,146802,1379,0
LockFreeBased,1600,148000,148000,1065,1
LockFreeBased,1600,148000,147137,1048,0
LockFreeBased,1700,148000,148000,1353,1
LockFreeBased,1700,148000,144649,914,0
LockFreeBased,1800,148000,148000,1025,1
LockFreeBased,1800,148000,148000,1380,0
LockFreeBased,1900,148000,148000,1071,1
LockFreeBased,1900,148000,113212,906,0
LockFreeBased,2000,148000,148000,1138,1
LockFreeBased,2000,148000,144822,1192,0
LockFreeBased,100,149000,149000,1424,1
LockFreeBased,100,149000,121509,970,0
LockFreeBased,200,149000,149000,1580,1
LockFreeBased,200,149000,104747,1042,0
LockFreeBased,300,149000,149000,1487,1
LockFreeBased,300,149000,137534,1488,0
LockFreeBased,400,149000,149000,1390,1
LockFreeBased,400,149000,79675,871,0
LockFreeBased,500,149000,149000,1557,1
LockFreeBased,500,149000,137317,1145,0
LockFreeBased,600,149000,149000,1293,1
LockFreeBased,600,149000,141716,1242,0
LockFreeBased,700,149000,149000,1291,1
LockFreeBased,700,149000,135038,1160,0
LockFreeBased,800,149000,149000,1175,1
LockFreeBased,800,149000,17519,438,0
LockFreeBased,900,149000,149000,1761,1
LockFreeBased,900,149000,113290,1211,0
LockFreeBased,1000,149000,149000,1236,1
LockFreeBased,1000,149000,148955,1527,0
LockFreeBased,1100,149000,149000,1680,1
LockFreeBased,1100,149000,149000,1388,0
LockFreeBased,1200,149000,149000,1167,1
LockFreeBased,1200,149000,115586,988,0
LockFreeBased,1300,149000,149000,958,1
LockFreeBased,1300,149000,70145,785,0
LockFreeBased,1400,149000,149000,1187,1
LockFreeBased,1400,149000,65550,636,0
LockFreeBased,1500,149000,149000,995,1
LockFreeBased,1500,149000,146988,1001,0
LockFreeBased,1600,149000,149000,1109,1
LockFreeBased,1600,149000,87898,1337,0
LockFreeBased,1700,149000,149000,1227,1
LockFreeBased,1700,149000,115773,995,0
LockFreeBased,1800,149000,149000,1222,1
LockFreeBased,1800,149000,135659,1087,0
LockFreeBased,1900,149000,149000,1201,1
LockFreeBased,1900,149000,95486,955,0
LockFreeBased,2000,149000,149000,1619,1
LockFreeBased,2000,149000,56110,621,0
LockFreeBased,100,150000,150000,1319,1
LockFreeBased,100,150000,139492,1132,0
LockFreeBased,200,150000,150000,1177,1
LockFreeBased,200,150000,113539,1098,0
LockFreeBased,300,150000,150000,1462,1
LockFreeBased,300,150000,92647,1006,0
LockFreeBased,400,150000,150000,1592,1
LockFreeBased,400,150000,1238,246,0
LockFreeBased,500,150000,150000,1161,1
LockFreeBased,500,150000,150000,1202,0
LockFreeBased,600,150000,150000,1225,1
LockFreeBased,600,150000,150000,1584,0
LockFreeBased,700,150000,150000,1125,1
LockFreeBased,700,150000,149988,1040,0
LockFreeBased,800,150000,150000,1015,1
LockFreeBased,800,150000,144751,1098,0
LockFreeBased,900,150000,150000,907,1
LockFreeBased,900,150000,119905,1018,0
LockFreeBased,1000,150000,150000,1090,1
LockFreeBased,1000,150000,133657,1067,0
LockFreeBased,1100,150000,150000,1812,1
LockFreeBased,1100,150000,50329,610,0
LockFreeBased,1200,150000,150000,1224,1
LockFreeBased,1200,150000,144130,1260,0
LockFreeBased,1300,150000,150000,1263,1
LockFreeBased,1300,150000,110610,958,0
LockFreeBased,1400,150000,150000,1614,1
LockFreeBased,1400,150000,150000,1251,0
LockFreeBased,1500,150000,150000,1221,1
LockFreeBased,1500,150000,150000,1255,0
LockFreeBased,1600,150000,150000,1594,1
LockFreeBased,1600,150000,144898,1075,0
LockFreeBased,1700,150000,150000,1439,1
LockFreeBased,1700,150000,108028,1143,0
LockFreeBased,1800,150000,150000,1151,1
LockFreeBased,1800,150000,116096,1028,0
LockFreeBased,1900,150000,150000,1066,1
LockFreeBased,1900,150000,117508,964,0
LockFreeBased,2000,150000,150000,1178,1
LockFreeBased,2000,150000,150000,1454,0
LockFreeBased,100,151000,151000,1291,1
LockFreeBased,100,151000,128137,1002,0
LockFreeBased,200,151000,151000,1269,1
LockFreeBased,200,151000,122738,1021,0
LockFreeBased,300,151000,151000,1348,1
LockFreeBased,300,151000,60161,665,0
LockFreeBased,400,151000,151000,1223,1
LockFreeBased,400,151000,88342,2807,0
LockFreeBased,500,151000,151000,2299,1
LockFreeBased,500,151000,136815,1699,0
LockFreeBased,600,151000,151000,1574,1
LockFreeBased,600,151000,141302,1455,0
LockFreeBased,700,151000,151000,1281,1
LockFreeBased,700,151000,146856,1074,0
LockFreeBased,800,151000,151000,1139,1
LockFreeBased,800,151000,143854,1094,0
LockFreeBased,900,151000,151000,1212,1
LockFreeBased,900,151000,91998,725,0
LockFreeBased,1000,151000,151000,1670,1
LockFreeBased,1000,151000,138365,1136,0
LockFreeBased,1100,151000,151000,1223,1
LockFreeBased,1100,151000,119926,1036,0
LockFreeBased,1200,151000,151000,1224,1
LockFreeBased,1200,151000,102061,879,0
LockFreeBased,1300,151000,151000,1371,1
LockFreeBased,1300,151000,13018,409,0
LockFreeBased,1400,151000,151000,1378,1
LockFreeBased,1400,151000,151000,1041,0
LockFreeBased,1500,151000,151000,1476,1
LockFreeBased,1500,151000,147256,1049,0
LockFreeBased,1600,151000,151000,1576,1
LockFreeBased,1600,151000,124435,1074,0
LockFreeBased,1700,151000,151000,1186,1
LockFreeBased,1700,151000,149383,1459,0
LockFreeBased,1800,151000,151000,1537,1
LockFreeBased,1800,151000,47016,543,0
LockFreeBased,1900,151000,151000,1241,1
LockFreeBased,1900,151000,88875,924,0
LockFreeBased,2000,151000,151000,1707,1
LockFreeBased,2000,151000,55009,589,0
LockFreeBased,100,152000,152000,1022,1
LockFreeBased,100,152000,152000,1700,0
LockFreeBased,200,152000,152000,1214,1
LockFreeBased,200,152000,144155,1142,0
LockFreeBased,300,152000,152000,1241,1
LockFreeBased,300,152000,141917,1151,0
LockFreeBased,400,152000,152000,1448,1
LockFreeBased,400,152000,79364,889,0
LockFreeBased,500,152000,152000,1425,1
LockFreeBased,500,152000,152000,1336,0
LockFreeBased,600,152000,152000,1301,1
LockFreeBased,600,152000,93710,1002,0
LockFreeBased,700,152000,152000,1351,1
LockFreeBased,700,152000,143310,1361,0
LockFreeBased,800,152000,152000,1619,1
LockFreeBased,800,152000,101127,922,0
LockFreeBased,900,152000,152000,2907,1
LockFreeBased,900,152000,136645,920,0
LockFreeBased,1000,152000,152000,1285,1
LockFreeBased,1000,152000,120186,1320,0
LockFreeBased,1100,152000,152000,1109,1
LockFreeBased,1100,152000,149920,1181,0
LockFreeBased,1200,152000,152000,1338,1
LockFreeBased,1200,152000,1199,271,0
LockFreeBased,1300,152000,152000,1593,1
LockFreeBased,1300,152000,146472,1076,0
LockFreeBased,1400,152000,152000,1259,1
LockFreeBased,1400,152000,149240,1486,0
LockFreeBased,1500,152000,152000,1236,1
LockFreeBased,1500,152000,100917,783,0
LockFreeBased,1600,152000,152000,1402,1
LockFreeBased,1600,152000,125696,1028,0
LockFreeBased,1700,152000,152000,1184,1
LockFreeBased,1700,152000,150740,919,0
LockFreeBased,1800,152000,152000,1076,1
LockFreeBased,1800,152000,152000,1541,0
LockFreeBased,1900,152000,152000,1277,1
LockFreeBased,1900,152000,148901,1176,0
LockFreeBased,2000,152000,152000,1337,1
LockFreeBased,2000,152000,152000,1050,0
LockFreeBased,100,153000,153000,1280,1
LockFreeBased,100,153000,145420,1000,0
LockFreeBased,200,153000,153000,1282,1
LockFreeBased,200,153000,144533,1190,0
LockFreeBased,300,153000,153000,1181,1
LockFreeBased,300,153000,152809,1706,0
LockFreeBased,400,153000,153000,1468,1
LockFreeBased,400,153000,153000,1511,0
LockFreeBased,500,153000,153000,1579,1
LockFreeBased,500,153000,101882,1138,0
LockFreeBased,600,153000,153000,1136,1
LockFreeBased,600,153000,135267,1097,0
LockFreeBased,700,153000,153000,1237,1
LockFreeBased,700,153000,153000,1204,0
LockFreeBased,800,153000,153000,1311,1
LockFreeBased,800,153000,133494,1078,0
LockFreeBased,900,153000,153000,1266,1
LockFreeBased,900,153000,145048,1546,0
LockFreeBased,1000,153000,153000,1042,1
LockFreeBased,1000,153000,118469,951,0
LockFreeBased,1100,153000,153000,1060,1
LockFreeBased,1100,153000,82328,908,0
LockFreeBased,1200,153000,153000,1112,1
LockFreeBased,1200,153000,125797,1281,0
LockFreeBased,1300,153000,153000,1320,1
LockFreeBased,1300,153000,131856,1348,0
LockFreeBased,1400,153000,153000,1424,1
LockFreeBased,1400,153000,137327,1256,0
LockFreeBased,1500,153000,153000,2772,1
LockFreeBased,1500,153000,86330,2542,0
LockFreeBased,1600,153000,153000,2420,1
LockFreeBased,1600,153000,95773,1790,0
LockFreeBased,1700,153000,153000,1978,1
LockFreeBased,1700,153000,153000,1727,0
LockFreeBased,1800,153000,153000,1801,1
LockFreeBased,1800,153000,106196,975,0
LockFreeBased,1900,153000,153000,1190,1
LockFreeBased,1900,153000,97526,981,0
LockFreeBased,2000,153000,153000,1132,1
LockFreeBased,2000,153000,148127,1068,0
LockFreeBased,100,154000,154000,1205,1
LockFreeBased,100,154000,76703,727,0
LockFreeBased,200,154000,154000,1501,1
LockFreeBased,200,154000,119897,993,0
LockFreeBased,300,154000,154000,1627,1
LockFreeBased,300,154000,89065,1087,0
LockFreeBased,400,154000,154000,1517,1
LockFreeBased,400,154000,140139,1342,0
LockFreeBased,500,154000,154000,1279,1
LockFreeBased,500,154000,115196,1380,0
LockFreeBased,600,154000,154000,1522,1
LockFreeBased,600,154000,147652,1167,0
LockFreeBased,700,154000,154000,1298,1
LockFreeBased,700,154000,140303,1374,0
LockFreeBased,800,154000,154000,1368,1
LockFreeBased,800,154000,139312,1274,0
LockFreeBased,900,154000,154000,1302,1
LockFreeBased,900,154000,99580,1092,0
LockFreeBased,1000,154000,154000,1497,1
LockFreeBased,1000,154000,134888,1426,0
LockFreeBased,1100,154000,154000,1321,1
LockFreeBased,1100,154000,154000,1371,0
LockFreeBased,1200,154000,154000,1501,1
LockFreeBased,1200,154000,118764,1162,0
LockFreeBased,1300,154000,154000,1641,1
LockFreeBased,1300,154000,82609,1079,0
LockFreeBased,1400,154000,154000,1069,1
LockFreeBased,1400,154000,68723,1026,0
LockFreeBased,1500,154000,154000,1099,1
LockFreeBased,1500,154000,153988,1202,0
LockFreeBased,1600,154000,154000,1522,1
LockFreeBased,1600,154000,153261,1265,0
LockFreeBased,1700,154000,154000,1778,1
LockFreeBased,1700,154000,140430,1106,0
LockFreeBased,1800,154000,154000,1047,1
LockFreeBased,1800,154000,149673,1096,0
LockFreeBased,1900,154000,154000,1075,1
LockFreeBased,1900,154000,154000,1481,0
LockFreeBased,2000,154000,154000,1656,1
LockFreeBased,2000,154000,154000,1177,0
LockFreeBased,100,155000,155000,1739,1
LockFreeBased,100,155000,154824,1316,0
LockFreeBased,200,155000,155000,1366,1
LockFreeBased,200,155000,109919,970,0
LockFreeBased,300,155000,155000,1465,1
LockFreeBased,300,155000,115998,2561,0
LockFreeBased,400,155000,155000,1557,1
LockFreeBased,400,155000,155000,1735,0
LockFreeBased,500,155000,155000,1251,1
LockFreeBased,500,155000,149127,1273,0
LockFreeBased,600,155000,155000,1273,1
LockFreeBased,600,155000,115523,904,0
LockFreeBased,700,155000,155000,1074,1
LockFreeBased,700,155000,155000,1717,0
LockFreeBased,800,155000,155000,1184,1
LockFreeBased,800,155000,153301,1644,0
LockFreeBased,900,155000,155000,1642,1
LockFreeBased,900,155000,31734,669,0
LockFreeBased,1000,155000,155000,1628,1
LockFreeBased,1000,155000,125681,2492,0
LockFreeBased,1100,155000,155000,1415,1
LockFreeBased,1100,155000,155000,967,0
LockFreeBased,1200,155000,155000,1313,1
LockFreeBased,1200,155000,155000,1020,0
LockFreeBased,1300,155000,155000,1299,1
LockFreeBased,1300,155000,154261,853,0
LockFreeBased,1400,155000,155000,1158,1
LockFreeBased,1400,155000,151946,1520,0
LockFreeBased,1500,155000,155000,1678,1
LockFreeBased,1500,155000,81188,1403,0
LockFreeBased,1600,155000,155000,1326,1
LockFreeBased,1600,155000,128470,1217,0
LockFreeBased,1700,155000,155000,1208,1
LockFreeBased,1700,155000,149131,1633,0
LockFreeBased,1800,155000,155000,1166,1
LockFreeBased,1800,155000,155000,2208,0
LockFreeBased,1900,155000,155000,950,1
LockFreeBased,1900,155000,152304,1071,0
LockFreeBased,2000,155000,155000,995,1
LockFreeBased,2000,155000,150991,1199,0
LockFreeBased,100,156000,156000,1398,1
LockFreeBased,100,156000,102634,1228,0
LockFreeBased,200,156000,156000,1615,1
LockFreeBased,200,156000,155102,1175,0
LockFreeBased,300,156000,156000,1189,1
LockFreeBased,300,156000,153146,1429,0
LockFreeBased,400,156000,156000,1209,1
LockFreeBased,400,156000,144695,1460,0
LockFreeBased,500,156000,156000,1226,1
LockFreeBased,500,156000,152197,1467,0
LockFreeBased,600,156000,156000,1314,1
LockFreeBased,600,156000,137265,3843,0
LockFreeBased,700,156000,156000,3263,1
LockFreeBased,700,156000,49948,2483,0
LockFreeBased,800,156000,156000,2915,1
LockFreeBased,800,156000,114559,1722,0
LockFreeBased,900,156000,156000,2036,1
LockFreeBased,900,156000,138770,1515,0
LockFreeBased,1000,156000,156000,1495,1
LockFreeBased,1000,156000,141685,1307,0
LockFreeBased,1100,156000,156000,1605,1
LockFreeBased,1100,156000,152191,1646,0
LockFreeBased,1200,156000,156000,1492,1
LockFreeBased,1200,156000,155996,1647,0
LockFreeBased,1300,156000,156000,1636,1
LockFreeBased,1300,156000,156000,4172,0
LockFreeBased,1400,156000,156000,1579,1
LockFreeBased,1400,156000,87772,1458,0
LockFreeBased,1500,156000,156000,3462,1
LockFreeBased,1500,156000,150471,2195,0
LockFreeBased,1600,156000,156000,1540,1
LockFreeBased,1600,156000,156000,1591,0
LockFreeBased,1700,156000,156000,1494,1
LockFreeBased,1700,156000,156000,2482,0
LockFreeBased,1800,156000,156000,1580,1
LockFreeBased,1800,156000,136248,2022,0
LockFreeBased,1900,156000,156000,2312,1
LockFreeBased,1900,156000,1899,328,0
LockFreeBased,2000,156000,156000,2312,1
LockFreeBased,2000,156000,139277,2737,0
LockFreeBased,100,157000,157000,1367,1
LockFreeBased,100,157000,99,239,0
LockFreeBased,200,157000,157000,1290,1
LockFreeBased,200,157000,106498,2055,0
LockFreeBased,300,157000,157000,1520,1
LockFreeBased,300,157000,157000,1360,0
LockFreeBased,400,157000,157000,2146,1
LockFreeBased,400,157000,149741,1387,0
LockFreeBased,500,157000,157000,1853,1
LockFreeBased,500,157000,144154,1892,0
LockFreeBased,600,157000,157000,1815,1
LockFreeBased,600,157000,148326,1411,0
LockFreeBased,700,157000,157000,1371,1
LockFreeBased,700,157000,157000,1404,0
LockFreeBased,800,157000,157000,1430,1
LockFreeBased,800,157000,4428,464,0
LockFreeBased,900,157000,157000,1887,1
LockFreeBased,900,157000,157000,2620,0
LockFreeBased,1000,157000,157000,2182,1
LockFreeBased,1000,157000,999,562,0
LockFreeBased,1100,157000,157000,1477,1
LockFreeBased,1100,157000,152232,1425,0
LockFreeBased,1200,157000,157000,1860,1
LockFreeBased,1200,157000,157000,1168,0
LockFreeBased,1300,157000,157000,1347,1
LockFreeBased,1300,157000,11545,391,0
LockFreeBased,1400,157000,157000,2408,1
LockFreeBased,1400,157000,124108,2104,0
LockFreeBased,1500,157000,157000,1179,1
LockFreeBased,1500,157000,149922,1103,0
LockFreeBased,1600,157000,157000,2495,1
LockFreeBased,1600,157000,7323,385,0
LockFreeBased,1700,157000,157000,1393,1
LockFreeBased,1700,157000,136517,2780,0
LockFreeBased,1800,157000,157000,2957,1
LockFreeBased,1800,157000,153023,1334,0
LockFreeBased,1900,157000,157000,2484,1
LockFreeBased,1900,157000,116869,1028,0
LockFreeBased,2000,157000,157000,1326,1
LockFreeBased,2000,157000,93063,1402,0
LockFreeBased,100,158000,158000,3511,1
LockFreeBased,100,158000,142858,2557,0
LockFreeBased,200,158000,158000,1685,1
LockFreeBased,200,158000,157032,1313,0
LockFreeBased,300,158000,158000,1371,1
LockFreeBased,300,158000,158000,1697,0
LockFreeBased,400,158000,158000,1230,1
LockFreeBased,400,158000,153481,2135,0
LockFreeBased,500,158000,158000,1618,1
LockFreeBased,500,158000,158000,1498,0
LockFreeBased,600,158000,158000,1837,1
LockFreeBased,600,158000,145732,1171,0
LockFreeBased,700,158000,158000,1761,1
LockFreeBased,700,158000,54340,660,0
LockFreeBased,800,158000,158000,1507,1
LockFreeBased,800,158000,114036,1140,0
LockFreeBased,900,158000,158000,1793,1
LockFreeBased,900,158000,152582,1217,0
LockFreeBased,1000,158000,158000,1259,1
LockFreeBased,1000,158000,106656,1109,0
LockFreeBased,1100,158000,158000,3112,1
LockFreeBased,1100,158000,109600,1777,0
LockFreeBased,1200,158000,158000,2213,1
LockFreeBased,1200,158000,158000,1655,0
LockFreeBased,1300,158000,158000,1399,1
LockFreeBased,1300,158000,78259,824,0
LockFreeBased,1400,158000,158000,1215,1
LockFreeBased,1400,158000,158000,1464,0
LockFreeBased,1500,158000,158000,1130,1
LockFreeBased,1500,158000,142308,1198,0
LockFreeBased,1600,158000,158000,1649,1
LockFreeBased,1600,158000,22510,627,0
LockFreeBased,1700,158000,158000,1891,1
LockFreeBased,1700,158000,155626,1103,0
LockFreeBased,1800,158000,158000,1313,1
LockFreeBased,1800,158000,2519,266,0
LockFreeBased,1900,158000,158000,1341,1
LockFreeBased,1900,158000,86024,777,0
LockFreeBased,2000,158000,158000,1299,1
LockFreeBased,2000,158000,146237,1439,0
LockFreeBased,100,159000,159000,1608,1
LockFreeBased,100,159000,159000,1709,0
LockFreeBased,200,159000,159000,1501,1
LockFreeBased,200,159000,34451,812,0
LockFreeBased,300,159000,159000,1301,1
LockFreeBased,300,159000,89770,1844,0
LockFreeBased,400,159000,159000,1161,1
LockFreeBased,400,159000,159000,1313,0
LockFreeBased,500,159000,159000,1813,1
LockFreeBased,500,159000,20398,443,0
LockFreeBased,600,159000,159000,1367,1
LockFreeBased,600,159000,159000,1399,0
LockFreeBased,700,159000,159000,1416,1
LockFreeBased,700,159000,153018,1616,0
LockFreeBased,800,159000,159000,1682,1
LockFreeBased,800,159000,24694,335,0
LockFreeBased,900,159000,159000,1215,1
LockFreeBased,900,159000,36482,477,0
LockFreeBased,1000,159000,159000,1594,1
LockFreeBased,1000,159000,102547,1253,0
LockFreeBased,1100,159000,159000,1411,1
LockFreeBased,1100,159000,32969,494,0
LockFreeBased,1200,159000,159000,1454,1
LockFreeBased,1200,159000,157305,1688,0
LockFreeBased,1300,159000,159000,1320,1
LockFreeBased,1300,159000,157442,1307,0
LockFreeBased,1400,159000,159000,1304,1
LockFreeBased,1400,159000,146265,1210,0
LockFreeBased,1500,159000,159000,1354,1
LockFreeBased,1500,159000,159000,1297,0
LockFreeBased,1600,159000,159000,1425,1
LockFreeBased,1600,159000,117512,1116,0
LockFreeBased,1700,159000,159000,1573,1
LockFreeBased,1700,159000,111619,952,0
LockFreeBased,1800,159000,159000,1191,1
LockFreeBased,1800,159000,159000,1376,0
LockFreeBased,1900,159000,159000,1180,1
LockFreeBased,1900,159000,159000,1322,0
LockFreeBased,2000,159000,159000,1261,1
LockFreeBased,2000,159000,53670,647,0
LockFreeBased,100,160000,160000,1163,1
LockFreeBased,100,160000,151717,1127,0
LockFreeBased,200,160000,160000,1279,1
LockFreeBased,200,160000,136000,1088,0
LockFreeBased,300,160000,160000,1811,1
LockFreeBased,300,160000,77305,873,0
LockFreeBased,400,160000,160000,1501,1
LockFreeBased,400,160000,98473,776,0
LockFreeBased,500,160000,160000,1255,1
LockFreeBased,500,160000,160000,1165,0
LockFreeBased,600,160000,160000,1403,1
LockFreeBased,600,160000,151043,1741,0
LockFreeBased,700,160000,160000,1406,1
LockFreeBased,700,160000,118428,860,0
LockFreeBased,800,160000,160000,1152,1
LockFreeBased,800,160000,70946,613,0
LockFreeBased,900,160000,160000,1285,1
LockFreeBased,900,160000,104544,811,0
LockFreeBased,1000,160000,160000,1198,1
LockFreeBased,1000,160000,144902,977,0
LockFreeBased,1100,160000,160000,1424,1
LockFreeBased,1100,160000,129939,1256,0
LockFreeBased,1200,160000,160000,2348,1
LockFreeBased,1200,160000,106126,1096,0
LockFreeBased,1300,160000,160000,1290,1
LockFreeBased,1300,160000,156013,1111,0
LockFreeBased,1400,160000,160000,1270,1
LockFreeBased,1400,160000,72799,811,0
LockFreeBased,1500,160000,160000,1841,1
LockFreeBased,1500,160000,155037,1267,0
LockFreeBased,1600,160000,160000,1282,1
LockFreeBased,1600,160000,160000,1049,0
LockFreeBased,1700,160000,160000,1116,1
LockFreeBased,1700,160000,97882,884,0
LockFreeBased,1800,160000,160000,1884,1
LockFreeBased,1800,160000,111013,1284,0
LockFreeBased,1900,160000,160000,1155,1
LockFreeBased,1900,160000,160000,1624,0
LockFreeBased,2000,160000,160000,1215,1
LockFreeBased,2000,160000,1999,381,0
LockFreeBased,100,161000,161000,1203,1
LockFreeBased,100,161000,36287,397,0
LockFreeBased,200,161000,161000,1606,1
LockFreeBased,200,161000,148039,1037,0
LockFreeBased,300,161000,161000,1638,1
LockFreeBased,300,161000,152685,1364,0
LockFreeBased,400,161000,161000,1298,1
LockFreeBased,400,161000,104586,910,0
LockFreeBased,500,161000,161000,1913,1
LockFreeBased,500,161000,103901,1072,0
LockFreeBased,600,161000,161000,1584,1
LockFreeBased,600,161000,152246,1421,0
LockFreeBased,700,161000,161000,1283,1
LockFreeBased,700,161000,128078,1099,0
LockFreeBased,800,161000,161000,1390,1
LockFreeBased,800,161000,161000,1332,0
LockFreeBased,900,161000,161000,1291,1
LockFreeBased,900,161000,161000,1317,0
LockFreeBased,1000,161000,161000,1459,1
LockFreeBased,1000,161000,145671,1163,0
LockFreeBased,1100,161000,161000,1344,1
LockFreeBased,1100,161000,73776,1213,0
LockFreeBased,1200,161000,161000,1504,1
LockFreeBased,1200,161000,140173,1217,0
LockFreeBased,1300,161000,161000,1427,1
LockFreeBased,1300,161000,119926,990,0
LockFreeBased,1400,161000,161000,1333,1
LockFreeBased,1400,161000,161000,1708,0
LockFreeBased,1500,161000,161000,1168,1
LockFreeBased,1500,161000,161000,1531,0
LockFreeBased,1600,161000,161000,1034,1
LockFreeBased,1600,161000,161000,1089,0
LockFreeBased,1700,161000,161000,1539,1
LockFreeBased,1700,161000,113407,979,0
LockFreeBased,1800,161000,161000,1538,1
LockFreeBased,1800,161000,159400,1304,0
LockFreeBased,1900,161000,161000,1597,1
LockFreeBased,1900,161000,161000,1458,0
LockFreeBased,2000,161000,161000,1232,1
LockFreeBased,2000,161000,113420,961,0
LockFreeBased,100,162000,162000,1383,1
LockFreeBased,100,162000,155446,1371,0
LockFreeBased,200,162000,162000,1358,1
LockFreeBased,200,162000,154560,1289,0
LockFreeBased,300,162000,162000,1612,1
LockFreeBased,300,162000,65238,609,0
LockFreeBased,400,162000,162000,1391,1
LockFreeBased,400,162000,80285,2178,0
LockFreeBased,500,162000,162000,1191,1
LockFreeBased,500,162000,162000,1390,0
LockFreeBased,600,162000,162000,1404,1
LockFreeBased,600,162000,30791,468,0
LockFreeBased,700,162000,162000,1625,1
LockFreeBased,700,162000,76439,720,0
LockFreeBased,800,162000,162000,1118,1
LockFreeBased,800,162000,155783,1223,0
LockFreeBased,900,162000,162000,1120,1
LockFreeBased,900,162000,154854,1158,0
LockFreeBased,1000,162000,162000,1601,1
LockFreeBased,1000,162000,61085,696,0
LockFreeBased,1100,162000,162000,2075,1
LockFreeBased,1100,162000,156321,1734,0
LockFreeBased,1200,162000,162000,1616,1
LockFreeBased,1200,162000,162000,1505,0
LockFreeBased,1300,162000,162000,1391,1
LockFreeBased,1300,162000,105809,1215,0
LockFreeBased,1400,162000,162000,1289,1
LockFreeBased,1400,162000,162000,1573,0
LockFreeBased,1500,162000,162000,1325,1
LockFreeBased,1500,162000,162000,1278,0
LockFreeBased,1600,162000,162000,1363,1
LockFreeBased,1600,162000,143931,1470,0
LockFreeBased,1700,162000,162000,1505,1
LockFreeBased,1700,162000,156469,1515,0
LockFreeBased,1800,162000,162000,1310,1
LockFreeBased,1800,162000,138052,1165,0
LockFreeBased,1900,162000,162000,1623,1
LockFreeBased,1900,162000,158096,1317,0
LockFreeBased,2000,162000,162000,1224,1
LockFreeBased,2000,162000,35305,461,0
LockFreeBased,100,163000,163000,1128,1
LockFreeBased,100,163000,102513,805,0
LockFreeBased,200,163000,163000,1798,1
LockFreeBased,200,163000,162906,1739,0
LockFreeBased,300,163000,163000,1975,1
LockFreeBased,300,163000,155110,1481,0
LockFreeBased,400,163000,163000,1394,1
LockFreeBased,400,163000,63477,542,0
LockFreeBased,500,163000,163000,1275,1
LockFreeBased,500,163000,153827,1265,0
LockFreeBased,600,163000,163000,2017,1
LockFreeBased,600,163000,163000,1328,0
LockFreeBased,700,163000,163000,1287,1
LockFreeBased,700,163000,51278,566,0
LockFreeBased,800,163000,163000,1149,1
LockFreeBased,800,163000,154864,1443,0
LockFreeBased,900,163000,163000,1184,1
LockFreeBased,900,163000,118655,1337,0
LockFreeBased,1000,163000,163000,1856,1
LockFreeBased,1000,163000,150582,1134,0
LockFreeBased,1100,163000,163000,1198,1
LockFreeBased,1100,163000,163000,1160,0
LockFreeBased,1200,163000,163000,1338,1
LockFreeBased,1200,163000,163000,1336,0
LockFreeBased,1300,163000,163000,1380,1
LockFreeBased,1300,163000,163000,1393,0
LockFreeBased,1400,163000,163000,1534,1
LockFreeBased,1400,163000,158276,1346,0
LockFreeBased,1500,163000,163000,1403,1
LockFreeBased,1500,163000,88217,788,0
LockFreeBased,1600,163000,163000,1495,1
LockFreeBased,1600,163000,104704,1206,0
LockFreeBased,1700,163000,163000,1513,1
LockFreeBased,1700,163000,124094,1225,0
LockFreeBased,1800,163000,163000,1248,1
LockFreeBased,1800,163000,159351,1591,0
LockFreeBased,1900,163000,163000,1342,1
LockFreeBased,1900,163000,163000,1335,0
LockFreeBased,2000,163000,163000,1300,1
LockFreeBased,2000,163000,141140,1166,0
LockFreeBased,100,164000,164000,1128,1
LockFreeBased,100,164000,147084,1176,0
LockFreeBased,200,164000,164000,1228,1
LockFreeBased,200,164000,117717,1321,0
LockFreeBased,300,164000,164000,1460,1
LockFreeBased,300,164000,145715,1276,0
LockFreeBased,400,164000,164000,1360,1
LockFreeBased,400,164000,139335,1185,0
LockFreeBased,500,164000,164000,1308,1
LockFreeBased,500,164000,155175,1188,0
LockFreeBased,600,164000,164000,1356,1
LockFreeBased,600,164000,160887,1458,0
LockFreeBased,700,164000,164000,1336,1
LockFreeBased,700,164000,110857,864,0
LockFreeBased,800,164000,164000,1494,1
LockFreeBased,800,164000,145810,926,0
LockFreeBased,900,164000,164000,1027,1
LockFreeBased,900,164000,116155,1200,0
LockFreeBased,1000,164000,164000,1320,1
LockFreeBased,1000,164000,164000,1255,0
LockFreeBased,1100,164000,164000,1324,1
LockFreeBased,1100,164000,120484,1010,0
LockFreeBased,1200,164000,164000,1260,1
LockFreeBased,1200,164000,163638,1454,0
LockFreeBased,1300,164000,164000,1315,1
LockFreeBased,1300,164000,164000,1293,0
LockFreeBased,1400,164000,164000,1262,1
LockFreeBased,1400,164000,153062,1149,0
LockFreeBased,1500,164000,164000,1239,1
LockFreeBased,1500,164000,83893,676,0
LockFreeBased,1600,164000,164000,1066,1
LockFreeBased,1600,164000,152728,2086,0
LockFreeBased,1700,164000,164000,1366,1
LockFreeBased,1700,164000,97331,775,0
LockFreeBased,1800,164000,164000,1811,1
LockFreeBased,1800,164000,94136,807,0
LockFreeBased,1900,164000,164000,1243,1
LockFreeBased,1900,164000,163943,973,0
LockFreeBased,2000,164000,164000,1239,1
LockFreeBased,2000,164000,159651,1177,0
LockFreeBased,100,165000,165000,1135,1
LockFreeBased,100,165000,164645,1219,0
LockFreeBased,200,165000,165000,1283,1
LockFreeBased,200,165000,148588,1323,0
LockFreeBased,300,165000,165000,1513,1
LockFreeBased,300,165000,155180,1275,0
LockFreeBased,400,165000,165000,1850,1
LockFreeBased,400,165000,138228,1192,0
LockFreeBased,500,165000,165000,1194,1
LockFreeBased,500,165000,142199,1078,0
LockFreeBased,600,165000,165000,1497,1
LockFreeBased,600,165000,149654,1092,0
LockFreeBased,700,165000,165000,1572,1
LockFreeBased,700,165000,699,284,0
LockFreeBased,800,165000,165000,1702,1
LockFreeBased,800,165000,161374,1241,0
LockFreeBased,900,165000,165000,1792,1
LockFreeBased,900,165000,113548,954,0
LockFreeBased,1000,165000,165000,1961,1
LockFreeBased,1000,165000,125914,1066,0
LockFreeBased,1100,165000,165000,1367,1
LockFreeBased,1100,165000,155609,1381,0
LockFreeBased,1200,165000,165000,1404,1
LockFreeBased,1200,165000,149853,1385,0
LockFreeBased,1300,165000,165000,1360,1
LockFreeBased,1300,165000,152465,1279,0
LockFreeBased,1400,165000,165000,1311,1
LockFreeBased,1400,165000,149654,1204,0
LockFreeBased,1500,165000,165000,1315,1
LockFreeBased,1500,165000,136064,1195,0
LockFreeBased,1600,165000,165000,1367,1
LockFreeBased,1600,165000,76128,872,0
LockFreeBased,1700,165000,165000,1567,1
LockFreeBased,1700,165000,165000,1277,0
LockFreeBased,1800,165000,165000,1630,1
LockFreeBased,1800,165000,137853,1087,0
LockFreeBased,1900,165000,165000,1198,1
LockFreeBased,1900,165000,164350,2021,0
LockFreeBased,2000,165000,165000,1214,1
LockFreeBased,2000,165000,165000,1506,0
LockFreeBased,100,166000,166000,1241,1
LockFreeBased,100,166000,91603,820,0
LockFreeBased,200,166000,166000,1210,1
LockFreeBased,200,166000,142930,1309,0
LockFreeBased,300,166000,166000,1799,1
LockFreeBased,300,166000,163292,1660,0
LockFreeBased,400,166000,166000,1693,1
LockFreeBased,400,166000,165994,1347,0
LockFreeBased,500,166000,166000,1335,1
LockFreeBased,500,166000,105267,976,0
LockFreeBased,600,166000,166000,1094,1
LockFreeBased,600,166000,138970,986,0
LockFreeBased,700,166000,166000,1249,1
LockFreeBased,700,166000,166000,1238,0
LockFreeBased,800,166000,166000,1472,1
LockFreeBased,800,166000,130533,1170,0
LockFreeBased,900,166000,166000,1203,1
LockFreeBased,900,166000,160134,1374,0
LockFreeBased,1000,166000,166000,1380,1
LockFreeBased,1000,166000,166000,1833,0
LockFreeBased,1100,166000,166000,1167,1
LockFreeBased,1100,166000,161697,1103,0
LockFreeBased,1200,166000,166000,1159,1
LockFreeBased,1200,166000,166000,1148,0
LockFreeBased,1300,166000,166000,1204,1
LockFreeBased,1300,166000,166000,1781,0
LockFreeBased,1400,166000,166000,1407,1
LockFreeBased,1400,166000,52160,597,0
LockFreeBased,1500,166000,166000,1725,1
LockFreeBased,1500,166000,104463,1222,0
LockFreeBased,1600,166000,166000,1114,1
LockFreeBased,1600,166000,151059,1024,0
LockFreeBased,1700,166000,166000,1532,1
LockFreeBased,1700,166000,159226,1416,0
LockFreeBased,1800,166000,166000,1278,1
LockFreeBased,1800,166000,122686,1024,0
LockFreeBased,1900,166000,166000,1497,1
LockFreeBased,1900,166000,148351,1121,0
LockFreeBased,2000,166000,166000,1292,1
LockFreeBased,2000,166000,143579,1138,0
LockFreeBased,100,167000,167000,1103,1
LockFreeBased,100,167000,25077,391,0
LockFreeBased,200,167000,167000,1786,1
LockFreeBased,200,167000,158497,1153,0
LockFreeBased,300,167000,167000,1316,1
LockFreeBased,300,167000,132459,1132,0
LockFreeBased,400,167000,167000,1181,1
LockFreeBased,400,167000,110455,957,0
LockFreeBased,500,167000,167000,1421,1
LockFreeBased,500,167000,163588,1616,0
LockFreeBased,600,167000,167000,1395,1
LockFreeBased,600,167000,159455,1280,0
LockFreeBased,700,167000,167000,1434,1
LockFreeBased,700,167000,134303,1184,0
LockFreeBased,800,167000,167000,1643,1
LockFreeBased,800,167000,113691,1347,0
LockFreeBased,900,167000,167000,1441,1
LockFreeBased,900,167000,160539,1369,0
LockFreeBased,1000,167000,167000,1494,1
LockFreeBased,1000,167000,160175,1423,0
LockFreeBased,1100,167000,167000,1904,1
LockFreeBased,1100,167000,149248,1149,0
LockFreeBased,1200,167000,167000,1136,1
LockFreeBased,1200,167000,126952,826,0
LockFreeBased,1300,167000,167000,1218,1
LockFreeBased,1300,167000,56191,531,0
LockFreeBased,1400,167000,167000,1230,1
LockFreeBased,1400,167000,142507,1203,0
LockFreeBased,1500,167000,167000,2566,1
LockFreeBased,1500,167000,153746,1296,0
LockFreeBased,1600,167000,167000,1385,1
LockFreeBased,1600,167000,152948,1245,0
LockFreeBased,1700,167000,167000,1268,1
LockFreeBased,1700,167000,87715,814,0
LockFreeBased,1800,167000,167000,1236,1
LockFreeBased,1800,167000,167000,1677,0
LockFreeBased,1900,167000,167000,1191,1
LockFreeBased,1900,167000,167000,1609,0
LockFreeBased,2000,167000,167000,2195,1
LockFreeBased,2000,167000,49048,888,0
LockFreeBased,100,168000,168000,1850,1
LockFreeBased,100,168000,160333,1115,0
LockFreeBased,200,168000,168000,1392,1
LockFreeBased,200,168000,62843,683,0
LockFreeBased,300,168000,168000,1150,1
LockFreeBased,300,168000,159280,1351,0
LockFreeBased,400,168000,168000,1317,1
LockFreeBased,400,168000,93913,784,0
LockFreeBased,500,168000,168000,1164,1
LockFreeBased,500,168000,168000,1320,0
LockFreeBased,600,168000,168000,1336,1
LockFreeBased,600,168000,164307,1794,0
LockFreeBased,700,168000,168000,1398,1
LockFreeBased,700,168000,168000,2101,0
LockFreeBased,800,168000,168000,1433,1
LockFreeBased,800,168000,164879,1316,0
LockFreeBased,900,168000,168000,1360,1
LockFreeBased,900,168000,157395,1419,0
LockFreeBased,1000,168000,168000,1735,1
LockFreeBased,1000,168000,168000,1726,0
LockFreeBased,1100,168000,168000,1488,1
LockFreeBased,1100,168000,143169,1148,0
LockFreeBased,1200,168000,168000,1299,1
LockFreeBased,1200,168000,168000,1450,0
LockFreeBased,1300,168000,168000,1162,1
LockFreeBased,1300,168000,162399,1541,0
LockFreeBased,1400,168000,168000,1218,1
LockFreeBased,1400,168000,168000,1274,0
LockFreeBased,1500,168000,168000,1594,1
LockFreeBased,1500,168000,27011,574,0
LockFreeBased,1600,168000,168000,1380,1
LockFreeBased,1600,168000,153427,1170,0
LockFreeBased,1700,168000,168000,1400,1
LockFreeBased,1700,168000,133411,1168,0
LockFreeBased,1800,168000,168000,1549,1
LockFreeBased,1800,168000,149051,1149,0
LockFreeBased,1900,168000,168000,1188,1
LockFreeBased,1900,168000,160601,1145,0
LockFreeBased,2000,168000,168000,1464,1
LockFreeBased,2000,168000,150160,1244,0
LockFreeBased,100,169000,169000,1197,1
LockFreeBased,100,169000,168985,1760,0
LockFreeBased,200,169000,169000,1361,1
LockFreeBased,200,169000,149096,1404,0
LockFreeBased,300,169000,169000,1423,1
LockFreeBased,300,169000,144427,1185,0
LockFreeBased,400,169000,169000,1437,1
LockFreeBased,400,169000,162718,1248,0
LockFreeBased,500,169000,169000,1272,1
LockFreeBased,500,169000,169000,1386,0
LockFreeBased,600,169000,169000,1633,1
LockFreeBased,600,169000,122460,1076,0
LockFreeBased,700,169000,169000,1450,1
LockFreeBased,700,169000,169000,1272,0
LockFreeBased,800,169000,169000,1342,1
LockFreeBased,800,169000,168695,1398,0
LockFreeBased,900,169000,169000,1264,1
LockFreeBased,900,169000,153422,1111,0
LockFreeBased,1000,169000,169000,1473,1
LockFreeBased,1000,169000,127258,967,0
LockFreeBased,1100,169000,169000,1520,1
LockFreeBased,1100,169000,153376,1216,0
LockFreeBased,1200,169000,169000,1417,1
LockFreeBased,1200,169000,141498,1559,0
LockFreeBased,1300,169000,169000,1688,1
LockFreeBased,1300,169000,25534,412,0
LockFreeBased,1400,169000,169000,1230,1
LockFreeBased,1400,169000,160302,1610,0
LockFreeBased,1500,169000,169000,1455,1
LockFreeBased,1500,169000,86368,950,0
LockFreeBased,1600,169000,169000,1346,1
LockFreeBased,1600,169000,169000,1267,0
LockFreeBased,1700,169000,169000,1450,1
LockFreeBased,1700,169000,135439,1101,0
LockFreeBased,1800,169000,169000,1492,1
LockFreeBased,1800,169000,169000,1193,0
LockFreeBased,1900,169000,169000,1627,1
LockFreeBased,1900,169000,150695,1223,0
LockFreeBased,2000,169000,169000,1299,1
LockFreeBased,2000,169000,168720,1196,0
LockFreeBased,100,170000,170000,1043,1
LockFreeBased,100,170000,170000,1644,0
LockFreeBased,200,170000,170000,1379,1
LockFreeBased,200,170000,92558,746,0
LockFreeBased,300,170000,170000,1223,1
LockFreeBased,300,170000,130715,1150,0
LockFreeBased,400,170000,170000,1300,1
LockFreeBased,400,170000,399,431,0
LockFreeBased,500,170000,170000,2000,1
LockFreeBased,500,170000,170000,1223,0
LockFreeBased,600,170000,170000,1357,1
LockFreeBased,600,170000,167545,2640,0
LockFreeBased,700,170000,170000,1185,1
LockFreeBased,700,170000,148021,1073,0
LockFreeBased,800,170000,170000,1334,1
LockFreeBased,800,170000,170000,1454,0
LockFreeBased,900,170000,170000,2000,1
LockFreeBased,900,170000,150640,1078,0
LockFreeBased,1000,170000,170000,1788,1
LockFreeBased,1000,170000,139990,1137,0
LockFreeBased,1100,170000,170000,1350,1
LockFreeBased,1100,170000,170000,1312,0
LockFreeBased,1200,170000,170000,1832,1
LockFreeBased,1200,170000,154513,1312,0
LockFreeBased,1300,170000,170000,1349,1
LockFreeBased,1300,170000,7638,369,0
LockFreeBased,1400,170000,170000,1445,1
LockFreeBased,1400,170000,153669,1244,0
LockFreeBased,1500,170000,170000,1529,1
LockFreeBased,1500,170000,167645,1176,0
LockFreeBased,1600,170000,170000,1636,1
LockFreeBased,1600,170000,6267,360,0
LockFreeBased,1700,170000,170000,1314,1
LockFreeBased,1700,170000,170000,1379,0
LockFreeBased,1800,170000,170000,1508,1
LockFreeBased,1800,170000,166414,1607,0
LockFreeBased,1900,170000,170000,1959,1
LockFreeBased,1900,170000,169377,1869,0
LockFreeBased,2000,170000,170000,1155,1
LockFreeBased,2000,170000,102534,912,0
LockFreeBased,100,171000,171000,1316,1
LockFreeBased,100,171000,154746,1193,0
LockFreeBased,200,171000,171000,1333,1
LockFreeBased,200,171000,171000,1823,0
LockFreeBased,300,171000,171000,1161,1
LockFreeBased,300,171000,127720,858,0
LockFreeBased,400,171000,171000,1345,1
LockFreeBased,400,171000,140326,1670,0
LockFreeBased,500,171000,171000,1250,1
LockFreeBased,500,171000,167838,1376,0
LockFreeBased,600,171000,171000,1535,1
LockFreeBased,600,171000,599,235,0
LockFreeBased,700,171000,171000,1268,1
LockFreeBased,700,171000,171000,2068,0
LockFreeBased,800,171000,171000,1119,1
LockFreeBased,800,171000,92084,763,0
LockFreeBased,900,171000,171000,1187,1
LockFreeBased,900,171000,135007,1183,0
LockFreeBased,1000,171000,171000,1360,1
LockFreeBased,1000,171000,145147,1127,0
LockFreeBased,1100,171000,171000,1596,1
LockFreeBased,1100,171000,171000,1467,0
LockFreeBased,1200,171000,171000,1304,1
LockFreeBased,1200,171000,157444,1640,0
LockFreeBased,1300,171000,171000,1341,1
LockFreeBased,1300,171000,152382,1373,0
LockFreeBased,1400,171000,171000,1352,1
LockFreeBased,1400,171000,171000,1397,0
LockFreeBased,1500,171000,171000,1613,1
LockFreeBased,1500,171000,171000,1436,0
LockFreeBased,1600,171000,171000,1430,1
LockFreeBased,1600,171000,171000,1370,0
LockFreeBased,1700,171000,171000,1636,1
LockFreeBased,1700,171000,143463,1533,0
LockFreeBased,1800,171000,171000,1395,1
LockFreeBased,1800,171000,169254,1657,0
LockFreeBased,1900,171000,171000,1379,1
LockFreeBased,1900,171000,171000,1847,0
LockFreeBased,2000,171000,171000,1386,1
LockFreeBased,2000,171000,152075,1331,0
LockFreeBased,100,172000,172000,1706,1
LockFreeBased,100,172000,167218,1700,0
LockFreeBased,200,172000,172000,1456,1
LockFreeBased,200,172000,155990,1193,0
LockFreeBased,300,172000,172000,2265,1
LockFreeBased,300,172000,152297,1604,0
LockFreeBased,400,172000,172000,1718,1
LockFreeBased,400,172000,127262,1306,0
LockFreeBased,500,172000,172000,1774,1
LockFreeBased,500,172000,77901,799,0
LockFreeBased,600,172000,172000,1332,1
LockFreeBased,600,172000,172000,1247,0
LockFreeBased,700,172000,172000,1272,1
LockFreeBased,700,172000,171995,1574,0
LockFreeBased,800,172000,172000,1998,1
LockFreeBased,800,172000,149648,1084,0
LockFreeBased,900,172000,172000,1467,1
LockFreeBased,900,172000,149871,1216,0
LockFreeBased,1000,172000,172000,1454,1
LockFreeBased,1000,172000,172000,1497,0
LockFreeBased,1100,172000,172000,1430,1
LockFreeBased,1100,172000,165403,1467,0
LockFreeBased,1200,172000,172000,1782,1
LockFreeBased,1200,172000,156706,1223,0
LockFreeBased,1300,172000,172000,1440,1
LockFreeBased,1300,172000,12661,1557,0
LockFreeBased,1400,172000,172000,1550,1
LockFreeBased,1400,172000,87578,750,0
LockFreeBased,1500,172000,172000,1369,1
LockFreeBased,1500,172000,153177,1260,0
LockFreeBased,1600,172000,172000,1493,1
LockFreeBased,1600,172000,172000,1589,0
LockFreeBased,1700,172000,172000,1264,1
LockFreeBased,1700,172000,171126,1794,0
LockFreeBased,1800,172000,172000,1078,1
LockFreeBased,1800,172000,142640,1017,0
LockFreeBased,1900,172000,172000,1545,1
LockFreeBased,1900,172000,172000,1912,0
LockFreeBased,2000,172000,172000,1339,1
LockFreeBased,2000,172000,17972,473,0
LockFreeBased,100,173000,173000,1405,1
LockFreeBased,100,173000,151578,1942,0
LockFreeBased,200,173000,173000,1405,1
LockFreeBased,200,173000,165774,2183,0
LockFreeBased,300,173000,173000,1189,1
LockFreeBased,300,173000,109917,949,0
LockFreeBased,400,173000,173000,2653,1
LockFreeBased,400,173000,173000,1541,0
LockFreeBased,500,173000,173000,1520,1
LockFreeBased,500,173000,112847,1029,0
LockFreeBased,600,173000,173000,1387,1
LockFreeBased,600,173000,31602,505,0
LockFreeBased,700,173000,173000,1268,1
LockFreeBased,700,173000,156264,1141,0
LockFreeBased,800,173000,173000,1618,1
LockFreeBased,800,173000,173000,1273,0
LockFreeBased,900,173000,173000,1409,1
LockFreeBased,900,173000,171445,1354,0
LockFreeBased,1000,173000,173000,1623,1
LockFreeBased,1000,173000,173000,1120,0
LockFreeBased,1100,173000,173000,1189,1
LockFreeBased,1100,173000,172751,1176,0
LockFreeBased,1200,173000,173000,1687,1
LockFreeBased,1200,173000,76360,859,0
LockFreeBased,1300,173000,173000,1331,1
LockFreeBased,1300,173000,134101,1065,0
LockFreeBased,1400,173000,173000,1345,1
LockFreeBased,1400,173000,167197,1292,0
LockFreeBased,1500,173000,173000,1296,1
LockFreeBased,1500,173000,8289,305,0
LockFreeBased,1600,173000,173000,1311,1
LockFreeBased,1600,173000,173000,1745,0
LockFreeBased,1700,173000,173000,1283,1
LockFreeBased,1700,173000,173000,1142,0
LockFreeBased,1800,173000,173000,1437,1
LockFreeBased,1800,173000,150050,1230,0
LockFreeBased,1900,173000,173000,1458,1
LockFreeBased,1900,173000,156152,1228,0
LockFreeBased,2000,173000,173000,1864,1
LockFreeBased,2000,173000,131401,1244,0
LockFreeBased,100,174000,174000,1585,1
LockFreeBased,100,174000,173831,1774,0
LockFreeBased,200,174000,174000,1280,1
LockFreeBased,200,174000,73572,836,0
LockFreeBased,300,174000,174000,1341,1
LockFreeBased,300,174000,145427,1186,0
LockFreeBased,400,174000,174000,1539,1
LockFreeBased,400,174000,147250,1151,0
LockFreeBased,500,174000,174000,1334,1
LockFreeBased,500,174000,50885,607,0
LockFreeBased,600,174000,174000,1600,1
LockFreeBased,600,174000,137697,1119,0
LockFreeBased,700,174000,174000,1489,1
LockFreeBased,700,174000,121761,1091,0
LockFreeBased,800,174000,174000,1772,1
LockFreeBased,800,174000,108834,969,0
LockFreeBased,900,174000,174000,1389,1
LockFreeBased,900,174000,151787,1207,0
LockFreeBased,1000,174000,174000,1588,1
LockFreeBased,1000,174000,174000,1392,0
LockFreeBased,1100,174000,174000,1798,1
LockFreeBased,1100,174000,152449,1467,0
LockFreeBased,1200,174000,174000,1716,1
LockFreeBased,1200,174000,158450,1268,0
LockFreeBased,1300,174000,174000,1494,1
LockFreeBased,1300,174000,149578,1193,0
LockFreeBased,1400,174000,174000,1470,1
LockFreeBased,1400,174000,150723,1264,0
LockFreeBased,1500,174000,174000,1928,1
LockFreeBased,1500,174000,174000,1710,0
LockFreeBased,1600,174000,174000,1523,1
LockFreeBased,1600,174000,171619,1896,0
LockFreeBased,1700,174000,174000,1744,1
LockFreeBased,1700,174000,61779,933,0
LockFreeBased,1800,174000,174000,1378,1
LockFreeBased,1800,174000,142906,1363,0
LockFreeBased,1900,174000,174000,1421,1
LockFreeBased,1900,174000,167387,1351,0
LockFreeBased,2000,174000,174000,1518,1
LockFreeBased,2000,174000,84996,1382,0
LockFreeBased,100,175000,175000,1812,1
LockFreeBased,100,175000,175000,1675,0
LockFreeBased,200,175000,175000,4491,1
LockFreeBased,200,175000,118374,1877,0
LockFreeBased,300,175000,175000,2174,1
LockFreeBased,300,175000,166901,1625,0
LockFreeBased,400,175000,175000,1418,1
LockFreeBased,400,175000,172865,1249,0
LockFreeBased,500,175000,175000,1232,1
LockFreeBased,500,175000,154988,1113,0
LockFreeBased,600,175000,175000,1320,1
LockFreeBased,600,175000,167843,1278,0
LockFreeBased,700,175000,175000,1365,1
LockFreeBased,700,175000,101954,1109,0
LockFreeBased,800,175000,175000,1369,1
LockFreeBased,800,175000,147012,1614,0
LockFreeBased,900,175000,175000,1347,1
LockFreeBased,900,175000,175000,1202,0
LockFreeBased,1000,175000,175000,1261,1
LockFreeBased,1000,175000,168800,1367,0
LockFreeBased,1100,175000,175000,1556,1
LockFreeBased,1100,175000,65168,594,0
LockFreeBased,1200,175000,175000,1187,1
LockFreeBased,1200,175000,175000,1390,0
LockFreeBased,1300,175000,175000,1260,1
LockFreeBased,1300,175000,96011,1186,0
LockFreeBased,1400,175000,175000,1397,1
LockFreeBased,1400,175000,153634,1184,0
LockFreeBased,1500,175000,175000,1471,1
LockFreeBased,1500,175000,135540,1146,0
LockFreeBased,1600,175000,175000,1511,1
LockFreeBased,1600,175000,150959,1241,0
LockFreeBased,1700,175000,175000,1717,1
LockFreeBased,1700,175000,155205,1240,0
LockFreeBased,1800,175000,175000,1474,1
LockFreeBased,1800,175000,175000,1335,0
LockFreeBased,1900,175000,175000,1370,1
LockFreeBased,1900,175000,164152,1274,0
LockFreeBased,2000,175000,175000,1686,1
LockFreeBased,2000,175000,160375,1489,0
LockFreeBased,100,176000,176000,1337,1
LockFreeBased,100,176000,86131,966,0
LockFreeBased,200,176000,176000,1516,1
LockFreeBased,200,176000,124978,1092,0
LockFreeBased,300,176000,176000,1618,1
LockFreeBased,300,176000,168506,1972,0
LockFreeBased,400,176000,176000,1129,1
LockFreeBased,400,176000,158277,1113,0
LockFreeBased,500,176000,176000,1619,1
LockFreeBased,500,176000,175967,1140,0
LockFreeBased,600,176000,176000,1524,1
LockFreeBased,600,176000,120424,1095,0
LockFreeBased,700,176000,176000,1459,1
LockFreeBased,700,176000,149793,1210,0
LockFreeBased,800,176000,176000,1591,1
LockFreeBased,800,176000,159688,1692,0
LockFreeBased,900,176000,176000,1391,1
LockFreeBased,900,176000,175719,2023,0
LockFreeBased,1000,176000,176000,1458,1
LockFreeBased,1000,176000,167103,1402,0
LockFreeBased,1100,176000,176000,1539,1
LockFreeBased,1100,176000,173593,1620,0
LockFreeBased,1200,176000,176000,2591,1
LockFreeBased,1200,176000,176000,1931,0
LockFreeBased,1300,176000,176000,1482,1
LockFreeBased,1300,176000,171860,2392,0
LockFreeBased,1400,176000,176000,3240,1
LockFreeBased,1400,176000,144785,1878,0
LockFreeBased,1500,176000,176000,1811,1
LockFreeBased,1500,176000,156600,1566,0
LockFreeBased,1600,176000,176000,1716,1
LockFreeBased,1600,176000,176000,1532,0
LockFreeBased,1700,176000,176000,1864,1
LockFreeBased,1700,176000,176000,1283,0
LockFreeBased,1800,176000,176000,1618,1
LockFreeBased,1800,176000,176000,1408,0
LockFreeBased,1900,176000,176000,1470,1
LockFreeBased,1900,176000,167914,1371,0
LockFreeBased,2000,176000,176000,1419,1
LockFreeBased,2000,176000,166839,1500,0
LockFreeBased,100,177000,177000,1717,1
LockFreeBased,100,177000,87884,905,0
LockFreeBased,200,177000,177000,1943,1
LockFreeBased,200,177000,176136,1533,0
LockFreeBased,300,177000,177000,2027,1
LockFreeBased,300,177000,137896,1125,0
LockFreeBased,400,177000,177000,1195,1
LockFreeBased,400,177000,135533,1237,0
LockFreeBased,500,177000,177000,2932,1
LockFreeBased,500,177000,136905,1509,0
LockFreeBased,600,177000,177000,1506,1
LockFreeBased,600,177000,169664,2442,0
LockFreeBased,700,177000,177000,1616,1
LockFreeBased,700,177000,93293,1541,0
LockFreeBased,800,177000,177000,1188,1
LockFreeBased,800,177000,174851,1937,0
LockFreeBased,900,177000,177000,1426,1
LockFreeBased,900,177000,177000,1422,0
LockFreeBased,1000,177000,177000,1462,1
LockFreeBased,1000,177000,160393,1418,0
LockFreeBased,1100,177000,177000,1423,1
LockFreeBased,1100,177000,148094,1185,0
LockFreeBased,1200,177000,177000,1266,1
LockFreeBased,1200,177000,127394,1341,0
LockFreeBased,1300,177000,177000,1505,1
LockFreeBased,1300,177000,93490,929,0
LockFreeBased,1400,177000,177000,1375,1
LockFreeBased,1400,177000,100649,1075,0
LockFreeBased,1500,177000,177000,1289,1
LockFreeBased,1500,177000,153243,1725,0
LockFreeBased,1600,177000,177000,1314,1
LockFreeBased,1600,177000,122458,798,0
LockFreeBased,1700,177000,177000,1172,1
LockFreeBased,1700,177000,146125,1100,0
LockFreeBased,1800,177000,177000,1423,1
LockFreeBased,1800,177000,160555,1512,0
LockFreeBased,1900,177000,177000,1460,1
LockFreeBased,1900,177000,164642,2114,0
LockFreeBased,2000,177000,177000,1989,1
LockFreeBased,2000,177000,177000,1898,0
LockFreeBased,100,178000,178000,1262,1
LockFreeBased,100,178000,172418,1973,0
LockFreeBased,200,178000,178000,1280,1
LockFreeBased,200,178000,159102,3917,0
LockFreeBased,300,178000,178000,1743,1
LockFreeBased,300,178000,156593,2326,0
LockFreeBased,400,178000,178000,1700,1
LockFreeBased,400,178000,23413,636,0
LockFreeBased,500,178000,178000,1464,1
LockFreeBased,500,178000,176225,1463,0
LockFreeBased,600,178000,178000,1496,1
LockFreeBased,600,178000,104737,979,0
LockFreeBased,700,178000,178000,1307,1
LockFreeBased,700,178000,147523,1161,0
LockFreeBased,800,178000,178000,1605,1
LockFreeBased,800,178000,157447,1204,0
LockFreeBased,900,178000,178000,1774,1
LockFreeBased,900,178000,160494,1248,0
LockFreeBased,1000,178000,178000,3216,1
LockFreeBased,1000,178000,67924,688,0
LockFreeBased,1100,178000,178000,1356,1
LockFreeBased,1100,178000,119147,994,0
LockFreeBased,1200,178000,178000,1413,1
LockFreeBased,1200,178000,61938,726,0
LockFreeBased,1300,178000,178000,1383,1
LockFreeBased,1300,178000,178000,1477,0
LockFreeBased,1400,178000,178000,1454,1
LockFreeBased,1400,178000,154189,1342,0
LockFreeBased,1500,178000,178000,1407,1
LockFreeBased,1500,178000,153930,1774,0
LockFreeBased,1600,178000,178000,1737,1
LockFreeBased,1600,178000,128695,1276,0
LockFreeBased,1700,178000,178000,1373,1
LockFreeBased,1700,178000,170058,1397,0
LockFreeBased,1800,178000,178000,1295,1
LockFreeBased,1800,178000,142615,1237,0
LockFreeBased,1900,178000,178000,1396,1
LockFreeBased,1900,178000,105587,980,0
LockFreeBased,2000,178000,178000,1654,1
LockFreeBased,2000,178000,153714,1284,0
LockFreeBased,100,179000,179000,1326,1
LockFreeBased,100,179000,136117,1235,0
LockFreeBased,200,179000,179000,1961,1
LockFreeBased,200,179000,118688,1190,0
LockFreeBased,300,179000,179000,1724,1
LockFreeBased,300,179000,163388,1424,0
LockFreeBased,400,179000,179000,2105,1
LockFreeBased,400,179000,170296,1196,0
LockFreeBased,500,179000,179000,1495,1
LockFreeBased,500,179000,170255,1531,0
LockFreeBased,600,179000,179000,1395,1
LockFreeBased,600,179000,170371,1361,0
LockFreeBased,700,179000,179000,1667,1
LockFreeBased,700,179000,170107,1049,0
LockFreeBased,800,179000,179000,1477,1
LockFreeBased,800,179000,799,328,0
LockFreeBased,900,179000,179000,1996,1
LockFreeBased,900,179000,144816,1038,0
LockFreeBased,1000,179000,179000,1894,1
LockFreeBased,1000,179000,173331,1310,0
LockFreeBased,1100,179000,179000,1340,1
LockFreeBased,1100,179000,172324,1738,0
LockFreeBased,1200,179000,179000,1445,1
LockFreeBased,1200,179000,179000,1696,0
LockFreeBased,1300,179000,179000,1375,1
LockFreeBased,1300,179000,47408,761,0
LockFreeBased,1400,179000,179000,1691,1
LockFreeBased,1400,179000,155937,1370,0
LockFreeBased,1500,179000,179000,1514,1
LockFreeBased,1500,179000,165079,1181,0
LockFreeBased,1600,179000,179000,1468,1
LockFreeBased,1600,179000,178220,1496,0
LockFreeBased,1700,179000,179000,1600,1
LockFreeBased,1700,179000,179000,1503,0
LockFreeBased,1800,179000,179000,1509,1
LockFreeBased,1800,179000,162692,1343,0
LockFreeBased,1900,179000,179000,1414,1
LockFreeBased,1900,179000,124210,1007,0
LockFreeBased,2000,179000,179000,1709,1
LockFreeBased,2000,179000,102023,1130,0
LockFreeBased,100,180000,180000,1558,1
LockFreeBased,100,180000,109610,945,0
LockFreeBased,200,180000,180000,1429,1
LockFreeBased,200,180000,136062,1153,0
LockFreeBased,300,180000,180000,1435,1
LockFreeBased,300,180000,180000,1562,0
LockFreeBased,400,180000,180000,1305,1
LockFreeBased,400,180000,179970,1151,0
LockFreeBased,500,180000,180000,1237,1
LockFreeBased,500,180000,175718,1390,0
LockFreeBased,600,180000,180000,1568,1
LockFreeBased,600,180000,125271,1024,0
LockFreeBased,700,180000,180000,1663,1
LockFreeBased,700,180000,149654,1054,0
LockFreeBased,800,180000,180000,1372,1
LockFreeBased,800,180000,167340,1327,0
LockFreeBased,900,180000,180000,1616,1
LockFreeBased,900,180000,174902,1465,0
LockFreeBased,1000,180000,180000,2245,1
LockFreeBased,1000,180000,88593,768,0
LockFreeBased,1100,180000,180000,1234,1
LockFreeBased,1100,180000,180000,1622,0
LockFreeBased,1200,180000,180000,1240,1
LockFreeBased,1200,180000,180000,1767,0
LockFreeBased,1300,180000,180000,1212,1
LockFreeBased,1300,180000,178527,1956,0
LockFreeBased,1400,180000,180000,1225,1
LockFreeBased,1400,180000,170707,1248,0
LockFreeBased,1500,180000,180000,1709,1
LockFreeBased,1500,180000,121266,1070,0
LockFreeBased,1600,180000,180000,1583,1
LockFreeBased,1600,180000,149241,1213,0
LockFreeBased,1700,180000,180000,1791,1
LockFreeBased,1700,180000,144874,1051,0
LockFreeBased,1800,180000,180000,2468,1
LockFreeBased,1800,180000,65369,715,0
LockFreeBased,1900,180000,180000,1362,1
LockFreeBased,1900,180000,175720,1379,0
LockFreeBased,2000,180000,180000,1439,1
LockFreeBased,2000,180000,180000,1744,0
LockFreeBased,100,181000,181000,1454,1
LockFreeBased,100,181000,162399,1195,0
LockFreeBased,200,181000,181000,1322,1
LockFreeBased,200,181000,102552,1010,0
LockFreeBased,300,181000,181000,3002,1
LockFreeBased,300,181000,146673,1480,0
LockFreeBased,400,181000,181000,1595,1
LockFreeBased,400,181000,174204,1419,0
LockFreeBased,500,181000,181000,1365,1
LockFreeBased,500,181000,160364,1463,0
LockFreeBased,600,181000,181000,1502,1
LockFreeBased,600,181000,154524,1278,0
LockFreeBased,700,181000,181000,1342,1
LockFreeBased,700,181000,82595,697,0
LockFreeBased,800,181000,181000,1381,1
LockFreeBased,800,181000,181000,1181,0
LockFreeBased,900,181000,181000,1405,1
LockFreeBased,900,181000,181000,1726,0
LockFreeBased,1000,181000,181000,1580,1
LockFreeBased,1000,181000,111348,882,0
LockFreeBased,1100,181000,181000,1372,1
LockFreeBased,1100,181000,170324,1960,0
LockFreeBased,1200,181000,181000,1421,1
LockFreeBased,1200,181000,12589,343,0
LockFreeBased,1300,181000,181000,1810,1
LockFreeBased,1300,181000,164347,1039,0
LockFreeBased,1400,181000,181000,2747,1
LockFreeBased,1400,181000,181000,1820,0
LockFreeBased,1500,181000,181000,1595,1
LockFreeBased,1500,181000,77255,1991,0
LockFreeBased,1600,181000,181000,1466,1
LockFreeBased,1600,181000,77852,758,0
LockFreeBased,1700,181000,181000,2049,1
LockFreeBased,1700,181000,145890,971,0
LockFreeBased,1800,181000,181000,1248,1
LockFreeBased,1800,181000,181000,1278,0
LockFreeBased,1900,181000,181000,1139,1
LockFreeBased,1900,181000,181000,1200,0
LockFreeBased,2000,181000,181000,1593,1
LockFreeBased,2000,181000,181000,1177,0
LockFreeBased,100,182000,182000,1472,1
LockFreeBased,100,182000,28556,468,0
LockFreeBased,200,182000,182000,1849,1
LockFreeBased,200,182000,78205,726,0
LockFreeBased,300,182000,182000,1414,1
LockFreeBased,300,182000,182000,1295,0
LockFreeBased,400,182000,182000,1556,1
LockFreeBased,400,182000,148195,1220,0
LockFreeBased,500,182000,182000,1364,1
LockFreeBased,500,182000,177560,1517,0
LockFreeBased,600,182000,182000,1408,1
LockFreeBased,600,182000,110925,1113,0
LockFreeBased,700,182000,182000,1395,1
LockFreeBased,700,182000,182000,1399,0
LockFreeBased,800,182000,182000,1334,1
LockFreeBased,800,182000,120353,1277,0
LockFreeBased,900,182000,182000,1404,1
LockFreeBased,900,182000,177386,1289,0
LockFreeBased,1000,182000,182000,1269,1
LockFreeBased,1000,182000,179409,1840,0
LockFreeBased,1100,182000,182000,1405,1
LockFreeBased,1100,182000,177108,1427,0
LockFreeBased,1200,182000,182000,1586,1
LockFreeBased,1200,182000,182000,1490,0
LockFreeBased,1300,182000,182000,1875,1
LockFreeBased,1300,182000,133190,1300,0
LockFreeBased,1400,182000,182000,2317,1
LockFreeBased,1400,182000,181117,1669,0
LockFreeBased,1500,182000,182000,1395,1
LockFreeBased,1500,182000,165723,1326,0
LockFreeBased,1600,182000,182000,1510,1
LockFreeBased,1600,182000,110075,1033,0
LockFreeBased,1700,182000,182000,1394,1
LockFreeBased,1700,182000,167213,1262,0
LockFreeBased,1800,182000,182000,1280,1
LockFreeBased,1800,182000,182000,1375,0
LockFreeBased,1900,182000,182000,1765,1
LockFreeBased,1900,182000,49118,892,0
LockFreeBased,2000,182000,182000,1778,1
LockFreeBased,2000,182000,91937,928,0
LockFreeBased,100,183000,183000,1582,1
LockFreeBased,100,183000,164259,1687,0
LockFreeBased,200,183000,183000,1463,1
LockFreeBased,200,183000,178335,1242,0
LockFreeBased,300,183000,183000,1462,1
LockFreeBased,300,183000,128245,997,0
LockFreeBased,400,183000,183000,1436,1
LockFreeBased,400,183000,169580,1650,0
LockFreeBased,500,183000,183000,1387,1
LockFreeBased,500,183000,182909,1254,0
LockFreeBased,600,183000,183000,1605,1
LockFreeBased,600,183000,165190,1435,0
LockFreeBased,700,183000,183000,1314,1
LockFreeBased,700,183000,171437,1325,0
LockFreeBased,800,183000,183000,1619,1
LockFreeBased,800,183000,164539,1062,0
LockFreeBased,900,183000,183000,1459,1
LockFreeBased,900,183000,183000,1355,0
LockFreeBased,1000,183000,183000,1417,1
LockFreeBased,1000,183000,110009,1065,0
LockFreeBased,1100,183000,183000,1475,1
LockFreeBased,1100,183000,145499,1700,0
LockFreeBased,1200,183000,183000,1198,1
LockFreeBased,1200,183000,141140,1317,0
LockFreeBased,1300,183000,183000,1545,1
LockFreeBased,1300,183000,163645,1287,0
LockFreeBased,1400,183000,183000,1414,1
LockFreeBased,1400,183000,168450,1385,0
LockFreeBased,1500,183000,183000,1420,1
LockFreeBased,1500,183000,167320,1341,0
LockFreeBased,1600,183000,183000,1595,1
LockFreeBased,1600,183000,170572,1374,0
LockFreeBased,1700,183000,183000,1386,1
LockFreeBased,1700,183000,166939,1339,0
LockFreeBased,1800,183000,183000,1937,1
LockFreeBased,1800,183000,157813,1290,0
LockFreeBased,1900,183000,183000,1911,1
LockFreeBased,1900,183000,162368,1112,0
LockFreeBased,2000,183000,183000,1177,1
LockFreeBased,2000,183000,183000,1990,0
LockFreeBased,100,184000,184000,2111,1
LockFreeBased,100,184000,170579,1170,0
LockFreeBased,200,184000,184000,1265,1
LockFreeBased,200,184000,177450,1975,0
LockFreeBased,300,184000,184000,1198,1
LockFreeBased,300,184000,68231,579,0
LockFreeBased,400,184000,184000,1758,1
LockFreeBased,400,184000,180609,1497,0
LockFreeBased,500,184000,184000,1434,1
LockFreeBased,500,184000,184000,1988,0
LockFreeBased,600,184000,184000,1287,1
LockFreeBased,600,184000,181176,1691,0
LockFreeBased,700,184000,184000,1449,1
LockFreeBased,700,184000,176082,1336,0
LockFreeBased,800,184000,184000,1420,1
LockFreeBased,800,184000,179325,1528,0
LockFreeBased,900,184000,184000,1905,1
LockFreeBased,900,184000,129719,1334,0
LockFreeBased,1000,184000,184000,1343,1
LockFreeBased,1000,184000,163258,1219,0
LockFreeBased,1100,184000,184000,1644,1
LockFreeBased,1100,184000,99235,957,0
LockFreeBased,1200,184000,184000,1433,1
LockFreeBased,1200,184000,177264,1496,0
LockFreeBased,1300,184000,184000,1437,1
LockFreeBased,1300,184000,181225,1601,0
LockFreeBased,1400,184000,184000,1486,1
LockFreeBased,1400,184000,144743,1203,0
LockFreeBased,1500,184000,184000,1753,1
LockFreeBased,1500,184000,155583,1424,0
LockFreeBased,1600,184000,184000,4822,1
LockFreeBased,1600,184000,177735,2647,0
LockFreeBased,1700,184000,184000,2414,1
LockFreeBased,1700,184000,182559,1968,0
LockFreeBased,1800,184000,184000,1792,1
LockFreeBased,1800,184000,181583,1373,0
LockFreeBased,1900,184000,184000,1699,1
LockFreeBased,1900,184000,157177,2444,0
LockFreeBased,2000,184000,184000,1294,1
LockFreeBased,2000,184000,170443,1285,0
LockFreeBased,100,185000,185000,1209,1
LockFreeBased,100,185000,128096,1058,0
LockFreeBased,200,185000,185000,1480,1
LockFreeBased,200,185000,179593,1601,0
LockFreeBased,300,185000,185000,1149,1
LockFreeBased,300,185000,79529,646,0
LockFreeBased,400,185000,185000,1448,1
LockFreeBased,400,185000,159639,1779,0
LockFreeBased,500,185000,185000,1741,1
LockFreeBased,500,185000,137398,1082,0
LockFreeBased,600,185000,185000,1895,1
LockFreeBased,600,185000,89854,723,0
LockFreeBased,700,185000,185000,1224,1
LockFreeBased,700,185000,73784,736,0
LockFreeBased,800,185000,185000,1498,1
LockFreeBased,800,185000,185000,1489,0
LockFreeBased,900,185000,185000,1501,1
LockFreeBased,900,185000,185000,1915,0
LockFreeBased,1000,185000,185000,1261,1
LockFreeBased,1000,185000,149164,1075,0
LockFreeBased,1100,185000,185000,1205,1
LockFreeBased,1100,185000,118902,1327,0
LockFreeBased,1200,185000,185000,1587,1
LockFreeBased,1200,185000,167160,1232,0
LockFreeBased,1300,185000,185000,1632,1
LockFreeBased,1300,185000,155688,1215,0
LockFreeBased,1400,185000,185000,1378,1
LockFreeBased,1400,185000,176603,1371,0
LockFreeBased,1500,185000,185000,1512,1
LockFreeBased,1500,185000,185000,1551,0
LockFreeBased,1600,185000,185000,1365,1
LockFreeBased,1600,185000,181558,1483,0
LockFreeBased,1700,185000,185000,1533,1
LockFreeBased,1700,185000,177676,1147,0
LockFreeBased,1800,185000,185000,1404,1
LockFreeBased,1800,185000,181138,1589,0
LockFreeBased,1900,185000,185000,1452,1
LockFreeBased,1900,185000,148237,1359,0
LockFreeBased,2000,185000,185000,1168,1
LockFreeBased,2000,185000,183982,1511,0
LockFreeBased,100,186000,186000,1588,1
LockFreeBased,100,186000,9433,400,0
LockFreeBased,200,186000,186000,1303,1
LockFreeBased,200,186000,170942,1304,0
LockFreeBased,300,186000,186000,1293,1
LockFreeBased,300,186000,134247,1025,0
LockFreeBased,400,186000,186000,2001,1
LockFreeBased,400,186000,177349,1566,0
LockFreeBased,500,186000,186000,1386,1
LockFreeBased,500,186000,186000,1717,0
LockFreeBased,600,186000,186000,1437,1
LockFreeBased,600,186000,148796,1252,0
LockFreeBased,700,186000,186000,1481,1
LockFreeBased,700,186000,179972,1553,0
LockFreeBased,800,186000,186000,1478,1
LockFreeBased,800,186000,157089,1245,0
LockFreeBased,900,186000,186000,1861,1
LockFreeBased,900,186000,135670,1521,0
LockFreeBased,1000,186000,186000,1505,1
LockFreeBased,1000,186000,133327,1149,0
LockFreeBased,1100,186000,186000,1569,1
LockFreeBased,1100,186000,167863,1149,0
LockFreeBased,1200,186000,186000,1320,1
LockFreeBased,1200,186000,165852,1165,0
LockFreeBased,1300,186000,186000,1402,1
LockFreeBased,1300,186000,67157,1523,0
LockFreeBased,1400,186000,186000,1352,1
LockFreeBased,1400,186000,179809,1304,0
LockFreeBased,1500,186000,186000,1506,1
LockFreeBased,1500,186000,186000,1555,0
LockFreeBased,1600,186000,186000,1667,1
LockFreeBased,1600,186000,125326,1290,0
LockFreeBased,1700,186000,186000,1709,1
LockFreeBased,1700,186000,177730,1456,0
LockFreeBased,1800,186000,186000,1402,1
LockFreeBased,1800,186000,180485,1530,0
LockFreeBased,1900,186000,186000,1934,1
LockFreeBased,1900,186000,57989,944,0
LockFreeBased,2000,186000,186000,1171,1
LockFreeBased,2000,186000,47497,550,0
LockFreeBased,100,187000,187000,1197,1
LockFreeBased,100,187000,149256,1216,0
LockFreeBased,200,187000,187000,1864,1
LockFreeBased,200,187000,158586,1430,0
LockFreeBased,300,187000,187000,1477,1
LockFreeBased,300,187000,87368,885,0
LockFreeBased,400,187000,187000,1491,1
LockFreeBased,400,187000,117928,1051,0
LockFreeBased,500,187000,187000,2783,1
LockFreeBased,500,187000,135078,842,0
LockFreeBased,600,187000,187000,1297,1
LockFreeBased,600,187000,174289,1102,0
LockFreeBased,700,187000,187000,1247,1
LockFreeBased,700,187000,150313,1096,0
LockFreeBased,800,187000,187000,1312,1
LockFreeBased,800,187000,175844,1488,0
LockFreeBased,900,187000,187000,1722,1
LockFreeBased,900,187000,103445,1023,0
LockFreeBased,1000,187000,187000,1843,1
LockFreeBased,1000,187000,167904,1406,0
LockFreeBased,1100,187000,187000,1581,1
LockFreeBased,1100,187000,185121,1611,0
LockFreeBased,1200,187000,187000,1407,1
LockFreeBased,1200,187000,182754,1829,0
LockFreeBased,1300,187000,187000,1190,1
LockFreeBased,1300,187000,164988,1267,0
LockFreeBased,1400,187000,187000,1843,1
LockFreeBased,1400,187000,73065,632,0
LockFreeBased,1500,187000,187000,1361,1
LockFreeBased,1500,187000,183577,1342,0
LockFreeBased,1600,187000,187000,1416,1
LockFreeBased,1600,187000,127212,874,0
LockFreeBased,1700,187000,187000,1149,1
LockFreeBased,1700,187000,187000,1324,0
LockFreeBased,1800,187000,187000,1406,1
LockFreeBased,1800,187000,187000,1744,0
LockFreeBased,1900,187000,187000,1161,1
LockFreeBased,1900,187000,183977,1224,0
LockFreeBased,2000,187000,187000,1467,1
LockFreeBased,2000,187000,170145,1256,0
LockFreeBased,100,188000,188000,2744,1
LockFreeBased,100,188000,144373,1407,0
LockFreeBased,200,188000,188000,1553,1
LockFreeBased,200,188000,175762,1705,0
LockFreeBased,300,188000,188000,3333,1
LockFreeBased,300,188000,98669,1047,0
LockFreeBased,400,188000,188000,1952,1
LockFreeBased,400,188000,161098,1156,0
LockFreeBased,500,188000,188000,2914,1
LockFreeBased,500,188000,53284,1014,0
LockFreeBased,600,188000,188000,1737,1
LockFreeBased,600,188000,188000,1702,0
LockFreeBased,700,188000,188000,1660,1
LockFreeBased,700,188000,127011,1649,0
LockFreeBased,800,188000,188000,1710,1
LockFreeBased,800,188000,185731,1659,0
LockFreeBased,900,188000,188000,1668,1
LockFreeBased,900,188000,188000,1484,0
LockFreeBased,1000,188000,188000,1507,1
LockFreeBased,1000,188000,119466,1583,0
LockFreeBased,1100,188000,188000,1638,1
LockFreeBased,1100,188000,177743,1455,0
LockFreeBased,1200,188000,188000,1514,1
LockFreeBased,1200,188000,172560,1581,0
LockFreeBased,1300,188000,188000,1460,1
LockFreeBased,1300,188000,188000,1361,0
LockFreeBased,1400,188000,188000,1486,1
LockFreeBased,1400,188000,187211,1628,0
LockFreeBased,1500,188000,188000,1557,1
LockFreeBased,1500,188000,174750,1533,0
LockFreeBased,1600,188000,188000,2178,1
LockFreeBased,1600,188000,143709,1779,0
LockFreeBased,1700,188000,188000,1830,1
LockFreeBased,1700,188000,183158,1528,0
LockFreeBased,1800,188000,188000,2247,1
LockFreeBased,1800,188000,188000,2033,0
LockFreeBased,1900,188000,188000,3720,1
LockFreeBased,1900,188000,188000,2071,0
LockFreeBased,2000,188000,188000,2842,1
LockFreeBased,2000,188000,187627,1165,0
LockFreeBased,100,189000,189000,1745,1
LockFreeBased,100,189000,184287,2106,0
LockFreeBased,200,189000,189000,1525,1
LockFreeBased,200,189000,153375,1158,0
LockFreeBased,300,189000,189000,1177,1
LockFreeBased,300,189000,141708,1088,0
LockFreeBased,400,189000,189000,1457,1
LockFreeBased,400,189000,185321,1987,0
LockFreeBased,500,189000,189000,1341,1
LockFreeBased,500,189000,174189,1213,0
LockFreeBased,600,189000,189000,1707,1
LockFreeBased,600,189000,121278,1103,0
LockFreeBased,700,189000,189000,1582,1
LockFreeBased,700,189000,189000,1730,0
LockFreeBased,800,189000,189000,1871,1
LockFreeBased,800,189000,184356,1445,0
LockFreeBased,900,189000,189000,1294,1
LockFreeBased,900,189000,179852,1212,0
LockFreeBased,1000,189000,189000,1990,1
LockFreeBased,1000,189000,105712,2275,0
LockFreeBased,1100,189000,189000,2145,1
LockFreeBased,1100,189000,159396,1011,0
LockFreeBased,1200,189000,189000,1461,1
LockFreeBased,1200,189000,186728,2038,0
LockFreeBased,1300,189000,189000,1316,1
LockFreeBased,1300,189000,189000,1279,0
LockFreeBased,1400,189000,189000,1537,1
LockFreeBased,1400,189000,176524,1427,0
LockFreeBased,1500,189000,189000,2045,1
LockFreeBased,1500,189000,36852,541,0
LockFreeBased,1600,189000,189000,1582,1
LockFreeBased,1600,189000,84711,718,0
LockFreeBased,1700,189000,189000,1416,1
LockFreeBased,1700,189000,157987,1497,0
LockFreeBased,1800,189000,189000,1496,1
LockFreeBased,1800,189000,173546,1474,0
LockFreeBased,1900,189000,189000,1452,1
LockFreeBased,1900,189000,170278,1364,0
LockFreeBased,2000,189000,189000,1507,1
LockFreeBased,2000,189000,140593,1123,0
LockFreeBased,100,190000,190000,1454,1
LockFreeBased,100,190000,161550,1301,0
LockFreeBased,200,190000,190000,1444,1
LockFreeBased,200,190000,123722,1405,0
LockFreeBased,300,190000,190000,1801,1
LockFreeBased,300,190000,179008,1346,0
LockFreeBased,400,190000,190000,1910,1
LockFreeBased,400,190000,183128,1412,0
LockFreeBased,500,190000,190000,1611,1
LockFreeBased,500,190000,113896,1034,0
LockFreeBased,600,190000,190000,1425,1
LockFreeBased,600,190000,141728,1255,0
LockFreeBased,700,190000,190000,3072,1
LockFreeBased,700,190000,94773,846,0
LockFreeBased,800,190000,190000,1493,1
LockFreeBased,800,190000,99383,1130,0
LockFreeBased,900,190000,190000,1890,1
LockFreeBased,900,190000,171407,1146,0
LockFreeBased,1000,190000,190000,1405,1
LockFreeBased,1000,190000,184974,1358,0
LockFreeBased,1100,190000,190000,1314,1
LockFreeBased,1100,190000,184310,1425,0
LockFreeBased,1200,190000,190000,1533,1
LockFreeBased,1200,190000,113944,874,0
LockFreeBased,1300,190000,190000,1391,1
LockFreeBased,1300,190000,156125,1216,0
LockFreeBased,1400,190000,190000,2381,1
LockFreeBased,1400,190000,120822,1095,0
LockFreeBased,1500,190000,190000,1505,1
LockFreeBased,1500,190000,186729,1466,0
LockFreeBased,1600,190000,190000,1723,1
LockFreeBased,1600,190000,165523,1177,0
LockFreeBased,1700,190000,190000,1780,1
LockFreeBased,1700,190000,177496,1355,0
LockFreeBased,1800,190000,190000,1439,1
LockFreeBased,1800,190000,148966,1058,0
LockFreeBased,1900,190000,190000,1277,1
LockFreeBased,1900,190000,172599,1343,0
LockFreeBased,2000,190000,190000,1527,1
LockFreeBased,2000,190000,166469,1059,0
LockFreeBased,100,191000,191000,1614,1
LockFreeBased,100,191000,190795,1493,0
LockFreeBased,200,191000,191000,1575,1
LockFreeBased,200,191000,182825,1464,0
LockFreeBased,300,191000,191000,1594,1
LockFreeBased,300,191000,98984,1015,0
LockFreeBased,400,191000,191000,1225,1
LockFreeBased,400,191000,34820,501,0
LockFreeBased,500,191000,191000,1357,1
LockFreeBased,500,191000,164043,1175,0
LockFreeBased,600,191000,191000,1397,1
LockFreeBased,600,191000,599,435,0
LockFreeBased,700,191000,191000,2201,1
LockFreeBased,700,191000,189900,1853,0
LockFreeBased,800,191000,191000,1313,1
LockFreeBased,800,191000,178528,1328,0
LockFreeBased,900,191000,191000,1580,1
LockFreeBased,900,191000,130204,1076,0
LockFreeBased,1000,191000,191000,1595,1
LockFreeBased,1000,191000,175106,1367,0
LockFreeBased,1100,191000,191000,1464,1
LockFreeBased,1100,191000,191000,1490,0
LockFreeBased,1200,191000,191000,4351,1
LockFreeBased,1200,191000,136045,2396,0
LockFreeBased,1300,191000,191000,1836,1
LockFreeBased,1300,191000,162529,1933,0
LockFreeBased,1400,191000,191000,2021,1
LockFreeBased,1400,191000,168675,1494,0
LockFreeBased,1500,191000,191000,2109,1
LockFreeBased,1500,191000,185908,1312,0
LockFreeBased,1600,191000,191000,1266,1
LockFreeBased,1600,191000,188617,1403,0
LockFreeBased,1700,191000,191000,1644,1
LockFreeBased,1700,191000,182488,1156,0
LockFreeBased,1800,191000,191000,1290,1
LockFreeBased,1800,191000,177783,1363,0
LockFreeBased,1900,191000,191000,1590,1
LockFreeBased,1900,191000,127296,1083,0
LockFreeBased,2000,191000,191000,1395,1
LockFreeBased,2000,191000,146492,1024,0
LockFreeBased,100,192000,192000,1368,1
LockFreeBased,100,192000,185157,1394,0
LockFreeBased,200,192000,192000,1472,1
LockFreeBased,200,192000,76029,827,0
LockFreeBased,300,192000,192000,1625,1
LockFreeBased,300,192000,47475,681,0
LockFreeBased,400,192000,192000,1398,1
LockFreeBased,400,192000,153277,1201,0
LockFreeBased,500,192000,192000,1477,1
LockFreeBased,500,192000,73292,720,0
LockFreeBased,600,192000,192000,1601,1
LockFreeBased,600,192000,25690,469,0
LockFreeBased,700,192000,192000,1853,1
LockFreeBased,700,192000,41066,465,0
LockFreeBased,800,192000,192000,1183,1
LockFreeBased,800,192000,40060,480,0
LockFreeBased,900,192000,192000,1992,1
LockFreeBased,900,192000,173783,1261,0
LockFreeBased,1000,192000,192000,1750,1
LockFreeBased,1000,192000,171607,1386,0
LockFreeBased,1100,192000,192000,1314,1
LockFreeBased,1100,192000,186409,1475,0
LockFreeBased,1200,192000,192000,1455,1
LockFreeBased,1200,192000,120345,1182,0
LockFreeBased,1300,192000,192000,1599,1
LockFreeBased,1300,192000,173496,1423,0
LockFreeBased,1400,192000,192000,1524,1
LockFreeBased,1400,192000,184734,1374,0
LockFreeBased,1500,192000,192000,1472,1
LockFreeBased,1500,192000,175240,1394,0
LockFreeBased,1600,192000,192000,2881,1
LockFreeBased,1600,192000,139633,1147,0
LockFreeBased,1700,192000,192000,1491,1
LockFreeBased,1700,192000,185566,1487,0
LockFreeBased,1800,192000,192000,1407,1
LockFreeBased,1800,192000,121209,1065,0
LockFreeBased,1900,192000,192000,1446,1
LockFreeBased,1900,192000,192000,1512,0
LockFreeBased,2000,192000,192000,1527,1
LockFreeBased,2000,192000,185348,1397,0
LockFreeBased,100,193000,193000,1602,1
LockFreeBased,100,193000,146732,1288,0
LockFreeBased,200,193000,193000,1572,1
LockFreeBased,200,193000,151028,1201,0
LockFreeBased,300,193000,193000,1464,1
LockFreeBased,300,193000,174972,1431,0
LockFreeBased,400,193000,193000,1456,1
LockFreeBased,400,193000,156383,1162,0
LockFreeBased,500,193000,193000,1387,1
LockFreeBased,500,193000,156549,1307,0
LockFreeBased,600,193000,193000,1445,1
LockFreeBased,600,193000,168005,2068,0
LockFreeBased,700,193000,193000,1415,1
LockFreeBased,700,193000,101282,1095,0
LockFreeBased,800,193000,193000,1723,1
LockFreeBased,800,193000,187836,1527,0
LockFreeBased,900,193000,193000,1444,1
LockFreeBased,900,193000,173262,1135,0
LockFreeBased,1000,193000,193000,1353,1
LockFreeBased,1000,193000,192061,1474,0
LockFreeBased,1100,193000,193000,1458,1
LockFreeBased,1100,193000,181128,1482,0
LockFreeBased,1200,193000,193000,1494,1
LockFreeBased,1200,193000,160728,1262,0
LockFreeBased,1300,193000,193000,1630,1
LockFreeBased,1300,193000,99158,1648,0
LockFreeBased,1400,193000,193000,1617,1
LockFreeBased,1400,193000,186918,1475,0
LockFreeBased,1500,193000,193000,1921,1
LockFreeBased,1500,193000,189370,1583,0
LockFreeBased,1600,193000,193000,1441,1
LockFreeBased,1600,193000,144527,1475,0
LockFreeBased,1700,193000,193000,1576,1
LockFreeBased,1700,193000,163164,1293,0
LockFreeBased,1800,193000,193000,1465,1
LockFreeBased,1800,193000,157997,1434,0
LockFreeBased,1900,193000,193000,1779,1
LockFreeBased,1900,193000,175688,1430,0
LockFreeBased,2000,193000,193000,1629,1
LockFreeBased,2000,193000,190891,1651,0
LockFreeBased,100,194000,194000,1637,1
LockFreeBased,100,194000,179674,1617,0
LockFreeBased,200,194000,194000,1443,1
LockFreeBased,200,194000,179268,1782,0
LockFreeBased,300,194000,194000,1340,1
LockFreeBased,300,194000,116408,1040,0
LockFreeBased,400,194000,194000,1154,1
LockFreeBased,400,194000,105660,975,0
LockFreeBased,500,194000,194000,1925,1
LockFreeBased,500,194000,61910,855,0
LockFreeBased,600,194000,194000,1508,1
LockFreeBased,600,194000,175530,1404,0
LockFreeBased,700,194000,194000,1728,1
LockFreeBased,700,194000,194000,1463,0
LockFreeBased,800,194000,194000,1534,1
LockFreeBased,800,194000,146328,1225,0
LockFreeBased,900,194000,194000,1518,1
LockFreeBased,900,194000,93646,931,0
LockFreeBased,1000,194000,194000,2640,1
LockFreeBased,1000,194000,159209,1348,0
LockFreeBased,1100,194000,194000,1496,1
LockFreeBased,1100,194000,189049,1689,0
LockFreeBased,1200,194000,194000,4257,1
LockFreeBased,1200,194000,96049,921,0
LockFreeBased,1300,194000,194000,2476,1
LockFreeBased,1300,194000,161241,1673,0
LockFreeBased,1400,194000,194000,2968,1
LockFreeBased,1400,194000,110487,1180,0
LockFreeBased,1500,194000,194000,2073,1
LockFreeBased,1500,194000,69529,930,0
LockFreeBased,1600,194000,194000,1272,1
LockFreeBased,1600,194000,175613,1243,0
LockFreeBased,1700,194000,194000,1395,1
LockFreeBased,1700,194000,162830,1187,0
LockFreeBased,1800,194000,194000,1581,1
LockFreeBased,1800,194000,175744,1321,0
LockFreeBased,1900,194000,194000,1438,1
LockFreeBased,1900,194000,177080,1389,0
LockFreeBased,2000,194000,194000,1485,1
LockFreeBased,2000,194000,189316,1481,0
LockFreeBased,100,195000,195000,1577,1
LockFreeBased,100,195000,126246,1038,0
LockFreeBased,200,195000,195000,1688,1
LockFreeBased,200,195000,187076,1437,0
LockFreeBased,300,195000,195000,1668,1
LockFreeBased,300,195000,134613,1155,0
LockFreeBased,400,195000,195000,2036,1
LockFreeBased,400,195000,42208,581,0
LockFreeBased,500,195000,195000,1527,1
LockFreeBased,500,195000,39340,417,0
LockFreeBased,600,195000,195000,1224,1
LockFreeBased,600,195000,144501,1175,0
LockFreeBased,700,195000,195000,1672,1
LockFreeBased,700,195000,172318,1411,0
LockFreeBased,800,195000,195000,1687,1
LockFreeBased,800,195000,187140,1057,0
LockFreeBased,900,195000,195000,1444,1
LockFreeBased,900,195000,195000,1320,0
LockFreeBased,1000,195000,195000,2612,1
LockFreeBased,1000,195000,166265,1414,0
LockFreeBased,1100,195000,195000,2089,1
LockFreeBased,1100,195000,194426,1573,0
LockFreeBased,1200,195000,195000,1747,1
LockFreeBased,1200,195000,180105,1418,0
LockFreeBased,1300,195000,195000,1476,1
LockFreeBased,1300,195000,194549,1139,0
LockFreeBased,1400,195000,195000,1720,1
LockFreeBased,1400,195000,174534,1295,0
LockFreeBased,1500,195000,195000,1710,1
LockFreeBased,1500,195000,189697,1884,0
LockFreeBased,1600,195000,195000,1761,1
LockFreeBased,1600,195000,187092,1524,0
LockFreeBased,1700,195000,195000,1743,1
LockFreeBased,1700,195000,183212,1813,0
LockFreeBased,1800,195000,195000,1717,1
LockFreeBased,1800,195000,182565,1448,0
LockFreeBased,1900,195000,195000,1929,1
LockFreeBased,1900,195000,190463,1289,0
LockFreeBased,2000,195000,195000,1643,1
LockFreeBased,2000,195000,56710,620,0
LockFreeBased,100,196000,196000,1541,1
LockFreeBased,100,196000,189879,1374,0
LockFreeBased,200,196000,196000,1538,1
LockFreeBased,200,196000,178435,1424,0
LockFreeBased,300,196000,196000,2252,1
LockFreeBased,300,196000,111137,1355,0
LockFreeBased,400,196000,196000,1394,1
LockFreeBased,400,196000,76894,757,0
LockFreeBased,500,196000,196000,1537,1
LockFreeBased,500,196000,192284,1964,0
LockFreeBased,600,196000,196000,1879,1
LockFreeBased,600,196000,178974,1494,0
LockFreeBased,700,196000,196000,1377,1
LockFreeBased,700,196000,190017,1379,0
LockFreeBased,800,196000,196000,1957,1
LockFreeBased,800,196000,98328,2202,0
LockFreeBased,900,196000,196000,1890,1
LockFreeBased,900,196000,196000,1264,0
LockFreeBased,1000,196000,196000,1437,1
LockFreeBased,1000,196000,180733,1364,0
LockFreeBased,1100,196000,196000,1494,1
LockFreeBased,1100,196000,171316,1380,0
LockFreeBased,1200,196000,196000,2046,1
LockFreeBased,1200,196000,181640,1536,0
LockFreeBased,1300,196000,196000,1667,1
LockFreeBased,1300,196000,126830,1128,0
LockFreeBased,1400,196000,196000,1453,1
LockFreeBased,1400,196000,145109,1351,0
LockFreeBased,1500,196000,196000,1490,1
LockFreeBased,1500,196000,182554,1447,0
LockFreeBased,1600,196000,196000,2340,1
LockFreeBased,1600,196000,196000,1789,0
LockFreeBased,1700,196000,196000,1601,1
LockFreeBased,1700,196000,138501,1083,0
LockFreeBased,1800,196000,196000,2197,1
LockFreeBased,1800,196000,174489,1562,0
LockFreeBased,1900,196000,196000,1675,1
LockFreeBased,1900,196000,195258,2155,0
LockFreeBased,2000,196000,196000,1600,1
LockFreeBased,2000,196000,179706,1544,0
LockFreeBased,100,197000,197000,1670,1
LockFreeBased,100,197000,115294,986,0
LockFreeBased,200,197000,197000,1468,1
LockFreeBased,200,197000,170804,1254,0
LockFreeBased,300,197000,197000,1528,1
LockFreeBased,300,197000,185104,1754,0
LockFreeBased,400,197000,197000,1537,1
LockFreeBased,400,197000,157806,1465,0
LockFreeBased,500,197000,197000,1813,1
LockFreeBased,500,197000,175026,2056,0
LockFreeBased,600,197000,197000,1759,1
LockFreeBased,600,197000,180083,1264,0
LockFreeBased,700,197000,197000,1446,1
LockFreeBased,700,197000,159532,1178,0
LockFreeBased,800,197000,197000,1471,1
LockFreeBased,800,197000,143107,1163,0
LockFreeBased,900,197000,197000,1583,1
LockFreeBased,900,197000,151482,1120,0
LockFreeBased,1000,197000,197000,1525,1
LockFreeBased,1000,197000,154465,1218,0
LockFreeBased,1100,197000,197000,1790,1
LockFreeBased,1100,197000,197000,1527,0
LockFreeBased,1200,197000,197000,1715,1
LockFreeBased,1200,197000,188729,1506,0
LockFreeBased,1300,197000,197000,1825,1
LockFreeBased,1300,197000,157713,1389,0
LockFreeBased,1400,197000,197000,1859,1
LockFreeBased,1400,197000,172896,1349,0
LockFreeBased,1500,197000,197000,1564,1
LockFreeBased,1500,197000,107461,1034,0
LockFreeBased,1600,197000,197000,1968,1
LockFreeBased,1600,197000,143728,1315,0
LockFreeBased,1700,197000,197000,1510,1
LockFreeBased,1700,197000,164309,1333,0
LockFreeBased,1800,197000,197000,1510,1
LockFreeBased,1800,197000,168608,1285,0
LockFreeBased,1900,197000,197000,1502,1
LockFreeBased,1900,197000,197000,1470,0
LockFreeBased,2000,197000,197000,2701,1
LockFreeBased,2000,197000,186016,1192,0
LockFreeBased,100,198000,198000,1608,1
LockFreeBased,100,198000,81891,761,0
LockFreeBased,200,198000,198000,1630,1
LockFreeBased,200,198000,151070,1005,0
LockFreeBased,300,198000,198000,1323,1
LockFreeBased,300,198000,189867,1298,0
LockFreeBased,400,198000,198000,1693,1
LockFreeBased,400,198000,197988,1363,0
LockFreeBased,500,198000,198000,1454,1
LockFreeBased,500,198000,98949,859,0
LockFreeBased,600,198000,198000,1291,1
LockFreeBased,600,198000,78952,845,0
LockFreeBased,700,198000,198000,2195,1
LockFreeBased,700,198000,177016,2744,0
LockFreeBased,800,198000,198000,1409,1
LockFreeBased,800,198000,198000,1362,0
LockFreeBased,900,198000,198000,1677,1
LockFreeBased,900,198000,198000,1678,0
LockFreeBased,1000,198000,198000,1687,1
LockFreeBased,1000,198000,198000,1521,0
LockFreeBased,1100,198000,198000,1605,1
LockFreeBased,1100,198000,198000,1510,0
LockFreeBased,1200,198000,198000,2737,1
LockFreeBased,1200,198000,192719,2870,0
LockFreeBased,1300,198000,198000,1383,1
LockFreeBased,1300,198000,25203,538,0
LockFreeBased,1400,198000,198000,1408,1
LockFreeBased,1400,198000,114165,932,0
LockFreeBased,1500,198000,198000,1391,1
LockFreeBased,1500,198000,198000,1539,0
LockFreeBased,1600,198000,198000,1625,1
LockFreeBased,1600,198000,66401,790,0
LockFreeBased,1700,198000,198000,1482,1
LockFreeBased,1700,198000,169222,1922,0
LockFreeBased,1800,198000,198000,1536,1
LockFreeBased,1800,198000,198000,1488,0
LockFreeBased,1900,198000,198000,1546,1
LockFreeBased,1900,198000,194420,1507,0
LockFreeBased,2000,198000,198000,1547,1
LockFreeBased,2000,198000,170077,1272,0
LockFreeBased,100,199000,199000,1599,1
LockFreeBased,100,199000,102554,930,0
LockFreeBased,200,199000,199000,1545,1
LockFreeBased,200,199000,135235,1171,0
LockFreeBased,300,199000,199000,1575,1
LockFreeBased,300,199000,158906,1457,0
LockFreeBased,400,199000,199000,1667,1
LockFreeBased,400,199000,190784,1501,0
LockFreeBased,500,199000,199000,5139,1
LockFreeBased,500,199000,142359,2491,0
LockFreeBased,600,199000,199000,2663,1
LockFreeBased,600,199000,180163,1829,0
LockFreeBased,700,199000,199000,2048,1
LockFreeBased,700,199000,72707,894,0
LockFreeBased,800,199000,199000,1473,1
LockFreeBased,800,199000,188554,1359,0
LockFreeBased,900,199000,199000,1359,1
LockFreeBased,900,199000,194063,1319,0
LockFreeBased,1000,199000,199000,2013,1
LockFreeBased,1000,199000,199000,1477,0
LockFreeBased,1100,199000,199000,1528,1
LockFreeBased,1100,199000,166525,1403,0
LockFreeBased,1200,199000,199000,1565,1
LockFreeBased,1200,199000,127513,1085,0
LockFreeBased,1300,199000,199000,1921,1
LockFreeBased,1300,199000,190850,1532,0
LockFreeBased,1400,199000,199000,1998,1
LockFreeBased,1400,199000,184691,1509,0
LockFreeBased,1500,199000,199000,1330,1
LockFreeBased,1500,199000,198034,1351,0
LockFreeBased,1600,199000,199000,1464,1
LockFreeBased,1600,199000,192405,1507,0
LockFreeBased,1700,199000,199000,1627,1
LockFreeBased,1700,199000,165962,2268,0
LockFreeBased,1800,199000,199000,1282,1
LockFreeBased,1800,199000,162234,1191,0
LockFreeBased,1900,199000,199000,1665,1
LockFreeBased,1900,199000,196181,1454,0
LockFreeBased,2000,199000,199000,1399,1
LockFreeBased,2000,199000,188603,1278,0
LockFreeBased,100,200000,200000,1619,1
LockFreeBased,100,200000,184939,1373,0
LockFreeBased,200,200000,200000,1522,1
LockFreeBased,200,200000,175466,1270,0
LockFreeBased,300,200000,200000,1505,1
LockFreeBased,300,200000,165156,1225,0
LockFreeBased,400,200000,200000,1520,1
LockFreeBased,400,200000,133615,1386,0
LockFreeBased,500,200000,200000,1499,1
LockFreeBased,500,200000,200000,1557,0
LockFreeBased,600,200000,200000,1554,1
LockFreeBased,600,200000,192304,1534,0
LockFreeBased,700,200000,200000,1520,1
LockFreeBased,700,200000,158862,1395,0
LockFreeBased,800,200000,200000,1543,1
LockFreeBased,800,200000,192773,1933,0
LockFreeBased,900,200000,200000,1538,1
LockFreeBased,900,200000,128734,1751,0
LockFreeBased,1000,200000,200000,1763,1
LockFreeBased,1000,200000,173097,1517,0
LockFreeBased,1100,200000,200000,2788,1
LockFreeBased,1100,200000,176922,1202,0
LockFreeBased,1200,200000,200000,1395,1
LockFreeBased,1200,200000,200000,1428,0
LockFreeBased,1300,200000,200000,1451,1
LockFreeBased,1300,200000,150943,1071,0
LockFreeBased,1400,200000,200000,1508,1
LockFreeBased,1400,200000,193173,1752,0
LockFreeBased,1500,200000,200000,1666,1
LockFreeBased,1500,200000,109374,947,0
LockFreeBased,1600,200000,200000,1968,1
LockFreeBased,1600,200000,199528,1826,0
LockFreeBased,1700,200000,200000,1537,1
LockFreeBased,1700,200000,168831,1312,0
LockFreeBased,1800,200000,200000,1586,1
LockFreeBased,1800,200000,200000,1426,0
LockFreeBased,1900,200000,200000,2001,1
LockFreeBased,1900,200000,180718,1434,0
LockFreeBased,2000,200000,200000,2252,1
LockFreeBased,2000,200000,75653,1128,0
